Section,Category,Poziom,Type,Question,True 1,True 2,True 3,True 4,True 5,False 1,False 2,False 3,False 4,False 5,Zrodlo,Pewnosc
UKŁAD POKARMOWY,Działania niepożądane,lekarski,testowe,Czarne zabarwienie stolca powoduje podanie preparatów:,Bizmutu,Żelaza,,,,Wapnia,Glinu,,,,EGZ 2019 I termin,niska
UKŁAD POKARMOWY,Wskazania,lekarski,testowe,Uzasadnionym wskazaniem do przewlekłego stosowania inhibitorów pompy protonowej jest:,Choroba refluksowa żołądka,Profilaktyka gastropatii u osób leczonych niesteroidowymi lekami przeciwzapalnymi powyżej 65 r.ż,Eradykacja Helicobacter Pylori,,,Profilaktyka wrzodów stresowych,,,,,EGZ 2019 I termin,wysoka
UKŁAD POKARMOWY,Wskazania,lekarski,testowe,Wybierz prawidłowe połączenie lek – wskazanie,Mesalazyna – choroba Leśniowskiego crohna,Rifaksymina – biegunka podróżnych,Metylonaltrekson – zaparcia w trakcie terapii opioidami,,,Racekadotryl – śpiączka wątrobowa,,,,,EGZ 2019 I termin,wysoka
ZNIECZULENIA OGÓLNE,Klasyfikacja,lekarski,testowe,Do leków które wykazują miejscowe działanie przeciwbólowe po podaniu na skórę należy:,Kapsaicyna,Ketoprofen,,,,Propofol,Tiopental,,,,EGZ 2019 I termin,srednia
UKŁAD POKARMOWY,Działania niepożądane,lekarski,testowe,Ryzyko uszkodzenia wątroby przez paracetamol rośnie w przypadku:,Zespołu zależności alkoholowej (ZAA),Wygłodzenia (kacheksji),Indukcji enzymów mikrosomalnych wątroby,Przedawkowania,,,,,,,EGZ 2019 I termin,niska
BÓLE GŁOWY,Wskazania,lekarski,testowe,W przerywaniu bólów migrenowych stosuje się:,Kwas acetylosalicylowy,Dihydroergotaminę,Zolmitryptan,,,Morfinę,,,,,EGZ 2019 I termin,wysoka
JASKRA,Klasyfikacja,lekarski,testowe,Analogi prostaglandyny E1 mogą powodować,Hamowanie wydzielania soku żołądkowego,,,,,Poprawę odpływu cieczy wodnistej z oka,Rozszerzanie naczyń krwionośnych tętniczych,Hamowanie agregacji płytek krwi,,,EGZ 2019 I termin,niska
UKŁAD POKARMOWY,Mechanizm działania,lekarski,testowe,Substytucja enzymów trzustkowych jest wskazana:,W mukowiscydozie,Po resekcji trzustki,,,,W cukrzycy typu 1,W anoreksji,,,,EGZ 2019 I termin,niska
PADACZKA,Wskazania,lekarski,testowe,Wybierz prawidłowe połączenie lek – wskazanie do podania:,Haloperydol – agresja u pacjentów z ograniczonym uszkodzeniem mózgu,Betahistyna – zawroty głowy w przebiegu choroby Meniere’a,Topiramat – profilaktyka migreny,Lamotrygina – profilaktyka choroby afektywnej dwubiegunowej,,,,,,,EGZ 2019 I termin,srednia
FARMAKOKINETYKA,Farmakokinetyka,lekarski,testowe,Kwas acetylosalicylowy:,Ma eliminację metabolitów zgodnie z kinetyką I rzędu po podaniu małych dawek kardiologicznych,Może być przyczyną zapalenia jelita cienkiego,Po przedawkowaniu szybciej wydala się przez nerki po dożylnym podaniu wodorowęglanu sodu,,,Słabiej zapobiega powstawaniu zakrzepu na blaszce miażdżycowej,,,,,EGZ 2019 I termin,srednia
HEMOSTAZA,Antidotum,lekarski,testowe,Wskaż prawdziwe stwierdzenie dotyczące leczenia heparyną niefrakcjonowaną:,Może być podawana podskórnie ale jej biodostępność jest wtedy mała i zmienna osobniczo,Białka osoczowe mogą zmniejszać jej działanie przeciwkrzepliwe i być przyczyną oporności na leczenie,"Przedłużenie aPTT 1,5-2 razy w stosunku do wartości wyjściowej jest pożądanym efektem terapeutycznym",Jej antidotum jest siarczan protaminy,,,,,,,EGZ 2019 I termin,wysoka
UKŁAD PRZYWSPÓŁCZULNY,Przeciwwskazania,lekarski,testowe,Przeciwwskazaniem do podania cholinolityków jest:,Rozrost gruczołu krokowego,Jaskra,,,,Choroba wrzodowa żołądka i dwunastnicy,Choroba lokomocyjna,,,,EGZ 2019 I termin,srednia
HEMOSTAZA,Monitorowanie,lekarski,testowe,Warfaryna:,Jest sotosowana w profilaktyce i leczeniu żylnej choroby zakrzepowo-zatorowej,Może być przyczyną zespołu purpurowego palucha,,,,Wymaga utrzymania INR>4,Jest eliminowana niezmieniona przez nerki,,,,EGZ 2019 I termin,wysoka
HEMOSTAZA,Monitorowanie,lekarski,testowe,Fondaparynuks:,Jest stosowana u osób z zawałem serca z przetrwałym uniesieniem odcinka ST (STEMI) oraz bez jego uniesienia (NSTEMI),,,,,Wybiórczo hamuje czynnik IIa,W zalecanych dawkach hamuje istotnie wydłuża aPTT,Nie jest wydalany przez nerki i może być stosowany u pacjentów z klirensem kreatyniny poniżej 30ml/min,,,EGZ 2019 I termin,srednia
HEMOSTAZA,Sposób podania,lekarski,testowe,Bezpośrednim inhibitorem trombiny podawanym dożylnie jest:,Argatroban,Biwalirudyna,,,,Dabigatran,Dalteparyna,,,,EGZ 2019 I termin,wysoka
UKŁAD PRZYWSPÓŁCZULNY,Wskazania,lekarski,testowe,Odwracalne inhibitory acetylocholinesterazy są stosowane w leczeniu:,Nużliwości mięśni,Pooperacyjnej niedrożności jelit,Choroby Alzheimera,,,Zatruć związakmi fosfoorganicznymi,,,,,EGZ 2019 I termin,srednia
NADCIŚNIENIE TĘTNICZE,Klasyfikacja,lekarski,testowe,Zaznacza prawidłowe pary dotyczące leczenia uzależnień i wybranego leku:,Uzależnienie od alkoholu – nalmefen,Uzależnienie od heroiny – metadon,,,,Uzależnienie od nikotyny – klonidyna,Uzależnienie od amfetaminy – wereniklina,,,,EGZ 2019 I termin,niska
STANY NAGŁE,Działania niepożądane,lekarski,testowe,Wskaż prawidłowe pary płyn infuzyjny – możliwe działania niepożądane:,5% roztwór glukozy – hiponatremia,HES (hydroksyetylowana skrobia) – ostre uszkodzenie nerek,5% roztwór albuminy – anafilaksja,Dekstran 70000 – działanie przeciwkrzepliwe,,,,,,,EGZ 2019 I termin,srednia
NADCIŚNIENIE TĘTNICZE,Wskazania,lekarski,testowe,Wskaż prawidłowe stwierdzenie dotyczące leczenia hipotensyjnego:,Tiazydy mogą bezpośrednio oddziaływać na ścianę naczyń i zmniejszać systemowy opór naczyniowy,Pełny efekt hipotensyjny występuje po kilkunastu dniach leczenia,Blokada kotransportera Na-Cl w kanaliku dystalnym prowadzi do zwiększeniu natriurezy,,,Ich skuteczność w leczeniu przewlekłym wynika przede wszystkim ze zmniejszenia objętości osocza i rzutu serca,,,,,EGZ 2019 I termin,srednia
UKŁAD PRZYWSPÓŁCZULNY,Działania niepożądane,lekarski,testowe,Suksametonium może być przyczyną:,Drżenia włókienkowego mięśni szkieletowych,Zaburzeń oddychania,Zespołu hipertermii złośliwej,Długotrwałego efektu zwiotczającego u osób z dysfunkcją acetylocholinesterazy,,,,,,,EGZ 2019 I termin,srednia
UKŁAD ODDECHOWY,Wskazania,lekarski,testowe,W celu łagodzenia suchego kaszlu można wybrać:,Dekstrometorfan,Kodeinę,Butamirat,,,Bromheksynę,,,,,EGZ 2019 I termin,wysoka
LEKI PRZECIWPASOŻYTNICZE,Wskazania,lekarski,testowe,Albendazol stosowany jest w jelitowej infestacji:,Glistą ludzką,Tasiemcem uzbrojonym,Owsikami,,,Lambliami,,,,,EGZ 2019 I termin,wysoka
PADACZKA,Wskazania,lekarski,testowe,Napad paniki należy leczyć stosując doraźnie:,Techniki relaksacyjne,Alprazolam,,,,Pregabalinę,Fluoksetynę,,,,EGZ 2019 I termin,niska
UKŁAD WSPÓŁCZULNY,Działania niepożądane,lekarski,testowe,Fenoterol może być przyczyną:,Tachykardii,Drżenia mięśni,Hiperglikemii,Hamowania skurczów ciężarnej macicy,,,,,,,EGZ 2019 I termin,niska
UKŁAD WSPÓŁCZULNY,Mechanizm działania,lekarski,testowe,Długo działające beta2-mimetyki (LABA):,Podawane przewlekle powodują down-regulację receptorów beta2-adrenergicznych w oskrzelach,,,,,Nie powinny być podawane razem z glikokortykosteroidami które blokują wytwarzanie białek receptorów beta2-adrenergicznych,Mogą być przyczyną istotnej klinicznie hieprkaliemi,Wykazują działanie przeciwzapalne,,,EGZ 2019 I termin,wysoka
NIEOPIOIDOWE LEKI PRZECIWBÓLOWE,Działania niepożądane,lekarski,testowe,Wskaż prawidłowe stwierdzenie dotyczące NLPZ:,Ketoprofen powoduje większe ryzyko krwawienia z górnego odcinka przewodu pokarmowego niż ibuprofen,,,,,Meloksykam jest preferencyjnym inhibitorem COX-1,Zastąpienie drogi doustnej podania diklofenaku drogą doodbytniczą zmniejsza ryzyko wystąpienia działań niepożądanych,Nimesulid należy do najmniej hepatotoksycznych NLPZ,,,EGZ 2019 I termin,wysoka
NADCIŚNIENIE TĘTNICZE,Klasyfikacja,lekarski,testowe,Lekiem prkeursorowym jest:,Enalapryl,Cyklezonid,Lewodopa,,,Furosemid,,,,,EGZ 2019 I termin,niska
LEKI IMMUNOSUPRESYJNE,Wskazania,lekarski,testowe,Cyklosporyna:,Jest stosowana w zapobieganiu odrzucania przeszczepu allogenicznego narządów unaczynionych,Zwiększa ryzyko chorób rozrostowych układu chłonnego,,,,Jest rekombinowanym w pełni ludzkim przeciwciałem monoklonalnym,Neutralizuje biologiczną aktywność TNF,,,,EGZ 2019 I termin,srednia
HEMOSTAZA,Wskazania,lekarski,testowe,Do leków o udowodnionym korzystnym działaniu w profilaktyce wtórnej niedokrwiennego udaru mózgu należy:,Kwas acetylosalicylowy,Atorwastatyna,Klopidogrel,,,Kwas traneksamowy,,,,,EGZ 2019 I termin,srednia
CHOROBA PARKINSONA,Wskazania,lekarski,testowe,Lewodopa:,Jest jednym z najskuteczniejszych leków stosowanych w terapii choroby Parkinsona,Ma krótki okres półtrwania i dlatego wymaga wielokrotnego podawania w ciągu doby,Podczas długotrwałego leczenia może wywołać fluktuacje ruchowe i dyskinezy,Może wywoływać działania niepożądane ze strony przewodu pokarmowego,,,,,,,EGZ 2019 I termin,wysoka
HEMOSTAZA,Działania niepożądane,lekarski,testowe,Kokaina:,Hamuje wychwyt zwrotny dopaminy w szczelinie synaptycznej,Może powodować wystąpienie zawału mięśnia sercowego,Może powodować krwawienia wewnątrzczaszkowe,,,Hamuje aktywność receptora dla kwasu glutaminowego,,,,,EGZ 2019 I termin,niska
LEKI PRZECIWHISTAMINOWE,Klasyfikacja,lekarski,testowe,W alergicznym zapaleniu spojówek może stosować dospojówkowo:,Antazolinę,Azelastynę,Kromoglikan sodowy,Olopatadynę,,,,,,,EGZ 2019 I termin,niska
NARKOTYCZNE LEKI PRZECIWBÓLOWE,Wskazania,lekarski,testowe,Stosowanie preparatu złożonego bupropionu z naltreksonem w leczeniu otyłości:,Ma wpływ na ośrodkowy układ nagrody,Zwiększa i wydłuża uczucie sytości,Ma zwiększoną skuteczność kliniczną ze względu na efekt synergistyczny bupropionu i naltreksonu,,,Jest wskazane dla wszystkich osób z wyjściową wartością BMI wynoszącą ≥27,,,,,EGZ 2019 I termin,niska
UKŁAD WSPÓŁCZULNY,Działania niepożądane,lekarski,testowe,Dodatek adrenaliny do lidokainy w lekach do znieczulania miejscowego może powodować:,Zwiększone ryzyko martwicy tkanek po podaniach obwodowych,Wydłużenie czasu działania lidokainy,,,,Zwiększone niebezpieczeństwo zatrzymania oddechu,Zahamowanie metabolizmu lidokainy,,,,EGZ 2019 I termin,niska
NIEWYDOLNOŚĆ SERCA,Sposób podania,lekarski,testowe,Digoksyna,Podtrzymuje aktywację baroreceptorów zatoki szyjnej przy obniżeniu ciśnienia krwi u osób z niewydolnością serca,Podana doustnie może być nieskuteczna z powodu dezaktywacji przez bakterie jelitowe,,,,Powoduje kardiowersję migotania przedsionków do rytmu zatokowego,Jest lekiem o korzystnym działaniu rokowniczym w skurczowej niewydolności serca,,,,EGZ 2019 I termin,srednia
UKŁAD WSPÓŁCZULNY,Klasyfikacja,lekarski,testowe,Teoretyczną przesłanką stosowania beta-adrenolityków w przewlekłej skurczowej niewydolności serca jest:,Odwracanie beta-down regulacji,Zapobieganie proarytmicznemu działaniu katecholamin,,,,Korzystny bezpośredni wpływ hemodynamiczny,Zwiększenie naprężenia ściany lewej komory,,,,EGZ 2019 I termin,srednia
LEKI PRZECIWHISTAMINOWE,Farmakokinetyka,lekarski,testowe,Rupatadyna:,Ma minimalny potencjał sedatywny,Oprócz antagonizmu wobec receptora H1 wykazuje przeciwzapalną aktywność pozareceptorową,W znacznym stopniu ulega efektowi pierwszego przejścia z powstaniem aktywnych metabolitów,W dawkach zalecanych nie wydłuża skorygowanego odstępu cQT,,,,,,,EGZ 2019 I termin,srednia
NADCIŚNIENIE TĘTNICZE,Przeciwwskazania,lekarski,testowe,U pacjentów z eGFR<30ml/min należy rezygnować ze stosowania:,Metyforminy,Hydrochlorotiazydu,,,,Metoprololu,Amlodypiny,,,,EGZ 2019 I termin,srednia
UKŁAD PRZYWSPÓŁCZULNY,Działania niepożądane,lekarski,testowe,Wenlafaksyna:,Może być podawana w uogólnionych zaburzeniach lękowych,Stosowana razem z tryptanami może powodować wystąpienie zespołu serotoninowego,,,,Ma istotne działanie cholinolityczne,Można ją bezpiecznie stosować w terapii skojarzonej z inhibitorami MAO,,,,EGZ 2019 I termin,niska
LEKI IMMUNOSUPRESYJNE,Klasyfikacja,lekarski,testowe,Czy słuszna jest przedstawiona interpretacja działania leku na podstawie nazwy międzynarodowej:,Paliwizumab – humanizowane przeciwciało monoklonalne o działaniu p￾wirusowym,Ekulizumab – humanizowane przeciwciało monoklonalne o wpływie na układ odpornościowy,,,,Ofatumumab – mysie przeciwciało monoklonalne o wpływie p-nowotworowym,Pomalidomid – mysie przeciwciało monoklonalne o wpływie na układ odpornościowy,,,,EGZ 2019 I termin,srednia
LEKI PRZECIWNOWOTWOROWE,Klasyfikacja,lekarski,testowe,Do przeciwciał monoklonalnych anty-TNF należy:,Adalimumab,,,,,Omalizumab,Trastuzumab,Rytuksymab,,,EGZ 2019 I termin,srednia
ZABURZENIA RYTMU SERCA,Wskazania,lekarski,testowe,Werapamil można stosować w:,Postaci naczynioskurczowej choroby niedokrwiennej serca,Napadowym częstoskurczu z łącza przedsionkowo-komorowego,,,,Bradykardii,Migotaniu przedsionków u osób z zespołem preekscytacji,,,,EGZ 2019 I termin,wysoka
NIEWYDOLNOŚĆ SERCA,Mechanizm działania,lekarski,testowe,Inhibitory neprylizyny:,Zmniejszają przebudowę mięśnia sercowego,Zwiększają stężenie angiotensyny II,Są stosowane w przewlekłej niewydolności serca z upośledzoną frakcją wyrzutową,,,Rozkładają peptydy natriuretyczne,,,,,EGZ 2019 I termin,niska
FARMAKOKINETYKA,Farmakokinetyka,lekarski,testowe,"Biodostępność leku A po jednorazowym podaniu doustnym wynosi 50%. Tmax wynosi 30min, Cmax 2µg/dl. Oznacza to, że:",Lek A może podlegać nawet w 50% efektowi pierwszego przejścia,,,,,Dawka wynosiła 4µg,Lek A słabo się wiąże z białkami krwi,Okres półtrwania leku A wynosi również około 30min,,,EGZ 2019 I termin,srednia
FARMAKOKINETYKA,Działania niepożądane,lekarski,testowe,Podanie doodbytnicze leku:,Może łatwo doprowadzić do miejscowego uszkodzenia błony śluzowej odbytnicy,,,,,Zwiększa efekt pierwszego przejścia,Jest metodą z wyboru u dzieci,Wymaga podania większej dawki leku w porównaniu do podania doustnego,,,EGZ 2019 I termin,niska
NADCIŚNIENIE TĘTNICZE,Mechanizm działania,lekarski,testowe,Zaburzenia erekcji mogą być spowodowane stosowaniem:,Inhibitorów 5-alfa reduktazy,Tiazydów moczopędnych,Beta-adrenolityków niekardioselektywnych,Inhibitorów wychwytu zwrotnego serotoniny,,,,,,,EGZ 2019 I termin,niska
LEKI PRZECIWDEPRESYJNE,Klasyfikacja,lekarski,testowe,Doneuronalny wychwyt monoamin jest hamowany przez:,Citalopram,Reboksetynę,,,,Tianeptynę,Mirtazapinę,,,,EGZ 2019 I termin,srednia
LEKI PRZECIWBAKTERYJNE,Wskazania,lekarski,testowe,W leczeniu gruźlicy płucnej lekowrażliwej:,Leczenie wyjaławiające powinno trwać co najmniej 4 miesiące,U kobiet ciężarnych podaje się leki według zwykłego schematu z wyłączeniem streptomycyny,,,,W intensywnej fazie leczenia przez 2 miesiące podaje się 2 leki – rifampicynę i izoniazyd,W fazie kontynuacji każdy pacjent powinien otrzymać etambutol,,,,EGZ 2019 I termin,wysoka
LEKI PRZECIWDEPRESYJNE,Wskazania,lekarski,testowe,Wskaż prawdziwe połączenie lek-wskazanie:,Sulpiryd – schizofrenia,Metylofenidat – ADHD,,,,Moklobemid – bezsenność,Sertindol – depresja,,,,EGZ 2019 I termin,srednia
LEKI PRZECIWPSYCHOTYCZNE,Klasyfikacja,lekarski,testowe,Hiperprolaktynemia może wiązać się z leczeniem:,Promazyną,Rysperydonem,Metoklopramidem,,,Bromokryptyną,,,,,EGZ 2019 I termin,wysoka
UKŁAD WSPÓŁCZULNY,Antidotum,lekarski,testowe,Ośrodkowy zespół cholinolityczny może wystąpić w wyniku ostrego przedawkowania:,Doksepiny,Olanzapiny,Perfenazyny,Klemastyny,,,,,,,EGZ 2019 I termin,niska
NIEOPIOIDOWE LEKI PRZECIWBÓLOWE,Działania niepożądane,lekarski,testowe,Wskaż prawdziwe stwierdzenie dotyczące metamizolu:,Podczas szybkiego wstrzykiwania dożylnego leku może dojść do gwałtownych spadków ciśnienia krwi,Może powodować ciężkie uszkodzenia szpiku w mechanizmie nadwrażliwości,"Zwiększa częstość występowania guzów Wilmsa (nephroblastoma, nerczak zarodkowy)",,,Ma silne działanie przeciwzapalne,,,,,EGZ 2019 I termin,niska
HEMOSTAZA,Mechanizm działania,lekarski,testowe,Które połączenie lekowe jest bezwzględnie konieczne w wymienionej sytuacji klinicznej:,Sartan + sakubitryl w skurczowej niewydolności serca,Kwas acetylosalicylowy + antagonista receptorów P2Y12 po angioplastyce wieńcowej z implantacją stentu,,,,Heparyna drobnocząsteczkowa + ksaban w początkowym okresie leczenia żylnej choroby zakrzepowo zatorowej,Adrenalina + atropina w resuscytacji krążeniowo-oddechowej w przebiegu NZK z asystolią,,,,EGZ 2019 I termin,wysoka
UKŁAD PRZYWSPÓŁCZULNY,Mechanizm działania,lekarski,testowe,Efekt prokinetyczny można uzyskać:,Pobudzając receptory 5-HT4,Blokując receptory dopaminowe D2,Hamując aktywność acetylocholinoesterazy,Pobudzając receptory motylinowe,,,,,,,EGZ 2019 I termin,niska
CUKRZYCA,Wskazania,lekarski,testowe,Glukagon:,Stosowany jest w leczeniu ciężkiej hipoglikemii gdy nie można podać dożylnie glukozy,Jest podawany parenteralnie,Ma zastosowanie w zatruciach lekami beta-adrenolitycznymi,Jest nieskuteczny w przypadku glikemii,,,,,,,EGZ 2019 I termin,wysoka
UKŁAD POKARMOWY,Klasyfikacja,lekarski,testowe,Ryzyko encefalopatii w przebiegu marskości wątroby zmniejsza stosowanie:,Ryfaksyminy,Asparaginianu ornityny,Laktulozy,,,Benzodiazepin,,,,,EGZ 2019 I termin,srednia
UKŁAD ODDECHOWY,Wskazania,lekarski,testowe,W celu przerwania ataku duszności uzasadnione jest podanie wziewne:,Bromku ipratriopium,Salbutamolu,,,,Roflumilastu,flutykazonu,,,,EGZ 2019 I termin,wysoka
GLIKOKORTYKOSTEROIDY,Wskazania,lekarski,testowe,W leczeniu małopłytkowości stosuje się:,Preparaty immunoglobulin poliwalentnych,Eltrombopag,Romiplostym,Prednizon,,,,,,,EGZ 2019 I termin,niska
LEKI PRZECIWNOWOTWOROWE,Wskazania,lekarski,testowe,Ewerolimus jest stosowany w:,Kardiologii (stenty wieńcowe),Onkologii (wybrane zaawansowane nowotwory piersi i nerki),,,,Neurologii (stwardnienie rozsiane),Dermatologii (łuszczyca),,,,EGZ 2019 I termin,srednia
HEMOSTAZA,Wskazania,lekarski,testowe,Wskaż prawdziwe zdanie:,W chromaniu przestankowym znaczenie kliniczne ma leczenie przeciwpłytkowe i hipolipemizujące,"Zaleca się podawanie inhibitora P2Y12 przed przezskórną interwencją wieńcową u osoby z ostrym zespołem wieńcowym, a następnie kontynuację tego leczenia przez co najmniej 12 miesięcy",Po rozpoczęciu leczenia inhibitorami konwertazy angiotensyny należy się spodziewać niewielkiego wzrostu stężenia kreatyniny we krwi,,,Niedihydropirydynowi antagoniści wapnia są wskazani w leczeniu pacjentów z niewydolnością serca z obniżoną frakcją wyrzutową,,,,,EGZ 2019 I termin,niska
ZABURZENIA RYTMU SERCA,Wskazania,lekarski,testowe,U osób z pierwotnym wydłużenie QTc bezpieczne jest zastosowanie:,Propranololu,,,,,Digoksyny,Sotalolu,Amiodaronu,,,EGZ 2019 I termin,srednia
CHOROBA NIEDOKRWIENNA SERCA,Wskazania,lekarski,testowe,Beta-adrenolityki można zastosować w:,Tachykardii zatokowej,Niewydolności mięśnia serca z upośledzoną frakcją wyrzutową,W kontroli rytmu komór w migotaniu przedsionków,,,Naczynioskurczowym wariancie choroby niedokrwiennej serca,,,,,EGZ 2019 I termin,niska
UKŁAD POKARMOWY,Działania niepożądane,lekarski,testowe,Lidokaina:,Jest skuteczna w znieczulaniu nasiękowym,Jest metabolizowana w wątrobie,Może powodować drgawki,,,Silnie blokuje kanały potasowe,,,,,EGZ 2019 I termin,niska
NADCIŚNIENIE TĘTNICZE,Działania niepożądane,lekarski,testowe,Wskaż prawdziwe połączenie lek-działanie niepożądane:,Ramipryl-obrzęk naczynioruchowy,Metoprolol-zasłabnięcie lub omdlenie,,,,Losartan-zwiększenie stężenia kwasu moczowego,Simwastatyna-poprawa tolerancji glukozy,,,,EGZ 2019 I termin,srednia
LEKI MOCZOPĘDNE,Klasyfikacja,lekarski,testowe,Która ordynacja jest błędna i wymaga korekty?,Furosemid p.o. 1xd w obrzękach pochodzenia sercowego,Hydrochlorotiazyd p.o. 1xd w obrzękach kończyn dolnych w przebiegu zespołu pozakrzepowego podudzi,,,,Torasemid p.o. 1xd w obrzękach pochodzenia nerkowego,Spironolakton p.o. 1xd w wodobrzuszu w przebiegu niewydolności wątroby,,,,EGZ 2019 I termin,srednia
NADCIŚNIENIE TĘTNICZE,Klasyfikacja,lekarski,testowe,"Koangiokardianem, czyli lekiem działającym bezpośrednio na serce i naczynia jest:",Lewosymendan,,,,,Midodryna,Epoprostenol,Riocyguat,,,EGZ 2019 I termin,wysoka
OSTEOPOROZA,Wskazania,lekarski,testowe,Wskaż prawdziwe stwierdzenie dotyczące bisfosfonianów:,Są lekami pierwszego rzutu w profilaktyce i leczeniu osteoporozy pomenopauzalnej u kobiet,Mogą być stosowane w zapobieganiu i leczeniu osteoporozy posteroidowej,U osób z przerzutami nowotworowymi do układu kostnego łagodzą bóle kostne,Przeciwwskazaniem do ich podawania jest ciężka niewydolność nerek (GFR<30),,,,,,,EGZ 2019 I termin,srednia
LEKI HIPOLIPEMIZUJĄCE,Klasyfikacja,lekarski,testowe,Zmniejszenie hipertriglicerydemii można osiągnąć stosując:,Atorwastatynę,Fenofibrat,PUFA-wielonienasycone kwasy tłuszczowe,,,Koleswelam,,,,,EGZ 2019 I termin,srednia
HEMOSTAZA,Klasyfikacja,lekarski,testowe,Lekiem wydłużającym dystans chromania przestankowego jest:,Natydrofuryl,Cilostazol,,,,Pentoksyfilina,Diosmina mikronizowana,,,,EGZ 2019 I termin,wysoka
LEKI HIPOLIPEMIZUJĄCE,Wskazania,lekarski,testowe,W prawidłowo przeprowadzonym leczeniu statynami należy:,Oznaczyć aktywność ALAT i CK w surowicy przed rozpoczęciem leczenia,Odstawić statynę jeśli aktywność ALAT przekroczy w surowicy 3-krotnie górną granicę wartości prawidłowych,,,,Ocenić skuteczność leczenia hipolipemizującego po 2 tygodniach od jego rozpoczęcia,Mintorować aktywność CK u każdego pacjenta,,,,EGZ 2019 I termin,srednia
NADCIŚNIENIE TĘTNICZE,Klasyfikacja,lekarski,testowe,Na kanały sodowe ma wpływ:,Ranolazyna,Iwabradyna,,,,Adenozyna,Nitrendypina,,,,EGZ 2019 I termin,niska
FARMAKOKINETYKA,Interakcje,lekarski,testowe,Interakcją farmakokinetyczną jest:,Hamowanie wchłaniania z przewodu pokarmowego leków podawanych jednocześnie,Zwiększanie metabolizmu leków podawanych jednocześnie,,,,Wytrącanie się osadu po zmieszaniu dwóch leków w jednym roztworze do wstrzyknięcia,Nasilenie sedacji po skojarzeniu opioidów z etanolem,,,,EGZ 2019 I termin,srednia
NARKOTYCZNE LEKI PRZECIWBÓLOWE,Antidotum,lekarski,testowe,Właściwości farmakodynamiczne i parametry farmakokinetyczne leków mają wpływ na podejmowanie decyzji klinicznych. Czy słuszne jest wobec tego:,Wielokrotne powtórzenie dawki naloksonu(t1/2=63min+/-12min) po przedawkowaniu metadonu,,,,,Przetoczenie koncentratu płytek krwi 13h po podaniu tikagrelolu (tikagrelol ze swoim czynnym metabolitem mają łączny czas półtrwania eliminacji 12h),"Odstawienie suplementacji potasu w hiperaldosteronizmie pierwotnym po 16-17h po włączeniu spironolaktonu (Cmax karnenonu=16,5h po podaniu spironolaktonu)","Przeprowadzenie operacji neurochirurgicznej po 36h po odstawieniu klopidogrelu(t1/2=6h, jego aktywne mają pomijalnie krótki t1/2)",,,EGZ 2019 I termin,srednia
LEKI PRZECIWBAKTERYJNE,Wskazania,lekarski,testowe,Kolistyna:,Może być podawana wziewnie u osób z mukowiscydozą,Może być stosowana w leczeniu ciężkich zakażeń uogólnionych wywołanych prze Klebsiella pneumoniae wytwarzającą karbapenemazy,Wykazuje aktywność wobec Pseudomonas aeruginosa,,,Jest skuteczna w neuroinfekcjach,,,,,EGZ 2019 I termin,wysoka
LEKI PRZECIWBAKTERYJNE,Ciąża,lekarski,testowe,Doksycyklina,Działa na bakterie atypowe,,,,,Może być bezpiecznie stosowana u dzieci powyżej 2r.ż,Jest anatgonistą receptorów GABA-A wywołujących efekt sedatywny,Jest bezpieczna w terapii kobiet w ciąży,,,EGZ 2019 I termin,niska
LEKI PRZECIWBAKTERYJNE,Mechanizm działania,lekarski,testowe,Wskaż prawdziwe połączenie lek-mechanizm działania:,Fosfomycyna-blokowanie syntezy ściany komórkowej bakterii,,,,,Cefepim-hamowanie topoizomerazy II,Pefloksacyna-hamowanie biosyntezy białka w komórkach bakterii poprzez wiązanie się z podjednostką 50S rybosomu,Trimetoprim-bezpośrednie uszkodzenie DNA,,,EGZ 2019 I termin,wysoka
LEKI PRZECIWBAKTERYJNE,Działania niepożądane,lekarski,testowe,Wskaż prawdziwe połączenie lek-działania niepożądane:,Amoksycylina-leukopenia w mechanizmie nadwrażliwości immunologicznej,Tynidazol-neuropatia obwodowa,Amikacyna-zaburzenia słuchu i równowagi,,,Roksytromycyna-uszkodzenie nerek,,,,,EGZ 2019 I termin,wysoka
LEKI PRZECIWWIRUSOWE,Klasyfikacja,lekarski,testowe,Właściwy wybór leku przeciwwirusowego w zakażeniu to:,Wirus HBV-lamiwudyna,Cytomegalowirus-walgancyklowir,,,,Norowirus-sakwinawir,Wirus opryszczki-rybawiryna,,,,EGZ 2019 I termin,wysoka
LEKI PRZECIWBAKTERYJNE,Klasyfikacja,lekarski,testowe,Wskaż prawdziwe połączenie lek-wrażliwy drobnoustrój:,Lewofloksacyna-Streptococcus pneumoniae,Aksetyl cefuroksymu-Hemophilus influenzae,,,,Fenoksymetylopenicylina-Staphylococcus aureus MSSA,Fidaksomycyna-Bacteroides fragilis,,,,EGZ 2019 I termin,wysoka
LEKI PRZECIWGRZYBICZE,Wskazania,lekarski,testowe,Flukonazol:,W leczeniu kandydozy jamy ustnej nie jest skuteczny po podaniu dawki jednorazowej,,,,,Ma małą biodostępność po podaniu doustnym,Powinien być podawany profilaktycznie pacjentom leczonym szerokospektralnymi lekami przeciwbakteryjnymi z powodu zakażenia układu oddechowego,Istotnie hamuje syntezę hormonów steroidowych,,,EGZ 2019 I termin,srednia
LEKI PRZECIWBAKTERYJNE,Klasyfikacja,lekarski,testowe,Wyłącznie na ustroje gram dodatnie działa:,Mupriocyna,,,,,Metronidazol,Fosfomycyna,Gentamycyna,,,EGZ 2019 I termin,wysoka
LEKI PRZECIWBAKTERYJNE,Wskazania,lekarski,testowe,W leczeniu rzęsistkowicy (Trichomonas Vaginalis) wykorzystuje się:,Tynidazol,Metronidazol,,,,Sulfametoksazol+trymetoprym,Spiramycynę,,,,EGZ 2019 I termin,wysoka
LEKI PRZECIWWIRUSOWE,Działania niepożądane,lekarski,testowe,Do charakterystycznych działań niepożądanych inhibitorów proteazy HIV należy/należą:,Liczne interakcje lekowe,Cukrzyca,Uszkodzenie wątroby,Hipertriglicerydemia,,,,,,,EGZ 2019 I termin,niska
LEKI PRZECIWGRZYBICZE,Wskazania,lekarski,testowe,W zakażeniu o etiologii Candida albicans można zastosować miejscowo:,Natamycynę,Mykonazol,,,,Mykafunginę,Izawukonazol,,,,EGZ 2019 I termin,srednia
LEKI PRZECIWBAKTERYJNE,Monitorowanie,lekarski,testowe,Jeśli celem farmakodynamicznym dla stosowanego antybiotyku jest wysoka wartość T>MIC to powinno się:,Monitorować stężenie leku we krwi w celu modyfikacji dawkowania,Podawać lek w przedłużonym wlewie dożylnym,Zwiększać częstość podawania leku w ciągu doby,,,Podać lek w pojedynczej skumulowanej dawce dobowej,,,,,EGZ 2019 I termin,niska
LEKI PRZECIWBAKTERYJNE,Działania niepożądane,lekarski,testowe,"Do przestarzałych środków odkażających, które z powodu braku skuteczności lub istotnych działań niepożądanych nie powinny być obecnie stosowane należy:",Nadmanganian potasu,Tetraboran sodowy,,,,Oktenidyna,Jodopowidon,,,,EGZ 2019 I termin,srednia
LEKI PRZECIWPASOŻYTNICZE,Wskazania,lekarski,testowe,Wskaż prawidłowe stwierdzenia dotyczące profilaktyki i leczenia malarii:,Lumefantryna w połączeniu z artemeterem może być skuteczna w zakażeniu Plasmodium falciparum,W przypadkach wymagających profilaktyki długoterminowej można zastosować chlorochinę,,,,Pochodne artemizyniny zalecane są tylko do profilaktyki malarii,Atowakwon z proguanilem może być stosowany u osób z upośledzoną czynnością nerek (GFR<30),,,,EGZ 2019 I termin,wysoka
NADCIŚNIENIE TĘTNICZE,Klasyfikacja,lekarski,testowe,Do przyczyn jatrogennej nefropatii można zaliczyć stosowanie:,Jodowych środków kontrastowych podczas koronarografii,Ibuprofenu przewlekle w reumatoidalnym zapaleniu stawów,Ramiprylu w niewydolności serca,,,Loratadyny przewlekle w alergicznym zapaleniu błony śluzowej nosa,,,,,EGZ 2019 I termin,niska
FARMAKOKINETYKA,Farmakokinetyka,lekarski,testowe,Wskaż prawdziwe zdania dotyczące leczenia morfiną:,Metabolity morfiny wydalane są przez nerki,"Przy przewlekłym stosowaniu morfiny powstaje morfino-6-glukuronian – metabolit, którego siła działania analgetycznego przewyższa siłę działania związku macierzystego",Morfina może być podawana zewnątrzoponowo,,,Morfina ma dużą biodostępność po podaniu doustnym,,,,,EGZ 2019 I termin,srednia
CUKRZYCA,Wskazania,lekarski,testowe,Wskazanie do insulinoterapii jest:,Cukrzyca typu LADA,Ostry zespół wieńcowy u osoby z cukrzycą typu II,Znaczna hiperglikemia (>300) w przebiegu cukrzycy typu II,Cukrzyca ciężarnych,,,,,,,EGZ 2019 I termin,wysoka
CUKRZYCA,Klasyfikacja,lekarski,testowe,Długodziałające analogii insuliny w porównaniu do insuliny protaminowo-cynkowej (NPH) charakteryzują się:,Mniejszym ryzykiem hipoglikemii,,,,,Mniejszym ryzykiem onkologicznym,Większym ryzykiem zjawiska brzasku,Działaniem anorektycznym,,,EGZ 2019 I termin,srednia
TARCZYCA,Klasyfikacja,lekarski,testowe,Zmniejszenie obwodowej konwersji tyroksyny do trójjodotyroniny jest efektem stosowania:,Hydrokortyzonu,Propylotiouracylu,Propanololu,,,Płynu Lugola,,,,,EGZ 2019 I termin,srednia
OSTEOPOROZA,Wskazania,lekarski,testowe,Wskazaniem do stosowania hormonalnej terapii zastępczej u kobiet po menopauzie jest:,Obecność objawów wypadowych,,,,,Wtórna profilaktyka chorób układu krążenia,Profilaktyka osteoporozy,Zapobieganie chorobie Alzheimera,,,EGZ 2019 I termin,niska
NIEOPIOIDOWE LEKI PRZECIWBÓLOWE,Klasyfikacja,lekarski,testowe,Przeciwbólowy efekt pułapowy wykazuje:,Naproksen,Buprenorfina,Ibuprofen,,,Oksykodon,,,,,EGZ 2019 I termin,srednia
ZABURZENIA RYTMU SERCA,Mechanizm działania,lekarski,testowe,Teofilina:,Jest anatgonistą receptora adenozynowego,Hamuje aktywność fosfodiesteraz,Zwiększa przepływ nerkowy,Pobudza ośrodek oddechowy w rdzeniu przedłużonym,,,,,,,EGZ 2019 I termin,niska
FARMAKOKINETYKA,Farmakokinetyka,lekarski,testowe,Idealny glikokortykosteroid wziewny:,Połknięty charakteryzuje się niewielką biodostępnością,,,,,Dobrze wchłania się z pęcherzyków płucnych,Nie podlega efektowi pierwszego przejścia przez wątrobę,Ma krótki okres półtrwania kompleksu glikokortkosteroidu z receptorem t1/2=2-3h,,,EGZ 2019 I termin,wysoka
NIEOPIOIDOWE LEKI PRZECIWBÓLOWE,Klasyfikacja,lekarski,testowe,Działanie keratolityczne wykazuje:,Mocznik,Kwas salicylowy,Nadtlenek benzoilu,,,Metoksalen,,,,,EGZ 2019 I termin,niska
LEKI PRZECIWDEPRESYJNE,Antidotum,lekarski,testowe,W zatruciu solami litu:,Należy natychmiast zakończyć podawanie litu,"W leczeniu ostrego zatrucia istotne znaczenie ma intensywne wyrównanie zaburzeń gospodarki wodno-elektrolitowej, zwłaszcza uzupełnianie niedoboru sodu poprzez przetaczanie roztworu 0,9% NaCl dożylnie",Podstawową metodą eliminacji leku jest hemodializa,,,Korzystne działanie ma stosowanie węgla aktywowanego,,,,,EGZ 2019 I termin,niska
LEKI PRZECIWBAKTERYJNE,Wskazania,lekarski,testowe,Doksycyklina:,w niewielkim stopniu penetruje do ośrodkowego układu nerwowego,tworzy chelaty z solami żelaza,jest stosowana w leczeniu zakażeń układu moczowego o etiologii Chlamydia trachomatis,nie wykazuje aktywności wobec Pseudomonas aeruginosa,,,,,,,EGZ 2018 I termin,wysoka
LEKI PRZECIWBAKTERYJNE,Wskazania,lekarski,testowe,Fluorochinolony:,mogą spowodować zapalenie ścięgien,mogą być przyczyną zaburzeń rytmu serca,,,,wszystkie generacje mają zbliżoną skuteczność przeciwko Gram ujemnym pałeczkom niefermentującym,są agonistami receptorów GABA-A wywołując efekt sedatywny,,,,EGZ 2018 I termin,niska
LEKI PRZECIWBAKTERYJNE,Mechanizm działania,lekarski,testowe,Wskaż prawdziwe połączenie lek – mechanizm działania:,linezolid- hamowanie biosyntezy białka w komórkach bakterii poprzez wiązanie się z podjednostką 50 S rybosomu,,,,,cefuroksym – hamowanie topoizomerazy II,moksyfloksacyna - blokowanie syntezy ściany komórkowej bakterii,wankomycyna - uszkodzenie DNA,,,EGZ 2018 I termin,wysoka
LEKI PRZECIWBAKTERYJNE,Działania niepożądane,lekarski,testowe,Wskaż prawdziwe połączenie lek – działania niepożądane:,tygecyklina - nadwrażliwość na światło,metronidazol - neuropatia obwodowa,wankomycyna – uwalnianie histaminy,,,azytromycyna – blokowanie wątrobowych enzymów mikrosomalnych (CYP),,,,,EGZ 2018 I termin,wysoka
LEKI PRZECIWBAKTERYJNE,Wskazania,lekarski,testowe,Błędny schemat terapeutyczny to zastosowanie:,loperamidu w zapalnej biegunce poantybiotykowej przez 10 dni,,,,,azytromycyny w krztuścu przez 5 dni,kotrymoksazolu w niepowikłanym zakażeniu układu moczowego przez 3 dni,fenoksymetylpenicyliny w anginie paciorkowcowej przez 10 dni,,,EGZ 2018 I termin,wysoka
LEKI PRZECIWBAKTERYJNE,Wskazania,lekarski,testowe,W leczeniu 60-letniego pacjenta z pozaszpitalnym zapaleniem płuc (skala CURB-0pkt) uwzględniającym typową etiologię zakażenia u dorosłych należy:,stosować stałe optymalne przedziały dawkowania w ciągu całej doby,w razie nadwrażliwości na leczenie początkowe w wywiadach zastosować lewofloksacynę lub moksyfloksacynę,,,,leczyć 2 lekami przeciwbakteryjnymi o różnych mechanizmach działania,prowadzić terapię co najmniej 21 dni,,,,EGZ 2018 I termin,wysoka
LEKI PRZECIWBAKTERYJNE,Wskazania,lekarski,testowe,W leczeniu zapalenia opon mózgowo-rdzeniowych uzasadnione jest zastosowanie:,ceftriaksonu,acyklowiru,meropenemu,flukonazol,,,,,,,EGZ 2018 I termin,srednia
LEKI PRZECIWBAKTERYJNE,Klasyfikacja,lekarski,testowe,Wyłącznie na drobnoustroje Gram ujemne działa:,aztreonam,,,,,mupirocyna,kwas fusydowy,metronidazol,,,EGZ 2018 I termin,wysoka
LEKI PRZECIWBAKTERYJNE,Wskazania,lekarski,testowe,W leczeniu toksoplazmozy wykorzystuje się:,pirymetaminę z sulfadiazyną,spiramycynę,,,,dalfoprystynę/chinuprystynę,oksytetracyklinę,,,,EGZ 2018 I termin,wysoka
CUKRZYCA,Działania niepożądane,lekarski,testowe,Do odległych działań niepożądanych terapii HAART (Highly Active Antiretroviral Therapy) należy:,uszkodzenie wątroby,lipodystrofia,kwasica mleczanowa,insulinooporność,,,,,,,EGZ 2018 I termin,srednia
LEKI PRZECIWGRZYBICZE,Wskazania,lekarski,testowe,W grzybiczym zakażeniu paznokci można zastosować,amorolfinę,,,,,natamycynę,klotrymazol,kaspofunginę,,,EGZ 2018 I termin,wysoka
LEKI PRZECIWBAKTERYJNE,Klasyfikacja,lekarski,testowe,Efekt bakteriobójczy zależny od skumulowanej ekspozycji (AUC24/MIC) wykazuje:,lewofloksacyna,azytromycyna,,,,amoksycylina z kwasem klawulanowym,amikacyna,,,,EGZ 2018 I termin,wysoka
LEKI PRZECIWBAKTERYJNE,Wskazania,lekarski,testowe,Do odkażania rany w obrębie skóry można zastosować:,oktenidynę,jodopowidon,,,,wodę do wstrzyknięć,kwas borowy,,,,EGZ 2018 I termin,niska
FARMAKOLOGIA OGÓLNA I EBM,Klasyfikacja,lekarski,testowe,Koszt dodatkowego roku życia skorygowanego o jakość (ang. QALY – quality adjusted life year):,stanowi formalne kryterium refundacyjne zgodnie z obowiązującymi regulacjami prawnymi,jest wynikiem analizy kosztów użyteczności,"jego wartość progowa, czyli maksymalna dla procedur uznanych za kosztowo efektywne, stanowi 3-krotność produktu krajowego brutto per capita zgodnie z obowiązującymi regulacjami prawnymi",,,możliwy jest do oszacowania tylko w przypadku procedur zmniejszających umieralność całkowitą,,,,,EGZ 2018 I termin,niska
LEKI PRZECIWBAKTERYJNE,Wskazania,lekarski,testowe,U pacjenta z niewydolnością nerek należy dokonać modyfikacji dawek:,wankomycyny,cyprofloksacyny,gentamycyny,,,erytromycyny,,,,,EGZ 2018 I termin,wysoka
UKŁAD POKARMOWY,Wskazania,lekarski,testowe,Rotacja opioidów jest uzasadniona w przypadku:,nudności,zaburzeń świadomości,długotrwałej (bezterminowej) terapii w celu ułatwienia jej prowadzenia,,,zaparć,,,,,EGZ 2018 I termin,srednia
CUKRZYCA,Klasyfikacja,lekarski,testowe,Dapagliflozyna:,zwiększa ryzyko zakażeń układu moczowo-płciowego,może spowodować kwasicę ketonową,,,,zmniejsza glukozurię,nie może być stosowana łącznie z insuliną,,,,EGZ 2018 I termin,srednia
CUKRZYCA,Wskazania,lekarski,testowe,Wskaż zdanie prawdziwe:,zwiększenie stężenia glukozy w godzinach porannych poprzedzone hipoglikemią nocną może być wskazaniem do zmniejszenia dawki insuliny bazowej,efekt brzasku może zmniejszyć zastosowanie długodziałających bezszczytowych analogów insuliny,kardioprotekcyjne działanie empagliflozyny może mieć związek z usprawnieniem procesów energetycznych w komórkach mięśnia sercowego,,,insulina izofanowa (NPH) jest przeznaczona do stosowana przed głównymi posiłkami,,,,,EGZ 2018 I termin,wysoka
TARCZYCA,Wskazania,lekarski,testowe,W leczeniu nadczynności tarczycy można zastosować:,jod promieniotwórczy 131 I,płyn Lugola,tiamazol,propranolol,,,,,,,EGZ 2018 I termin,srednia
HORMONY PŁCIOWE,Klasyfikacja,lekarski,testowe,Do progestagenów należy:,megestrol,noretysteron,,,,dutasteryd,anastrozol,,,,EGZ 2018 I termin,srednia
HEMOSTAZA,Wskazania,lekarski,testowe,Do leków antyagregacyjnych stosowanych w profilaktyce wtórnej udaru niedokrwiennego mózgu na podłożu miażdżycy naczyń do- i mózgowych należą:,klopidogrel,kwas acetylosalicylowy,,,,tikagrelor,prasugrel,,,,EGZ 2018 I termin,wysoka
LEKI MOCZOPĘDNE,Sposób podania,lekarski,testowe,W ciężkiej hiperkalcemii (>15mg/dl) można zastosować dożylnie:,kalcytoninę,pamidronian,hydrokortyzon,furosemid,,,,,,,EGZ 2018 I termin,niska
GLIKOKORTYKOSTEROIDY,Klasyfikacja,lekarski,testowe,Immunosupresyjne działanie glikokortykosteroidów jest spowodowane:,redukcją liczby limfocytów T,zahamowaniem funkcji makrofagów tkankowych,,,,zwiększeniem syntezy IL-2,aktywacją fosfolipazy A2 i zmniejszeniem syntezy prostaglandyn,,,,EGZ 2018 I termin,niska
OSTEOPOROZA,Klasyfikacja,lekarski,testowe,"91-letni mężczyzna jest leczony od co najmniej 6 miesięcy tamsulozyną, finasterydem, diosminą, piracetamem, zolpidemem, witaminą D3 w dużej dawce i węglanem wapnia. Na tej podstawie można powiedzieć, że:",choruje na rozrost gruczołu krokowego,jest uzależniony od zolpidemu,można bez konsekwencji odstawić piracetam,terapia zmniejsza ryzyko osteoporotycznych złamań kości,,,,,,,EGZ 2018 I termin,srednia
STANY NAGŁE,Antidotum,lekarski,testowe,Witamina K1 (fitomenadion):,może być wskazana u osób ze spontanicznym zwiększeniem INR>GGN (górnej granicy normy) spowodowanym antybiotykami niszczącymi fizjologiczną florę jelit,nie antagonizuje działania heparyny,może spowodować reakcję rzekomoanafilaktyczną,jest antidotum w przedawkowaniu pochodnych hydroksykumaryny,,,,,,,EGZ 2018 I termin,wysoka
UKŁAD POKARMOWY,Klasyfikacja,lekarski,testowe,Działanie zapierające wykazuje:,oksykodon,werapamil,oktreotyd,,,fosforan sodu,,,,,EGZ 2018 I termin,wysoka
UKŁAD POKARMOWY,Wskazania,lekarski,testowe,W leczeniu ostrej biegunki u dzieci uzasadnione jest zastosowanie:,probiotyku S. boulardi,racekadotrylu,doustnego płynu nawadniającego,,,loperamidu,,,,,EGZ 2018 I termin,wysoka
UKŁAD POKARMOWY,Mechanizm działania,lekarski,testowe,Wybierz prawidłowe połączenie lek - mechanizm działania:,itopryd - antagonista receptora D2,alwimopan - antagonista receptora μ,,,,alweryna - agonista receptora motylinowego,simetykon - agonista receptora 5-HT4,,,,EGZ 2018 I termin,niska
UKŁAD PRZYWSPÓŁCZULNY,Wskazania,lekarski,testowe,W kolce wątrobowej uzasadnione jest podanie:,ketoprofenu i.v,papaweryny i.m,butylobromku skopolaminy p.r,buprenorfiny i.m,,,,,,,EGZ 2018 I termin,niska
BÓLE GŁOWY,Ciąża,lekarski,testowe,Sumatryptan:,pobudzając receptory 5-HT1D wywołuje wybiórczy skurcz naczyń i przerywa napad migreny,jest niezalecany u pacjentów z chorobą niedokrwienną serca,,,,może być stosowany jedynie podskórnie,może być podawany w czasie ciąży,,,,EGZ 2018 I termin,srednia
UKŁAD WSPÓŁCZULNY,Wskazania,lekarski,testowe,W profilaktyce bólów migrenowych znalazł zastosowanie:,topiramat,erenumab,propranolol,toksyna botulinowa,,,,,,,EGZ 2018 I termin,niska
NADCIŚNIENIE TĘTNICZE,Klasyfikacja,lekarski,testowe,Erytropoetyna może zwiększyć:,wartości ciśnienia tętniczego,krzepliwość krwi,maksymalną wydolność wysiłkową,,,aktywność amylazy w surowicy,,,,,EGZ 2018 I termin,niska
UKŁAD PRZYWSPÓŁCZULNY,Wskazania,lekarski,testowe,W profilaktyce wymiotów w przebiegu kinetoz stosuje się:,skopolaminę,dimenhydrinat,,,,haloperydol,betahistynę,,,,EGZ 2018 I termin,niska
UKŁAD WSPÓŁCZULNY,Sposób podania,lekarski,testowe,Oksymetazolina:,może doprowadzić do wystąpienia tzw. efektu „ z odbicia”,,,,,jest antagonistą receptorów adrenergicznych alfa,wykazuje skuteczność kliniczną po 5. dniach terapii,jest podawana doustnie,,,EGZ 2018 I termin,srednia
UKŁAD PRZYWSPÓŁCZULNY,Działania niepożądane,lekarski,testowe,Petydyna:,ma działanie zapierające,nietypowo dla swojej grupy farmakologicznej rozszerza źrenice,hamuje ośrodek oddechowy,stosowana długotrwale działa neurotoksycznie przez kumulujący się metabolit,,,,,,,EGZ 2018 I termin,niska
HEMOSTAZA,Wskazania,lekarski,testowe,Wskaż prawdziwe stwierdzenie dotyczące małopłytkowości typu II wywołanej heparyną:,stwierdzenie małopłytkowości immunologicznej w przebiegu leczenia heparyną jest wskazaniem do jej natychmiastowego odstawienia,HIT II wiąże się z 20–40-krotnym zwiększeniem ryzyka zakrzepicy żylnej,,,,HIT II występuje najczęściej po 3 tygodniach od rozpoczęcia terapii heparyną,heparyny drobnocząsteczkowe nie stwarzają ryzyka wystąpienia trombocytopenii immunologicznej,,,,EGZ 2018 I termin,srednia
HEMOSTAZA,Ciąża,lekarski,testowe,U kobiet w trzecim trymestrze ciąży przeciwwskazany/-a jest:,ketoprofen,walsartan,acenokumarol,,,enoksaparyna,,,,,EGZ 2018 I termin,srednia
HEMOSTAZA,Wskazania,lekarski,testowe,U pacjenta leczonego przeciwzakrzepowo dabigatranem ze stwierdzonym umiarkowanym aktywnym krwawieniem należy:,odroczyć podanie kolejnej dawki leku,zapewnić podaż płynów,rozważyć podanie węgla aktywowanego jeśli dabigatran był podany niedawno,,,zastosować siarczan protaminy,,,,,EGZ 2018 I termin,wysoka
HEMOSTAZA,Wskazania,lekarski,testowe,Nadroparyna:,może być podawana dożylnie,jest skuteczna w leczeniu zakrzepicy żył głębokich,,,,jest antagonistą receptora PAR-1,w profilaktyce zakrzepicy żylnej powinna być podana nie później niż 36 godzin przed zabiegiem chirurgicznym,,,,EGZ 2018 I termin,srednia
HEMOSTAZA,Wskazania,lekarski,testowe,Wskazaniem do podania tkankowego aktywatora plazminogenu (t-PA) może być:,zatorowość płucna wysokiego ryzyka (czyli z niestabilnością hemodynamiczną),ostry zator tętnicy kończyny dolnej,ostry udar niedokrwienny mózgu,,,ostry zespół wieńcowy bez uniesienia odcinka ST,,,,,EGZ 2018 I termin,srednia
HEMOSTAZA,Sposób podania,lekarski,testowe,W udarze niedokrwiennym mózgu należy:,obniżać ciśnienie tętnicze jeśli przekracza wartości 220/120 mmHg,podać doustnie kwas acetylosalicylowy jeżeli nie można zastosować leczenia trombolitycznego,,,,stosować duże dawki heparyny niefrakcjonowanej,profilaktycznie podawać antybiotyki β-laktamowe ze względu na bardzo częste występowanie infekcji dróg oddechowych,,,,EGZ 2018 I termin,srednia
HEMOSTAZA,Mechanizm działania,lekarski,testowe,Inhibitory reduktazy HMG-CoA zwiększają produkcję:,tkankowego aktywatora plazminogenu,tlenku azotu,,,,metaloproteinaz,tromboksanu A2,,,,EGZ 2018 I termin,niska
HEMOSTAZA,Działania niepożądane,lekarski,testowe,20% roztwór albumin:,powoduje ponad 100% przyrost objętości osocza,działa objętościowo do 6 h,,,,może spowodować uszkodzenie nerek,ma istotny wpływ na krzepnięcie krwi,,,,EGZ 2018 I termin,niska
UKŁAD PRZYWSPÓŁCZULNY,Działania niepożądane,lekarski,testowe,Zastosowanie atrakurium może być przyczyną:,długotrwałego efektu zwiotczającego,,,,,drżenia włókienkowego mięśni szkieletowych,anestezji,hipertermii złośliwej,,,EGZ 2018 I termin,srednia
LEKI MOCZOPĘDNE,Wskazania,lekarski,testowe,Torasemid:,hamuje symporter sodowo-potasowo-chlorkowy części grubościennej ramienia wstępującego pętli Henlego,zwiększa aktywność reninową osocza,,,,zmniejsza wydalanie wapnia z moczem,"jest nieskuteczny, jeśli eGFRr < 30 ml/min",,,,EGZ 2018 I termin,niska
FARMAKOLOGIA OGÓLNA I EBM,Klasyfikacja,lekarski,testowe,Formularz świadomej zgody uczestnika na udział w badaniu klinicznym powinien zostać podpisany:,przez uczestnika badania,przez badacza,w dwóch egzemplarzach,,,bezpośrednio po badaniach oceniających czy pacjent spełnia kryteria włączenia do badania,,,,,EGZ 2018 I termin,srednia
LEKI PRZECIWPASOŻYTNICZE,Wskazania,lekarski,testowe,W leczeniu zarażenia owsikiem skuteczny jest:,mebendazol,albendazol,pyrantel,,,tynidazol,,,,,EGZ 2018 I termin,wysoka
LEKI PRZECIWWIRUSOWE,Wskazania,lekarski,testowe,Cytomegalię u osób z niedoborami odporności należy leczyć stosując:,gancyklowir,,,,,zanamiwir,acyklowir,oseltamiwir,,,EGZ 2018 I termin,wysoka
UKŁAD ODDECHOWY,Wskazania,lekarski,testowe,W terapii POChP u osób o wysokim ryzyku zaostrzeń i dużym nasileniu objawów (grupa,bromek tiotropium z formoterolem i cyklezonidem,budezonid z formoterolem,bromek aklidynium z salmeterolem i flutikazonem,bromek glikopironium z roflumilastem,,można zastosować:,,,,,EGZ 2018 I termin,wysoka
UKŁAD ODDECHOWY,Wskazania,lekarski,testowe,Wskaż prawidłowe twierdzenie dotyczące farmakoterapii astmy oskrzelowej :,wziewne glikokortykosteroidy zmniejszają częstość/liczbę hospitalizacji i umieralność z powodu astmy,długodziałające wziewne betaadrenomimetyki w monoterapii mogą zwiększać ryzyko zgonu z powodu astmy,kromony mogą być skuteczne u chorych ze skurczem oskrzeli wywoływanym przez wysiłek fizyczny,,,leki przeciwleukotrienowe w monoterapii są bardziej skuteczne od wziewnych glikokortykosteroidów w małych dawkach,,,,,EGZ 2018 I termin,wysoka
NADCIŚNIENIE TĘTNICZE,Wskazania,lekarski,testowe,W leczeniu wodobrzusza w przebiegu marskości wątroby wskazane jest stosowanie:,furosemidu,spironolaktonu,karwedilolu,,,ramiprylu,,,,,EGZ 2018 I termin,niska
LEKI MOCZOPĘDNE,Wskazania,lekarski,testowe,W leczeniu dny moczanowej należy:,"stosować dietę z ograniczeniem podaży mięs, podrobów i fruktozy",objawowo stosować leki z grupy NLPZ,,,,podać jak najszybciej allopurynol przy podejrzeniu ostrego napadu,w każdym przypadku bezobjawowej hiperurykemii stosować kolchicynę,,,,EGZ 2018 I termin,niska
NIEOPIOIDOWE LEKI PRZECIWBÓLOWE,Wskazania,lekarski,testowe,Zotarolimus:,jest stosowany w stentach wieńcowych uwalniających lek,,,,,jest rekombinowanym w pełni ludzkim przeciwciałem monoklonalnym,nie może być stosowany łącznie z kwasem acetylosalicylowym,neutralizuje biologiczną aktywność TNF,,,EGZ 2018 I termin,niska
OTĘPIENIE,Wskazania,lekarski,testowe,W leczeniu choroby Alzheimera:,w zaawansowanych przypadkach wskazane jest włączenie do leczenia antagonisty receptorów NMDA,donepezil korzystnie wpływa na globalne zdolności intelektualne w łagodnych stadiach choroby,,,,stosuje się leki cholinolityczne,istotną rolę odgrywa zastosowanie piracetamu,,,,EGZ 2018 I termin,wysoka
PADACZKA,Klasyfikacja,lekarski,testowe,Przewlekłe stosowanie lorazepamu może spowodować:,otępienie,tolerancję na jego działanie,uzależnienie psychiczne i fizyczne,,,stan padaczkowy,,,,,EGZ 2018 I termin,niska
UKŁAD POKARMOWY,Mechanizm działania,lekarski,testowe,Wybierz prawidłowe połączenie lek - mechanizm działania:,orlistat - blokowanie lipaz wytwarzanych w przewodzie pokarmowym,tramadol – blokowanie zwrotnego wychwytu noradrenaliny i serotoniny w synapsach zstępującego układu analgetycznego,ezetymib – hamowanie aktywności białka NPC1L1 w nabłonku błony śluzowej jelita,celekoksyb -wybiórcze zablokowanie COX-2,,,,,,,EGZ 2018 I termin,srednia
LEKI MOCZOPĘDNE,Wskazania,lekarski,testowe,Do leczenia ostrego zamknięcia kąta przesączania (potocznie ataku jaskry) można zastosować:,tymolol,acetazolamid,mannitol,,,zydowudynę,,,,,EGZ 2018 I termin,srednia
PADACZKA,Wskazania,lekarski,testowe,W leczeniu stanu padaczkowego:,lekiem pierwszego rzutu jest diazepam i.v,w przypadku postaci opornej na leczenie można zastosować wlew dożylny midazolamu,,,,nie powinno się stosować fenytoiny we wlewie dożylnym,należy stosować duże dawki steroidów i.v,,,,EGZ 2018 I termin,srednia
FARMAKOLOGIA OGÓLNA I EBM,Klasyfikacja,lekarski,testowe,Charakterystyka Produktu Leczniczego (ChPL) zawiera informacje o:,specjalnych środkach ostrożności podczas przechowywania produktu leczniczego,właściwościach farmakokinetycznych leku,dacie wydania pierwszego pozwolenia na dopuszczenie do obrotu,,,cenie produktu leczniczego,,,,,EGZ 2018 I termin,srednia
FARMAKOLOGIA OGÓLNA I EBM,Wskazania,lekarski,testowe,Agencja Oceny Technologii Medycznych i Taryfikacji:,wycenia procedury medyczne,zajmuje stanowisko w sprawie skuteczności i bezpieczeństwa leków,rekomenduje leki do refundacji,,,rejestruje leki,,,,,EGZ 2018 I termin,srednia
FARMAKOLOGIA OGÓLNA I EBM,Klasyfikacja,lekarski,testowe,W hierarchii badań naukowych:,badania kohortowe mają wyższą pozycję niż serie przypadków,,,,,metaanalizy są na tym samym poziomie co randomizowane badania kontrolowane,najwyższą pozycję mają randomizowane badania kontrolowane,badania kohortowe są na tym samym poziomie co randomizowane badania kliniczne,,,EGZ 2018 I termin,wysoka
LEKI PRZECIWHISTAMINOWE,Wskazania,lekarski,testowe,Desloratadyna:,selektywnie blokuje receptory H1,ma zastosowanie w leczeniu przewlekłego alergicznego nieżytu nosa,,,,dobrze przenika przez barierę krew- mózg,ma znaczące działanie proarytmiczne,,,,EGZ 2018 I termin,srednia
LEKI MOCZOPĘDNE,Farmakokinetyka,lekarski,testowe,Mannitol podany iv. zmniejsza:,ciśnienie wewnątrzczaszkowe,,,,,ciśnienie osmotyczne płynu zewnątrzkomórkowego,wydalanie sodu i chlorków,filtrację nerkową,,,EGZ 2018 I termin,niska
LEKI PRZECIWDEPRESYJNE,Wskazania,lekarski,testowe,Podanie inhibitorów wychwytu zwrotnego serotoniny (SSRI) jest uzasadnione u pacjentów z:,lękiem uogólnionym,chorobą afektywną dwubiegunową,nerwicą natręctw,chorobą afektywną jednobiegunową,,,,,,,EGZ 2018 I termin,srednia
LEKI PRZECIWDEPRESYJNE,Struktura chemiczna,lekarski,testowe,Do wspólnych cech wenlafaksyny i amitryptyliny należy:,hamowanie wychwytu zwrotnego serotoniny i noradrenaliny,,,,,trójpierścieniowa budowa chemiczna,konieczność znacznych ograniczeń dietetycznych podczas ich stosowania ze względu na ryzyko wystąpienia tzw. zespołu serowego (cheese effect),antagonizm wobec receptorów muskarynowych M1,,,EGZ 2018 I termin,wysoka
LEKI IMMUNOSUPRESYJNE,Klasyfikacja,lekarski,testowe,"Leki, które hamują kompleks kalcyneuryny to:",cyklosporyna,takrolimus,,,,talidomid,mykofenolan mofetylu,,,,EGZ 2018 I termin,wysoka
ZABURZENIA RYTMU SERCA,Klasyfikacja,lekarski,testowe,Lacydypina:,zmniejsza obciążenie następcze serca,,,,,ma silne działanie inotropowe ujemne,ma działanie dromotropowe ujemne,ma działanie chronotropowe dodatnie,,,EGZ 2018 I termin,srednia
CHOROBA NIEDOKRWIENNA SERCA,Klasyfikacja,lekarski,testowe,Do donorów tlenku azotu należy:,nikorandil,molsidomina,diazotan izosorbitolu,,,trimetazydyna,,,,,EGZ 2018 I termin,wysoka
FARMAKOKINETYKA,Sposób podania,lekarski,testowe,Względna dostępność biologiczna leku (biorównoważność) może być określona przez porównanie AUC:,leku wzorcowego podanego drogą pozanaczyniową i dożylnie,leku wzorcowego i badanego podanych tą samą drogą,,,,tylko leków podawanych drogą dożylną,leku badanego podanego drogą pozanaczyniową i wzorcowego podanego dożylnie,,,,EGZ 2018 I termin,srednia
LEKI PRZECIWLĘKOWE,Farmakokinetyka,lekarski,testowe,"Benzodiazepiną, która nie podlega metabolizmowi wątrobowemu jest:",lorazepam,oksazepam,,,,nitrazepam,diazepam,,,,EGZ 2018 I termin,wysoka
FARMAKOKINETYKA,Farmakokinetyka,lekarski,testowe,Objętość dystrybucji ma znaczenie w określeniu wielkości dawki:,nasycającej,podtrzymującej,,,,śmiertelnej,toksycznej,,,,EGZ 2018 I termin,niska
NIEOPIOIDOWE LEKI PRZECIWBÓLOWE,Wskazania,lekarski,testowe,Do obniżenia gorączki u 2-letniego dziecka można zastosować:,czopek doodbytniczy zawierający paracetamol,zawiesinę doustną zawierającą ibuprofen,,,,tabletki o natychmiastowym uwalnianiu w jamie ustnej zawierające kwas acetylosalicylowy,wstrzyknięcie domięśniowe metamizolu,,,,EGZ 2018 I termin,wysoka
LEKI PRZECIWBAKTERYJNE,Monitorowanie,lekarski,testowe,Typowe leki podlegające monitorowaniu stężeń to:,cyklosporyna,fenytoina,gentamycyna,Digoksyna,,,,,,,EGZ 2018 I termin,niska
LEKI PRZECIWBAKTERYJNE,Ciąża,lekarski,testowe,Izoniazyd:,działa bakteriobójczo na prątki szybko namnażające się,,,,,nie powinien być stosowany przez kobiety w ciąży,nie jest stosowany w leczeniu gruźlicy pozapłucnej,może spowodować neuropatię obwodową,,,EGZ 2018 I termin,wysoka
UKŁAD POKARMOWY,Klasyfikacja,lekarski,testowe,Wskaż prawdziwe połączenie lek-działanie niepożądne:,zolpidem – niepamięć następcza,rotygotyna – nudności i wymioty,alprazolam - senność,fluoksetyna – zaburzenia libido i funkcji seksualnych,,,,,,,EGZ 2018 I termin,srednia
LEKI PRZECIWPSYCHOTYCZNE,Klasyfikacja,lekarski,testowe,Do leczenia zaburzeń psychotycznych z nasilonymi objawami negatywnymi należy wybrać:,amisulpiryd,olanzapinę,,,,haloperydol,chlorpromazynę,,,,EGZ 2018 I termin,wysoka
UKŁAD POKARMOWY,Mechanizm działania,lekarski,testowe,Działanie przeciwwymiotne metoklopramidu wynika z blokady receptorów:,dopaminowych (D2),serotoninowych (5-HT3),,,,neurokininowych (NK1),kannabinoidowych (CB1),,,,EGZ 2018 I termin,srednia
UKŁAD PRZYWSPÓŁCZULNY,Antidotum,lekarski,testowe,"Rozszerzenie źrenic, suchość w ustach, osłabienie lub porażenie perystaltyki jelit obserwowane jest w przebiegu zatrucia:",amitryptyliną,,,,,escitalopramem,pestycydami fosforoorganicznymi,glikozydami naparstnicy,,,EGZ 2018 I termin,wysoka
HEMOSTAZA,Wskazania,lekarski,testowe,U 70-letniego mężczyzny z przewlekłą niewydolnością żylną wspomagająco do kompresjoterapii należy zastosować:,mikronizowaną diosminę + hesperydynę,,,,,kwas acetylosalicylowy w dawce antyagregacyjnej,enoksaparynę w dawce profilaktycznej,furosemid w dawce leczniczej,,,EGZ 2018 I termin,wysoka
UKŁAD POKARMOWY,Antidotum,lekarski,testowe,Nie powinno się zwalniać pasażu jelitowego w przebiegu:,zatrucia z objawami ogólnymi,biegunki z krwią w stolcu i gorączką,ostrej biegunki o niewielkim nasileniu,,,przewlekłej biegunki związanej z chorobą zapalną jelit,,,,,EGZ 2018 I termin,srednia
UKŁAD POKARMOWY,Klasyfikacja,lekarski,testowe,Związki bizmutu:,"tworzą nierozpuszczalne kompleksy z białkami wysiękowymi na powierzchni owrzodzenia, działając osłaniająco wobec kwasu solnego i pepsyny na uszkodzoną błonę śluzową żołądka i dwunastnicy",wchłaniają się z przewodu pokarmowego,bezpośrednio niszczą komórki Helicobacter pylori,mogą spowodować czarne zabarwienie języka i kału,,,,,,,EGZ 2018 I termin,srednia
UKŁAD WSPÓŁCZULNY,Wskazania,lekarski,testowe,Wskaż prawidłowe połączenie lek – wskazanie - dawka:,dobutamina – diagnostyka niedokrwienia mięśnia serca –wlew 2-20 mcg/kg m.c./min,"adrenalina – resuscytacja krążeniowo-oddechowa– w dawkach frakcjonowanych i.v. po 1 mg w rozcieńczeniu w 10 ml 0,9% NaCl",,,,noradrenalina – ciężka hipotonia – wlew 2-10 mcg/kg m.c./min,dopamina – ostra niewydolność mięśnia sercowego – wlew 1-3 mcg/kg m.c./min,,,,EGZ 2018 I termin,srednia
HEMOSTAZA,Klasyfikacja,lekarski,testowe,Skala HAS-BLED określa ryzyko krwawienia u osób z migotaniem przedsionków stosujących leczenie przeciwkrzepliwe na podstawie oceny:,wartości skurczowego ciśnienia tętniczego,czynności wątroby,stężenia kreatyniny,,,glikemii,,,,,EGZ 2018 I termin,srednia
UKŁAD WSPÓŁCZULNY,Wskazania,lekarski,testowe,Wskaż prawdziwe połączenie substancja uzależniająca - lek stosowany w terapii uzależnienia:,heroina - metadon,nikotyna – wareniklina,alkohol - nalmefen,,,amfetamina - deferoksamina,,,,,EGZ 2018 I termin,niska
LEKI MOCZOPĘDNE,Klasyfikacja,lekarski,testowe,Peptydy natriuretyczne zwiększają:,filtrację kłębuszkową,,,,,wydzielanie aldosteronu,glikemię,aktywność układu współczulnego,,,EGZ 2018 I termin,niska
ZABURZENIA RYTMU SERCA,Klasyfikacja,lekarski,testowe,Pacjent z objawową bradykardią = 35 uderzeń/min jest leczony poniższym zestawem leków. Który z nich należy niezwłocznie odstawić?,digoksynę,amiodaron,betaksolol,,,losartan,,,,,EGZ 2018 I termin,srednia
NADCIŚNIENIE TĘTNICZE,Klasyfikacja,lekarski,testowe,Irbesartan zwiększa w osoczu stężenie:,reniny,potasu,,,,bradykininy,aldosteronu,,,,EGZ 2018 I termin,niska
HEMOSTAZA,Klasyfikacja,lekarski,testowe,"70-letnia kobieta od miesiąca po wypisie ze szpitala otrzymuje kwas acetylosalicylowy + klopidogrel. Na tej podstawie można sądzić, że przebyła:",angioplastykę wieńcową z wszczepieniem stentu,zawał serca,,,,udar niedokrwienny mózgu,zatorowość płucną niewysokiego ryzyka,,,,EGZ 2018 I termin,niska
ZABURZENIA RYTMU SERCA,Działania niepożądane,lekarski,testowe,Wskaż prawdziwe połączenie lek – działanie niepożądane:,metoprolol – blok przedsionkowo-komorowy I stopnia,sotalol - wydłużenie odstępu QT,propafenon - zaburzenia hematopoezy,adenozyna - ból w klatce piersiowej,,,,,,,EGZ 2018 I termin,wysoka
NADCIŚNIENIE TĘTNICZE,Wskazania,lekarski,testowe,"59-letni mężczyzna z pozawałową niewydolnością serca (EF ok. 30%), z implantowanym ICD (kardiowerterem defibrylatorem) w prewencji pierwotnej NZK, z eGFR = 95%, z bólami pleców na skutek wielopoziomowej dyskopatii jest leczony: ramiprylem, karwedilolem, eplerenonem, indapamidem, preparatami chlorku potasu, magnezu z witaminą B6 i węglanu wapnia oraz paracetamolem i ketoprofenem. Które stwierdzenie jest prawdziwe?","opisana terapia stwarza zagrożenie hiperkaliemią, co trzeba monitorować","należy odstawić ketoprofen, bo może on osłabiać działanie leków w niewydolności serca",,,,ze względu na lepszą kontrolę choroby zamiast ramiprylu należy podać walsartan,indapamid jako lek potencjalnie nieskuteczny powinien zostać zastąpiony torasemidem,,,,EGZ 2018 I termin,wysoka
NADCIŚNIENIE TĘTNICZE,Klasyfikacja,lekarski,testowe,Wartości ciśnienia tętniczego może zwiększyć stosowanie:,piroksykamu,prednizonu,,,,eplerenonu,morfiny,,,,EGZ 2018 I termin,niska
OSTEOPOROZA,Mechanizm działania,lekarski,testowe,Kwas ibandronowy:,z dużym powinowactwem wiąże się ze zmineralizowaną kością,zmniejsza ryzyko złamania kręgów kręgosłupa u kobiet po menopauzie,hamuje aktywację osteoklastów,może spowodować martwicę szczęki,,,,,,,EGZ 2018 I termin,niska
LEKI HIPOLIPEMIZUJĄCE,Klasyfikacja,lekarski,testowe,Dodatkowe zmniejszenie stężenia cholesterolu LDL w surowicy można osiągnąć przez dodanie do statyn:,kolesewelamu,ewolokumabu,ezetymibu,,,PUFA – wielonienasyconych kwasów tłuszczowych,,,,,EGZ 2018 I termin,wysoka
HEMOSTAZA,Działania niepożądane,lekarski,testowe,Które stwierdzenie jest prawdziwe:,cilostazol wydłuża dystans marszu bez bólu u pacjentów z chromaniem przestankowym,stosowanie serelaksyny może przynieść korzyści pacjentom z ostrą niewydolnością mięśnia sercowego,do działań niepożądanych milrynonu należą zaburzenia rytmu serca,,,inhibitory fosfodiesterazy 5 mogą być podane łącznie z azotanami,,,,,EGZ 2018 I termin,niska
UKŁAD POKARMOWY,Klasyfikacja,lekarski,testowe,Fibraty (pochodne kwasu fibrynowego):,hamują uwalnianie frakcji lipidowej VLDL z wątroby,nasilają aktywność lipazy lipoproteinowej,,,,hamują wchłanianie tłuszczów złożonych z przewodu pokarmowego,zmniejszają stężenie frakcji HDL poprzez spadek syntezy Apo-A1 i Apo-AII,,,,EGZ 2018 I termin,srednia
UKŁAD POKARMOWY,Farmakokinetyka,lekarski,testowe,U chorych ze zdekompensowaną obukomorową niewydolnością serca:,znacznie opóźnione jest wchłanianie leków z przewodu pokarmowego,"leki hydrofilne dystrybuują się do płynu obrzękowego, co dodatkowo negatywnie wpływa na ich dystrybucję do narządów docelowych",zmniejsza się klirens wątrobowy wszystkich leków metabolizowanych w wątrobie niezależnie od stopnia ich ekstrakcji wątrobowej,,,stosunkowo mało zmniejsza się klirens nerkowy leków,,,,,EGZ 2018 I termin,srednia
FARMAKOKINETYKA,Interakcje,lekarski,testowe,Interakcją farmakodynamiczną jest:,nasilenie depresji OUN po skojarzeniu opioidów z etanolem,,,,,hamowanie wchłaniania z przewodu pokarmowego leków podawanych jednocześnie,wytrącenie się osadu po zmieszaniu dwóch leków w jednym roztworze do wstrzyknięcia,zwiększenie metabolizmu leków podawanych jednocześnie,,,EGZ 2018 I termin,srednia
LEKI MOCZOPĘDNE,Klasyfikacja,lekarski,testowe,Kwasicę metaboliczną mogą powodować:,metformina,kwas acetylosalicylowy,,,,diuretyki pętlowe,etanol,,,,EGZ 2018 I termin,srednia
LEKI PRZECIWBAKTERYJNE,Wskazania,lekarski,testowe,Klindamycyna:,jest aktywna wobec beztlenowców,,,,,dobrze przenika do płynu mózgowo-rdzeniowego,słabo selekcjonuje szczepy Clostridium difficile w jelicie,stosowana jest jako lek z wyboru w nierzeżączkowym zapaleniu cewki moczowej,,,EGZ 2017 I termin,wysoka
LEKI PRZECIWBAKTERYJNE,Struktura chemiczna,lekarski,testowe,Pierścień beta-laktamowy znajduje się w cząsteczce:,kloksacyliny,ceftazydymu,meropenemu,,,wankomycyny,,,,,EGZ 2017 I termin,wysoka
LEKI PRZECIWBAKTERYJNE,Mechanizm działania,lekarski,testowe,Wskaż prawdziwe połączenie lek – mechanizm działania:,tygecyklina - hamowanie biosyntezy białka w komórkach bakterii poprzez wiązanie się z podjednostką 30 S rybosomu,trimetoprim - inhibicja reduktazy kwasu dihydrofoliowego (DHFR),,,,metronidazol - blokowanie syntezy ściany komórkowej bakterii,teikoplanina - uszkodzenie DNA,,,,EGZ 2017 I termin,wysoka
LEKI PRZECIWBAKTERYJNE,Działania niepożądane,lekarski,testowe,Wskaż prawdziwe połączenie lek – działania niepożądane:,lewofloksacyna - drgawki,ceftriakson – zagęszczenie żółci,wankomycyna – zespół czerwonego karku,linezolid – trombocytopenia,,W celu zwiększenia bezpieczeństwa leczenia amikacyną mężczyzny z powikłanym zakażeniem układu moczowego należy:,,,,,EGZ 2017 I termin,wysoka
LEKI PRZECIWBAKTERYJNE,Wskazania,lekarski,testowe,W leczeniu pacjentki z niepowikłanym zapaleniem pęcherza moczowego można zastosować:,amoksycylinę z inhibitorem beta-laktamazy,fosfomycynę,cyprofloksacynę,furazydynę,,,,,,,EGZ 2017 I termin,wysoka
LEKI PRZECIWBAKTERYJNE,Klasyfikacja,lekarski,testowe,Lekiem przeciwbakteryjnym o wąskim zakresie działania przeciwbakteryjnego jest:,fenoksymetylopenicylina,nystatyna,,,,aksetyl cefuroksymu,chloramfenikol,,,,EGZ 2017 I termin,wysoka
LEKI PRZECIWBAKTERYJNE,Klasyfikacja,lekarski,testowe,Aktywność przeciwbakteryjną względem opornych na metycylinę szczepów Staphylococcus aureus (MRSA) ma:,linezolid,mupirocyna,wankomycyna,dalfoprystyna/chinuprystyna,,,,,,,EGZ 2017 I termin,wysoka
LEKI PRZECIWBAKTERYJNE,Klasyfikacja,lekarski,testowe,Profilaktyka infekcyjnego zapalenia wsierdzia (IZW) jest wskazana u osób z grup wysokiego ryzyka IZW w przypadku procedur:,dentystycznych z manipulacją w obrębie dziąseł lub okolicy około-wierzchołkowej zębów,"inwazyjnych w obrębie górnych dróg oddechowych, tj. usunięcie migdałka",,,,inwazyjnych w obrębie układu moczowo-płciowego,inwazyjnych w obrębie przewodu pokarmowego,,,,EGZ 2017 I termin,niska
LEKI PRZECIWWIRUSOWE,Działania niepożądane,lekarski,testowe,Gancyklowir:,może powodować uszkodzenie szpiku,,,,,jest inhibitorem proteazy wirusowej,bezpośrednio hamuje uwalnianie wirusów z zakażonych komórek,nie przenika do ośrodkowego układu nerwowego,,,EGZ 2017 I termin,srednia
LEKI PRZECIWBAKTERYJNE,Wskazania,lekarski,testowe,W standardowej profilaktyce okołooperacyjnej wskazane jest stosowanie:,wankomycyny,metronidazolu,cyprofloksacyny,cefazoliny,,,,,,,EGZ 2017 I termin,wysoka
LEKI PRZECIWGRZYBICZE,Wskazania,lekarski,testowe,W grzybiczym zakażeniu skóry gładkiej można zastosować miejscowo:,cyklopiroksolaminę,natamycynę,klotrimazol,,,kaspofunginę,,,,,EGZ 2017 I termin,wysoka
LEKI PRZECIWBAKTERYJNE,Wskazania,lekarski,testowe,Wskaż poprawną strategię postępowania w zakresie leczenia zakażeń:,leczenie empiryczne powinno uwzględniać miejsce powstania zakażenia: domowe lub związane z kontaktem ze służbą zdrowia,na podstawie antybiogramu należy dokonać deeskalacji leczenia,zasadą jest doustne leczenie przeciwinfekcyjne poza uzasadnionymi wyjątkami poza dekolonizacją MRSA przed operacjami,,,,,,,,EGZ 2017 I termin,wysoka
LEKI PRZECIWNOWOTWOROWE,Klasyfikacja,lekarski,testowe,W Polsce granica opłacalności procedur medycznych jest:,wykorzystywanym i usankcjonowanym prawnie kryterium refundacyjnym,"ustalona w oparciu o roczny koszt dializoterapii – przewlekłej, powszechnej i jednej z najdroższych procedur medycznych",ustalona w oparciu o 3 krotność produktu krajowego brutto per capita,odmienna dla leków stosowanych w chorobach onkologicznych,,,,,,,EGZ 2017 I termin,niska
LEKI PRZECIWBAKTERYJNE,Wskazania,lekarski,testowe,W leczeniu trądziku młodzieńczego racjonalne jest zastosowanie:,klindamycyny,doksycykliny,izotretinoiny,,,norfloksacyny,,,,,EGZ 2017 I termin,wysoka
LEKI PRZECIWWIRUSOWE,Klasyfikacja,lekarski,testowe,Istotne genetycznie uwarunkowane różnice działania stwierdzono dla:,abakawiru,karbamazepiny,warfaryny,,,diltiazemu,,,,,EGZ 2017 I termin,niska
UKŁAD POKARMOWY,Mechanizm działania,lekarski,testowe,Inhibitory dipeptydylopeptydazy IV (DPP IV):,mogą być stosowane łącznie z insuliną,zwiększają ryzyko wystąpienia dolegliwości ze strony przewodu pokarmowego,,,,powodują przyrost masy ciała,są podawane podskórnie,,,,EGZ 2017 I termin,niska
CUKRZYCA,Działania niepożądane,lekarski,testowe,Wskaż zdanie/zdania prawdziwe:,empagliflozyna – zmniejsza ryzyko śmierci z przyczyn sercowo￾naczyniowych u chorych z cukrzycą typu 2,metformina – zmniejsza ryzyko powikłań makroangiopatycznych,,,,sitagliptyna - pomimo euglikemii może spowodować kwasicę ketonową,gliklazyd – powoduje redukcję masy ciała,,,,EGZ 2017 I termin,wysoka
TARCZYCA,Działania niepożądane,lekarski,testowe,Stosowanie tiamazolu może być przyczyną:,żółtaczki cholestatycznej,agranulocytozy,wysypki skórnej,niedoczynności tarczycy,,,,,,,EGZ 2017 I termin,srednia
UKŁAD PRZYWSPÓŁCZULNY,Klasyfikacja,lekarski,testowe,Leczenie triamcynolonem może pogorszyć przebieg:,jaskry,zaburzeń nastroju,zaćmy,osteoporozy,,,,,,,EGZ 2017 I termin,niska
CUKRZYCA,Klasyfikacja,lekarski,testowe,"Pacjent nieprzytomny, z hipoglikemią po spożyciu alkoholu, powinien otrzymać:",20% roztwór glukozy i.v,,,,,glukagon i.m,glukozę p.o,glukagon s.c,,,EGZ 2017 I termin,srednia
OSTEOPOROZA,Klasyfikacja,lekarski,testowe,Potwierdzone klinicznie zmniejszenie ryzyka złamania kości udowej w przebiegu osteoporozy występuje w wyniku leczenia:,ranelinianem strontu,kwasem ibandronowy,,,,raloksyfenem,kalcytoniną,,,,EGZ 2017 I termin,wysoka
GLIKOKORTYKOSTEROIDY,Wskazania,lekarski,testowe,Wskaż prawidłowe połączenie - wskazanie do stosowania glikokortykosteroidów - uzasadnienie zastosowania:,poród przedwczesny – stymulowanie dojrzewania płuc płodu,astma – ograniczenie procesu zapalnego,przełom nadnerczowy – leczenie substytucyjne,,,mononukleoza zakaźna – efekt immunosupresyjny,,,,,EGZ 2017 I termin,srednia
LEKI PRZECIWBAKTERYJNE,Działania niepożądane,lekarski,testowe,Do działań niepożądanych środków antykoncepcyjnych zalicza się:,trądzik,depresję,zwiększenie ryzyka udaru mózgu,,,zwiększenie ryzyka raka jajnika,,,,,EGZ 2017 I termin,niska
TARCZYCA,Wskazania,lekarski,testowe,Witamina D3 (cholekalcyferol):,może być stosowana w niedoczynności przytarczyc,w nadmiarze hamuje wzrost kości,,,,mimo stosowania w dużych dawkach nie chroni przed osteoporotycznymi złamaniami kości,jest nieaktywna u chorych z niewydolnością nerek,,,,EGZ 2017 I termin,niska
UKŁAD POKARMOWY,Klasyfikacja,lekarski,testowe,Działanie przeczyszczające wykazuje:,siarczan magnezu,dokusan sodowy,,,,werapamil,racekadotryl,,,,EGZ 2017 I termin,wysoka
LEKI PRZECIWNOWOTWOROWE,Antidotum,lekarski,testowe,Mesna :,powoduje upłynnienie wydzieliny w drzewie oskrzelowym,jest antidotum przeciw metabolitowi cyklofosfamidu drażniącemu błonę śluzową dróg moczowych,jest stosowana miejscowo w postaci inhalacji,może wywołać skurcz oskrzeli,,,,,,,EGZ 2017 I termin,niska
ZNIECZULENIA MIEJSCOWE,Klasyfikacja,lekarski,testowe,Do leków znieczulających miejscowo stosowanych na błony śluzowe należy:,prylokaina,lidokaina,,,,chlorek etylu,kapsaicyna,,,,EGZ 2017 I termin,wysoka
LEKI PRZECIWNOWOTWOROWE,Mechanizm działania,lekarski,testowe,Inhibitorem kinaz białkowych jest:,rapamycyna,imatynib,,,,bortezomib,lenalidomid,,,,EGZ 2017 I termin,niska
LEKI PRZECIWHISTAMINOWE,Wskazania,lekarski,testowe,Betahistyna:,zwiększa przepływ krwi w uchu wewnętrznym,jest stosowana w leczeniu choroby Méniére'a,,,,jest agonistą receptorów H3,jest lekiem z wyboru w przedsionkowych zawrotach głowy,,,,EGZ 2017 I termin,niska
PADACZKA,Klasyfikacja,lekarski,testowe,Lekiem stosowanym w neuropatii popółpaścowej jest:,amitryptylina,pregabalina,lidokaina,gabapentyna,,,,,,,EGZ 2017 I termin,srednia
NARKOTYCZNE LEKI PRZECIWBÓLOWE,Klasyfikacja,lekarski,testowe,Na drugim stopniu drabiny analgetycznej wg WHO znajduje się:,morfina w dawce ≤ 30 mg/dobę,kodeina w dawce ≤360 mg/dobę,oksykodon w dawce ≤20 mg/dobę,,,fentanyl w dawce ≤ 10 mg/dobę,,,,,EGZ 2017 I termin,wysoka
HEMOSTAZA,Farmakokinetyka,lekarski,testowe,Wskaż prawidłowe zdanie:,czas odstawienia rywaroksabanu przed planowanym zabiegiem chirurgicznym zależy od ryzyka krwawienia,jeśli uzyskano stabilną hemostazę antagonisty witaminy K włącza się w 1. dobie po zabiegu chirurgicznym,,,,warfaryny nie należy odstawiać wcześniej niż na 2 dni przed planowanym zabiegiem chirurgicznym,czas odstawienia edoksabanu przed zabiegiem chirurgicznym nie zależy od wartości klirensu kreatyniny,,,,EGZ 2017 I termin,wysoka
HEMOSTAZA,Klasyfikacja,lekarski,testowe,Wskaż prawidłowy lek przeciwzakrzepowego u osoby z:,zapaleniem żył głębokich - rywaroksaban,ciążą - enoksaparyna,mechaniczną zastawką serca – warfaryna,,,niewydolnością nerek (CCr <30ml/min) – dabigatran,,,,,EGZ 2017 I termin,wysoka
HEMOSTAZA,Wskazania,lekarski,testowe,Podczas leczenia przeciwzakrzepowego z zastosowaniem nadroparyny należy:,kontrolować liczbę płytek,rozważyć korektę dawek u osób otyłych,,,,monitorować dawki za pomocą oznaczenia APTT,"zmniejszyć dawkę w każdym przypadku, jeśli eGFR osiąga wartość mniejszą niż 90 ml/min",,,,EGZ 2017 I termin,wysoka
HEMOSTAZA,Sposób podania,lekarski,testowe,Kangrelor:,jest wskazany podczas przezskórnych interwencji wieńcowych łącznie z kwasem acetylosalicylowym,,,,,jest agonistą receptora P2Y12,wymaga aktywacji w przewodzie pokarmowym,działa przez 1-2 doby,,,EGZ 2017 I termin,niska
HEMOSTAZA,Wskazania,lekarski,testowe,Na istotnie zmniejszoną skuteczność doustnych antagonistów witaminy K może mieć wpływ spożywanie:,szpinaku,,,,,oleju rybnego zawierającego nienasycone kwasy tłuszczowe omega -3,witaminy E,czosnku,,,EGZ 2017 I termin,niska
HEMOSTAZA,Klasyfikacja,lekarski,testowe,"Pacjentom, którzy przebyli udar niedokrwienny mózgu należy zalecić profilaktykę wtórną. Do leków o udokumentowanym działaniu zmniejszających ryzyko następnego udaru należy:",simwastatyna,klopidogrel,lizynopryl,kwas acetylosalicylowy,,,,,,,EGZ 2017 I termin,niska
LEKI HIPOLIPEMIZUJĄCE,Wskazania,lekarski,testowe,Fenofibrat:,zmniejsza stężenie trójglicerydów i zwiększa stężenie cholesterolu HDL,zwiększa ryzyko kamicy pęcherzyka żółciowego,,,,hamuje reduktazę 3-hydroksy-3-metyloglutarylo-CoA (HMG-CoA),nie może być stosowany w połączeniu ze statyną,,,,EGZ 2017 I termin,wysoka
LEKI MOCZOPĘDNE,Klasyfikacja,lekarski,testowe,Hiperurykemię może spowodować:,torasemid,kwas acetylosalicylowy,,,,losartan,allopurynol,,,,EGZ 2017 I termin,srednia
ZABURZENIA RYTMU SERCA,Klasyfikacja,lekarski,testowe,Odstęp QT mogą wydłużać:,amiodaron,sotalol,,,,propranolol,diltiazem,,,,EGZ 2017 I termin,wysoka
NADCIŚNIENIE TĘTNICZE,Wskazania,lekarski,testowe,Indapamid:,ma działanie naczyniorozszerzające,może spowodować hiponatremię,zmniejsza wydalanie wapnia z moczem,jest chętnie stosowany w przewlekłej terapii nadciśnienia tętniczego u osób po 80 roku życia,,,,,,,EGZ 2017 I termin,srednia
LEKI ROŚLINNE I SUPLEMENTY,Wskazania,lekarski,testowe,Produkty biopodobne:,są automatycznie zamienne (substytucja),muszą mieć potwierdzoną podobną immunogenność,,,,są rejestrowane w procedurze zdecentralizowanej,po dopuszczeniu do obrotu mogą być stosowane we wszystkich wskazaniach zamiennie,,,,EGZ 2017 I termin,niska
LEKI PRZECIWPASOŻYTNICZE,Wskazania,lekarski,testowe,W leczeniu zarażenia glistą ludzką stosujemy:,pyrantel,albendazol,,,,tynidazol,krotamiton,,,,EGZ 2017 I termin,wysoka
LEKI PRZECIWWIRUSOWE,Wskazania,lekarski,testowe,W leczeniu grypy zaleca się:,zanamiwir,oseltamiwir,,,,acyklowir,foskarnet,,,,EGZ 2017 I termin,wysoka
UKŁAD ODDECHOWY,Wskazania,lekarski,testowe,"W przypadku dotychczas nieleczonych chorych, u których objawy astmy oskrzelowej w ciągu dnia występują sporadycznie (<2 razy w miesiącu), objawy nocne nie występują, nie ma czynników ryzyka zaostrzeń (także w wywiadzie), a czynność płuc jest prawidłowa należy zastosować:",fenoterol doraźnie,,,,,montelukast przewlekle,regularnie małe dawki cyklezonidu,teofilinę krótkodziałającą,,,EGZ 2017 I termin,wysoka
UKŁAD PRZYWSPÓŁCZULNY,Wskazania,lekarski,testowe,Bromek glikopironium :,wykazuje synergizm działania bronchodylatacyjnego z indakaterolem,jest stosowany w leczeniu podtrzymującym w POChP,,,,jest wziewnym agonistą receptorów muskarynowych,rozszczepia wiązania disiarczkowe w glikoproteinach śluzu,,,,EGZ 2017 I termin,srednia
UKŁAD POKARMOWY,Wskazania,lekarski,testowe,W leczeniu przewlekłego zapalenia trzustki celowe może być zastosowanie:,suplementacji enzymów trzustkowych,tramadolu,pantoprazolu,fluoksetyny,,,,,,,EGZ 2017 I termin,srednia
LEKI PRZECIWBAKTERYJNE,Klasyfikacja,lekarski,testowe,Profilaktyka przeciwmalaryczna w warunkach wysokiego ryzyka zakażenia Plasmodium falciparum obejmuje stosowanie:,repelentów,atowakwonu/proguanilu,doksycykliny,,,artemetru/lumefantryny,,,,,EGZ 2017 I termin,srednia
LEKI PRZECIWBAKTERYJNE,Przeciwwskazania,lekarski,testowe,Adalimumab:,jest rekombinowanym w pełni ludzkim przeciwciałem monoklonalnym,neutralizuje biologiczną czynność TNF,jest przeciwwskazany w ciężkich zakażeniach,,,"jest wytwarzany z użyciem komórek zwierzęcych, co wiadomo na podstawie ujednoliconych zasad nadawania nazw przeciwciałom monoklonalnym",,,,,EGZ 2017 I termin,niska
CUKRZYCA,Wskazania,lekarski,testowe,"Dla insuliny aspart u pacjentów z umiarkowaną i ciężką niewydolnością wątroby stwierdzono: t max = ok. 85 min (tmax = ok. 40 minut u pacjentów z prawidłową czynnością wątroby); AUC, Cmax i CL/F były podobne do pacjentów z prawidłową czynnością wątroby. Na tej podstawie u osób z niewydolnością wątroby uzasadnione jest:",wcześniejsze podanie leku przed posiłkiem,stosowanie leku u osób z 7-15 pkt wg skali Childa-Pugha,,,,wyłącznie dożylne podawanie leku,redukcja dawki początkowej o ½ oszacowanej na podstawie m.c. i wyjściowej glikemii,,,,EGZ 2017 I termin,srednia
NADCIŚNIENIE TĘTNICZE,Klasyfikacja,lekarski,testowe,Wartości ciśnienia tętniczego mogą się zwiększyć po włączeniu:,metyloprednizolonu,diklofenaku,,,,eplerenonu,urapidylu,,,,EGZ 2017 I termin,srednia
CHOROBA NIEDOKRWIENNA SERCA,Klasyfikacja,lekarski,testowe,"Farmakoterapię otyłości należy rozważyć, gdy:",BMI> 27 kg/m2 i glikemia na czczo >100mg/dl,BMI≥ 30 kg/m2 i stwierdzono ponowny wzrost masy ciała pomimo wdrożonych procedur niefarmakologicznych,BMI> 27 kg/m2 i SBP ≥160 mmHg,,,"BMI≥ 30 kg/m2, a wcześniejsze procedury niefarmakologiczne spowodowały redukcję masy ciała w przedziale 7-10 kg",,,,,EGZ 2017 I termin,niska
CUKRZYCA,Klasyfikacja,lekarski,testowe,Wzrost masy ciała mogą spowodować:,chlorpromazyna,insulina,kwas walproinowy,,,liraglutyd,,,,,EGZ 2017 I termin,srednia
NARKOTYCZNE LEKI PRZECIWBÓLOWE,Klasyfikacja,lekarski,testowe,Który z leków istotnie zwiększa ryzyko napadów drgawkowych:,tramadol,amitryptylina,prometazyna,,,klorazepan,,,,,EGZ 2017 I termin,niska
FARMAKOLOGIA OGÓLNA I EBM,Wskazania,lekarski,testowe,"Zgoda komisji bioetycznej jest niezbędna, gdy planowane jest przeprowadzenie:",badania klinicznego fazy III,eksperymentu leczniczego,badania klinicznego niekomercyjnego,,,"zastosowania leku off-label, ale zgodnie z aktualną wiedzą medyczną",,,,,EGZ 2017 I termin,srednia
LEKI PRZECIWWIRUSOWE,Wskazania,lekarski,testowe,W procedurze centralnej rejestruje się leki stosowane w:,chorobach rzadkich,terapii HIV,terapii genowej,,,populacji geriatrycznej,,,,,EGZ 2017 I termin,niska
FARMAKOLOGIA OGÓLNA I EBM,Klasyfikacja,lekarski,testowe,Pierwotnym źródłem wiedzy o lekach są:,publikacje wyników badań klinicznych,,,,,wytyczne praktyki klinicznej,charakterystyki produktów leczniczych,podręczniki farmakologii i indeksy leków,,,EGZ 2017 I termin,niska
LEKI ROŚLINNE I SUPLEMENTY,Wskazania,lekarski,testowe,Wskazaniem do stosowania retinolu jest:,łuszczyca,niedowidzenie o zmierzchu,,,,polineuropatia obwodowa,osteomalacja,,,,EGZ 2017 I termin,niska
CHOROBA NIEDOKRWIENNA SERCA,Przeciwwskazania,lekarski,testowe,Feksofenadyna:,jest podawana doustnie,,,,,działa nieselektywnie na rec. H1,przenika w znacznym stopniu przez barierę krew- mózg,działa kardiotoksycznie i jest przeciwwskazana w chorobie niedokrwiennej serca,,,EGZ 2017 I termin,niska
HEMOSTAZA,Klasyfikacja,lekarski,testowe,Wskaż wady dekstranów:,utrudniają wiarygodne oznaczenie grupy krwi i próby krzyżowej,są immunogenne,,,,powodują przyrost objętości wewnątrznaczyniowej przekraczający ich objętość,działają prozakrzepowo,,,,EGZ 2017 I termin,niska
OTĘPIENIE,Wskazania,lekarski,testowe,Podanie rywastygminy jest uzasadnione u pacjentów z:,otępieniem w przebiegu choroby Parkinsona,chorobą Alzheimera,,,,otępieniem naczyniopochodnym,otępieniem czołowo-skroniowym,,,,EGZ 2017 I termin,wysoka
LEKI PRZECIWLĘKOWE,Wskazania,lekarski,testowe,W alkoholowym zespole odstawiennym celowe może być zastosowanie:,tiaminy,diazepamu,płynoterapia z suplementacją elektrolitów,,,akamprozatu,,,,,EGZ 2017 I termin,niska
LEKI IMMUNOSUPRESYJNE,Wskazania,lekarski,testowe,Mykofenolan mofetylu:,jest wskazany w profilaktyce ostrego odrzucania przeszczepu serca,zwiększa ryzyko wystąpienia nowotworów,,,,należy do inhibitorów mTOR,stosowany w czasie ciąży jest bezpieczny dla płodu,,,,EGZ 2017 I termin,srednia
NIEWYDOLNOŚĆ SERCA,Działania niepożądane,lekarski,testowe,Iwabradyna:,może powodować zaburzenia widzenia,wybiórczo i swoiście wpływa na na prąd If rozrusznika serca,,,,obniża kurczliwość mięśnia sercowego,wydłuża czas repolaryzacji komór,,,,EGZ 2017 I termin,niska
CHOROBA NIEDOKRWIENNA SERCA,Wskazania,lekarski,testowe,Monoazotan izosorbidu:,jest skuteczny po podaniu doustnym,poprawia ukrwienie obszarów podwsierdziowych serca,,,,podlega istotnemu efektowi pierwszego przejścia przez wątrobę,jest przeciwwskazany w naczynioskurczowej postaci choroby wieńcowej,,,,EGZ 2017 I termin,srednia
HEMOSTAZA,Wskazania,lekarski,testowe,"W leczeniu owrzodzeń żylnych, jako leczenie uzupełniające, skuteczne są:",mikronizowana diosmina,opatrunki ze srebrem,pentoksyfilina,filgrastym,,,,,,,EGZ 2017 I termin,srednia
OTĘPIENIE,Klasyfikacja,lekarski,testowe,Funkcje kognitywne u osób bez zaburzeń poznawczych poprawiają:,piracetam,winpocetyna,nicergolina,metylfenidat,,,,,,,EGZ 2017 I termin,wysoka
LEKI PRZECIWPSYCHOTYCZNE,Monitorowanie,lekarski,testowe,Klozapina:,może być skuteczna w lekoopornej schizofrenii,wymaga monitorowania morfologii krwi,nasila objawy zespołu metabolicznego,,,w małych dawkach zalecana jest do leczenia bezsenności,,,,,EGZ 2017 I termin,srednia
NARKOTYCZNE LEKI PRZECIWBÓLOWE,Wskazania,lekarski,testowe,W terapii substytucyjnej uzależnienia od opioidów celowe może być zastosowanie:,buprenorfiny,metadonu,,,,nalokson,warenikliny,,,,EGZ 2017 I termin,wysoka
LEKI PRZECIWBAKTERYJNE,Działania niepożądane,lekarski,testowe,Silnie hepatotoksycznie działa:,izoniazyd,pirazynamid,ryfampicyna,,,streptomycyna,,,,,EGZ 2017 I termin,wysoka
LEKI PRZECIWBAKTERYJNE,Ciąża,lekarski,testowe,Etambutol:,zapobiega powstawaniu lekooporności na inne leki przeciwprątkowe,może spowodować zaburzenia widzenia barwnego,,,,nie powinien być stosowany przez kobiety w ciąży,nie jest stosowany w leczeniu gruźlicy pozapłucnej,,,,EGZ 2017 I termin,wysoka
LEKI NASENNE,Wskazania,lekarski,testowe,Wskaż prawdziwe połączenie lek – wskazanie:,zolpidem - bezsenność,rotygotyna – zespół niespokojnych nóg,alprazolam - napady paniki,fluoksetyna – zaburzenia kompulsywne,,,,,,,EGZ 2017 I termin,srednia
LEKI PRZECIWDEPRESYJNE,Struktura chemiczna,lekarski,testowe,"Jeśli leczymy depresję, to:",u pacjentów z niewydolnością nerek lekiem pierwszego wyboru może być sertralina,istnieje zwiększone ryzyko zachowań samobójczych u pacjentów w wieku poniżej 25 lat w okresie rozpoczynania leczenia przeciwdepresyjnego,,,,u osób starszych preferujemy trójpierścieniowe laki przeciwdepresyjne,brak poprawy po 4 tygodniach leczenia sugeruje rozpoznanie depresji lekoopornej,,,,EGZ 2017 I termin,wysoka
UKŁAD ODDECHOWY,Klasyfikacja,lekarski,testowe,Działanie przeciwkaszlowe wykazuje:,dekstrometorfan,kodeina,,,,loperamid,prometazyna,,,,EGZ 2017 I termin,wysoka
NIEWYDOLNOŚĆ SERCA,Antidotum,lekarski,testowe,Atropina jest stosowana w przypadku zatrucia:,grzybami strzępiakami i lejkówkami,glikozydami naparstnicy,związkami fosforoorganicznymi,,,pokrzykiem wilczą jagodą,,,,,EGZ 2017 I termin,srednia
TARCZYCA,Klasyfikacja,lekarski,testowe,W porównaniu do osób dorosłych w populacji pediatrycznej:,zmieniona reakcja na leki jest uwarunkowana przede wszystkim zmianami w farmakokinetyce leków,do osiągnięcia stężenia terapeutycznego leku mogą wystarczyć w pierwszym kwartale życia (w przeliczeniu na masę ciała) mniejsze dawki leku,"w pierwszym półroczu życia leki wydalane przez nerki są eliminowane wolniej, a ich biologiczny okres półtrwania jest dłuższy",w pierwszym roku życia frakcja wolna leku może być większa,,,,,,,EGZ 2017 I termin,niska
NIEWYDOLNOŚĆ SERCA,Wskazania,lekarski,testowe,Inhibitory fosfodiesterazy typu 5:,są skuteczne w leczeniu zaburzeń erekcji,"nie mogą być przyjmowane jednocześnie z azotanami z uwagi na duże ryzyko wystąpienia ciężkiej, niekorygowalnej hipotonii",,,,wydłużają dystans marszu bez bólu u pacjentów z chromaniem przestankowym,mają działanie inotropowe dodatnie,,,,EGZ 2017 I termin,niska
UKŁAD POKARMOWY,Klasyfikacja,lekarski,testowe,Wpływ rozkurczający na mięśniówkę przewodu pokarmowego ma:,drotaweryna,,,,,itopryd,mesalazyna,ryfaksymina,,,EGZ 2017 I termin,wysoka
LEKI PRZECIWBAKTERYJNE,Działania niepożądane,lekarski,testowe,Lanzoprazol stosowany przewlekle powoduje:,wzrost ryzyka zakażenia Clostridum difficile,wzrost ryzyka infekcji dróg oddechowych,zmniejszenie wchłaniania wapnia z przewodu pokarmowego,zmniejszenie przekształcania klopidogrelu do aktywnych pochodnych,,,,,,,EGZ 2017 I termin,niska
LEKI PRZECIWBAKTERYJNE,Mechanizm działania,lekarski,testowe,Sposób eradykacji Helicobacter pylori zalecany w Polsce to:,"podwójna dawka IPP, metronidazol, tetracyklina, cytrynian bizmutu przez 14 dni",,,,,"terapia sekwencyjna przez 10 dni - podwójna dawka IPP (inhibitora pompy protonowej) z amoksycyliną (dni 1-5), a następnie z klarytromycyną i metronidazolem (dni 6-10)","podwójna dawka IPP, amoksycylina, klarytromycyna przez 10 dni","podwójna dawka IPP, amoksycylina, klarytromycyna, metronidazol przez 14 dni",,,EGZ 2017 I termin,wysoka
LEKI PRZECIWBAKTERYJNE,Ciąża,lekarski,testowe,Udokumentowane działanie teratogenne wykazuje:,trimetoprim-sulfametoksazol,warfaryna,kwas walproinowy,gentamycyna,,,,,,,EGZ 2017 I termin,wysoka
LEKI PRZECIWDEPRESYJNE,Antidotum,lekarski,testowe,Wskaż prawdziwe połączenie lek – odtrutka:,oksazepam - flumazenil,trójpierścieniowe leki przeciwdepresyjne – wodorowęglan sodu,żelazo - deferoksamina,warfaryna - fitomenadion,,,,,,,EGZ 2017 I termin,srednia
CHOROBA NIEDOKRWIENNA SERCA,Mechanizm działania,lekarski,testowe,Wazodylatacyjny mechanizm działania azotanów zależy od:,wzrostu stężenia cGMP,defosforylacji łańcuchów lekkich miozyny,,,,hamowania aktywności cyklazy guanylowej,pobudzania kanałów potasowych,,,,EGZ 2017 I termin,srednia
ZABURZENIA RYTMU SERCA,Działania niepożądane,lekarski,testowe,Bradykardia może wystąpić po zastosowaniu:,werapamilu,,,,,nifedypiny,trimetazydyny,spironolaktonu,,,EGZ 2017 I termin,srednia
UKŁAD WSPÓŁCZULNY,Farmakokinetyka,lekarski,testowe,Teoretyczną przesłanką stosowania beta-adrenolityków w chorobie wieńcowej serca jest:,usprawnienie metabolizmu kardiomiocytów,zapobieganie proarytmicznemu działaniu katecholamin,poprawa perfuzji warstwy podwsierdziowej,korzystny wpływ hemodynamiczny zmniejszający zapotrzebowanie mięśnia sercowego na tlen,,,,,,,EGZ 2017 I termin,srednia
NIEWYDOLNOŚĆ SERCA,Wskazania,lekarski,testowe,Digoksyna:,aktywuje układ przywspółczulny,wywiera arytmie i zaburzenia przewodzenia,jest stosowana w celu kontroli częstotliwości rytmu komór u chorych z migotaniem przedsionków,w zatruciu można zastosować fragmenty Fab przeciwciał wiążących,,,,,,,EGZ 2017 I termin,niska
NADCIŚNIENIE TĘTNICZE,Wskazania,lekarski,testowe,Wskaż prawdziwe połączenie lek – wskazanie:,ranolazyna - stabilna choroba niedokrwienna serca,,,,,cilostazol - ostra niewydolność mięśnia sercowego,milrynon - migotanie przedsionków,riocyguat - nadciśnienie tętnicze,,,EGZ 2017 I termin,srednia
NADCIŚNIENIE TĘTNICZE,Wskazania,lekarski,testowe,Do leków stosowanych w leczeniu nadciśnienia tętniczego ze wskazań naglących (RR>180/120 mmHg z powikłaniami narządowymi) należą:,esmolol,urapidyl,,,,doksazosyna,kaptopryl,,,,EGZ 2017 I termin,wysoka
NIEWYDOLNOŚĆ SERCA,Klasyfikacja,lekarski,testowe,Do leków zmniejszających ryzyko zgonu sercowo-naczyniowego w przebiegu skurczowej niewydolności serca należy:,bisoprolol,eplerenon,sakubitril w skojarzeniu z walsartanem,,,digoksyna,,,,,EGZ 2017 I termin,wysoka
CHOROBA NIEDOKRWIENNA SERCA,Wskazania,lekarski,testowe,"U 67-letniej kobiety z dyskomfortem zamostkowym występującym przy wchodzeniu na 3 piętro i ustępującym w spoczynku, z blokiem przedsionkowo-komorowym II stopnia typu Mobitza w badaniu met. Holtera należy zastosować:",rosuwastatynę,kwas acetylosalicylowy,triazotan glicerolu w aerozolu,,,nebiwolol,,,,,EGZ 2017 I termin,niska
FARMAKOKINETYKA,Monitorowanie,lekarski,testowe,Wskaż prawidłowe zasady prowadzenia terapii monitorowanej stężeniami leku:,oznaczenia należy wykonywać po osiągnięciu przez lek stanu stacjonarnego,"pomiary należy wykonywać w momencie Cmin, czyli tuż przed podaniem kolejnej, zwykle porannej dawki leku",w większości przypadków wystarczy oznaczenie całkowitego stężenia leku,w przypadku leków o kinetyce liniowej można wyliczyć modyfikację dawki na podstawie pomiarów aktualnych i znajomości docelowych stężeń leku we krwi,,,,,,,EGZ 2017 I termin,niska
ZABURZENIA RYTMU SERCA,Wskazania,lekarski,testowe,Które stwierdzenie jest prawdziwe:,propafenon nie jest zalecany u pacjentów z chorobą wieńcową,amiodaron można stosować w celu zwiększenia skuteczności kardiowersji elektrycznej,,,,dronedaron zmniejsza umieralność u pacjentów z niewydolnością serca w klasie III/IV NYHA,beta-adrenolityki stosuje się w celu kardiowersji farmakologicznej,,,,EGZ 2017 I termin,wysoka
LEKI HIPOLIPEMIZUJĄCE,Działania niepożądane,lekarski,testowe,W celu oceny działań niepożądanych w trakcie leczenia atorwastatyną należy sprawdzić:,aktywność kinazy fosfokreatynowej (CPK),aktywność enzymów wątrobowych (AST/ALT),,,,stężenie glukozy,stężenie peptydu natriuretycznego typu B (BNP),,,,EGZ 2017 I termin,niska
LEKI MOCZOPĘDNE,Wskazania,lekarski,testowe,W leczeniu zagrażającej życiu hiperkaliemii można zastosować:,10 ml 10% chlorku lub glukonianu wapnia i.v. w 10 min bolusie,500 ml 20% glukozy z 20 j.m. insuliny krótkodziałającej i.v. przez 1-2 godziny,hemodializę,,,diuretyki pętlowe i.v,,,,,EGZ 2017 I termin,wysoka
UKŁAD WSPÓŁCZULNY,Mechanizm działania,lekarski,testowe,Powinowactwo do receptorów alfa-1-adrenergicznych wykazuje:,doksazosyna,labetalol,adrenalina,karwedilol,,,,,,,EGZ 2017 I termin,wysoka
UKŁAD POKARMOWY,Wskazania,lekarski,testowe,Apiksaban jest substratem dla P-gp. Co to oznacza?,silne induktory P-gp o działaniu ogólnoustrojowym zmniejszają skuteczność apiksabanu,,,,,lek jest wchłaniany z p. pokarmowego z wykorzystaniem transportu ułatwionego,jest metabolizowany w wątrobie i nie powinien być stosowany u osób z 10- 15 pkt wg skali Childa-Pugha,"jest prawdopodobne, że hemodializa byłaby skutecznym środkiem zaradczym podczas przedawkowania apiksabanu",,,EGZ 2017 I termin,srednia
FARMAKOKINETYKA,Klasyfikacja,lekarski,testowe,Opis rzedowości procesu:,Dotyczy wszystkich etapów farmakokinetycznych,Definiuje dynamiki zmian w układzie stężenie-czas w zależności od budowy chemicznej leku,Może się zmienić dla leku w trakcie pojedynczej ekspozycji,Powstaje ostatecznie w badaniach w medelu zwierzęcym,,,,,,,EGZ 2017 II termin,niska
FARMAKOKINETYKA,Farmakokinetyka,lekarski,testowe,Jeśli proces eliminacji leku przez nerki jest opisany kinetyką zerowego rzędu to:,Procesy wchłaniania i dystrybucji również opisane są kinetyką zerowego rzędu,Szybkość procesu eliminacji nerkowej jest stała,,,,Stężenie leku w moczu jest odwrotnie proporocjonalne do stężenia leku we krwi,Klirens nerkowy leku jest wprost proporcjonalny do stężeniu leku,,,,EGZ 2017 II termin,srednia
FARMAKOKINETYKA,Farmakokinetyka,lekarski,testowe,Wskaż właściwie zdefiniowane parametry farmakokinetyczne,AUC – pole pod krzywą zmian stężenia leku we krwi w czasie,,,,,T1/2 – czas po którym stężenie leku we krwi jest równe stężeniu leku gdyby biodostępność wynosiła 50%,Tmax – maksymalny czas w którym stężeniu leku we krwi jest wykrywalne,Cmax – stężenie leku we krwi osiągane po podaniu dożylnym,,,EGZ 2017 II termin,srednia
LEKI PRZECIWBAKTERYJNE,Mechanizm działania,lekarski,testowe,Do zwiększenia przepuszczalności bariery krew mózg dla leków dochodzi w przypadku,Zapalenia opon mózgowo-rdzeniowych,Niedokrwienia mózgu,,,,Chorób neurodegeneracyjnych,Chorób autoimmunologicznych,Wskaż prawidłowe połączenie antybiotyk – mechanizm działania,,,EGZ 2017 II termin,niska
LEKI PRZECIWBAKTERYJNE,Mechanizm działania,lekarski,testowe,Azytromycyna,Kumuluje się w makrofagach,Ma długi okres półtrwania,,,,Słabo wchłania się z PP,Hamuje enzymy cytochromu P-450,,,,EGZ 2017 II termin,niska
LEKI PRZECIWBAKTERYJNE,Działania niepożądane,lekarski,testowe,Działanie ototoksyczne wskazują,Salicylany,Aminoglikozydy,,,,Glitazony,Penicyliny,,,,EGZ 2017 II termin,srednia
LEKI PRZECIWBAKTERYJNE,Wskazania,lekarski,testowe,W leczeniu boreliozy można użyć,Amoksycyliny,Cefuroksymu aksetylu,Azytromycyny,Doksycykliny,,,,,,,EGZ 2017 II termin,wysoka
LEKI PRZECIWBAKTERYJNE,Mechanizm działania,lekarski,testowe,Syntezę ściany komórkowej hamuje,Imipenem,Wankomycyna,,,,Erytromycyna,Mupirocyna,,,,EGZ 2017 II termin,wysoka
LEKI PRZECIWBAKTERYJNE,Interakcje,lekarski,testowe,Reakcje disulfiramową może spowodować spożycie alkoholu podczas terapii,Metronidazol,,,,,Klindamycyną,Piperalicyna,Cyprofloksacyna,,,EGZ 2017 II termin,wysoka
LEKI PRZECIWBAKTERYJNE,Wskazania,lekarski,testowe,W zakażeniach Mycoplasama pneumoniae można zastosować,Doksycykline,Klarytromycyne,,,,Amoksycyline,Ceftriakson,,,,EGZ 2017 II termin,wysoka
LEKI PRZECIWBAKTERYJNE,Wskazania,lekarski,testowe,Makrolidy mogą być skuteczne w zakażeniach,H. influenza,L. pneumophila,H. pylori,T. gondi,,,,,,,EGZ 2017 II termin,srednia
LEKI PRZECIWBAKTERYJNE,Wskazania,lekarski,testowe,W zakazeniu Clostridium diff. skuteczne sa:,Metronidazol,Wankomycyna,,,,Amoksycylina,Klindamycyna,,,,EGZ 2017 II termin,wysoka
LEKI PRZECIWBAKTERYJNE,Klasyfikacja,lekarski,testowe,Na MRSA działa,Wankomycyna,Linezolid,,,,Cefazolina,Meropenem,,,,EGZ 2017 II termin,wysoka
LEKI PRZECIWBAKTERYJNE,Działania niepożądane,lekarski,testowe,Kolistyna,Działa nefrotoksycznie,,,,,Działa głównie na bakterie Gram+,Dobrze wchłania się po podaniu PO,Jest wydalana głównie z kałem,,,EGZ 2017 II termin,niska
LEKI PRZECIWBAKTERYJNE,Klasyfikacja,lekarski,testowe,Zagrożenia dla płodu jest mało prawdopodobne po,Amoksycyliny z kwasem klawulanowym,Erytromycyny,Cefuroksymu,,,Amikacyny,,,,,EGZ 2017 II termin,wysoka
LEKI PRZECIWGRZYBICZE,Działania niepożądane,lekarski,testowe,Ketokonazol,Jest dostępny w postaci szamponu,Ma zostosowanie w zespole Cushinga,Wykazuje działanie hepatotoksyczne,,,Nie wchłania się po podaniu doustnym,,,,,EGZ 2017 II termin,niska
LEKI PRZECIWBAKTERYJNE,Klasyfikacja,lekarski,testowe,Do leków i rzutu w gruźlicy należy,Ryfampicyna,Izoniazyd,Pyryzynamid,,,Kanamycna,,,,,EGZ 2017 II termin,wysoka
UKŁAD POKARMOWY,Klasyfikacja,lekarski,testowe,Podczas stosowania morfiny nie rozwija się tolerancja na TYLKO NA TE!!!,Zaparcia,Zwężenie źrenic,,,,Wymioty,Depresję oddechową,,,,EGZ 2017 II termin,srednia
NARKOTYCZNE LEKI PRZECIWBÓLOWE,Sposób podania,lekarski,testowe,W farmakoterapii silnego bólu przebijającego stosujemy,Morfinę doustnie w dawkach ratunkowych,Fentanyl w postaci dopoliczkowej,Buprenorfinę podjęzykowo,Fentanyl w postaci donosowej,,,,,,,EGZ 2017 II termin,wysoka
UKŁAD POKARMOWY,Klasyfikacja,lekarski,testowe,Ośrodkowe działania opioidów obejmują,Działanie przeciwkaszlowe,Wymioty,,,,Zwiększenie ciśnienia w drogach żółciowych,Zaparcia,,,,EGZ 2017 II termin,srednia
NARKOTYCZNE LEKI PRZECIWBÓLOWE,Klasyfikacja,lekarski,testowe,Efekt pułapowy wykazuje,Buprenorfina,,,,,Morfina,Kodeina,Metadon,,,EGZ 2017 II termin,wysoka
CUKRZYCA,Działania niepożądane,lekarski,testowe,Metformina,Zaburza wchłanianie witaminy B12,Może powodować kwasicę metaboliczną,,,,Stymuluje wydzielanie insuliny,Powoduje przyrost masy ciała,,,,EGZ 2017 II termin,srednia
CUKRZYCA,Klasyfikacja,lekarski,testowe,Szybkie analogi insuliny,Lispro,Aspart,,,,Glargina,Detemir,,,,EGZ 2017 II termin,niska
ANTYKONCEPCJA,Działania niepożądane,lekarski,testowe,Działania niepożądane hormonalnych środków antykoncepcyjnych z powodu obecności gestagenu,Przyrost masy ciała,Obniżenie libido,Depresja,Hirsutyzm,,,,,,,EGZ 2017 II termin,srednia
HORMONY PŁCIOWE,Klasyfikacja,lekarski,testowe,Hiperprolaktynemia,Karbegolina,Bromokryptyna,,,,Gorserelina,Finasteryd,,,,EGZ 2017 II termin,niska
CUKRZYCA,Sposób podania,lekarski,testowe,Terapia cukrzycy typu 2 podskórnie,Detemir,,,,,Glipizyd,Liraglutyd,Linagliptyna,,,EGZ 2017 II termin,wysoka
TARCZYCA,Klasyfikacja,lekarski,testowe,Terapia nadczynności tarczycy,Jod radioaktywny,Bisoprolol,Tiamazol,Propylotiouracyl,,,,,,,EGZ 2017 II termin,wysoka
LEKI IMMUNOSUPRESYJNE,Działania niepożądane,lekarski,testowe,Cyklosporyna,Jest eliminowana przez wątrobę,Jest stosowana w celu zapobiegania odrzucania przeszczepów,,,,Jest aktywatorem kalcyneuryny,Może powodować atrofię dziąseł,,,,EGZ 2017 II termin,wysoka
LEKI PRZECIWBAKTERYJNE,Klasyfikacja,lekarski,testowe,Podczas terapii GKS może dojsć do pogorszenia przebiegu,Cukrzycy,Gruźlicy,Osteoporozy,,,Małopłytkowości idiopatycznej,,,,,EGZ 2017 II termin,niska
NIEOPIOIDOWE LEKI PRZECIWBÓLOWE,Działania niepożądane,lekarski,testowe,Wzrostu ryzyka sercowo-naczyniowego NIE powoduje,Kwas acetylosalicylowy,,,,,Celekoksyb,Indometacyna,Ketoprofen,,,EGZ 2017 II termin,wysoka
NIEOPIOIDOWE LEKI PRZECIWBÓLOWE,Działania niepożądane,lekarski,testowe,Zmniejszenie ryzyka gastrotoksyczności NLPZ – co możemy,Analogi PGE1,IPP,,,,GKS,Preparaty o wybiórczym powinowactwie do COX1,,,,EGZ 2017 II termin,srednia
NIEOPIOIDOWE LEKI PRZECIWBÓLOWE,Działania niepożądane,lekarski,testowe,Paracetamol,Jest metabolizowany przez enzymy cytochromu P-450,,,,,Działa silnie przeciwzapalnie,Hamuje COX2 w OUN,Wykazuje działanie gastrotoksyczne,,,EGZ 2017 II termin,srednia
LEKI PRZECIWNOWOTWOROWE,Wskazania,lekarski,testowe,Leki immunosupresyjne,Powodują upośledzenie odporności komórkowej,Są lekami o wąskim wskaźniku terapeutycznym,,,,Zapobiegają rozwojowi nowotworów,Znajdują zastosowanie w terapii chorób neurodegeneracyjnych,,,,EGZ 2017 II termin,niska
UKŁAD ODDECHOWY,Wskazania,lekarski,testowe,Wskaż prawidłowe pary lek – wskazanie,Bromoheksyna – astma oskrzelowa,,,,,Acetylocysteina – ostre zapalenie zatok obocznych nosa,Dornaza alfa – sarkoidoza,Ambroksol – infekcyjne zaostrzenie POChP,,,EGZ 2017 II termin,wysoka
UKŁAD WSPÓŁCZULNY,Wskazania,lekarski,testowe,"W celu przerwania ataku duszności Zależy jakiej dusznosći. Duszności przygodnej będą same SABA, jak mamy zaostrzenie astmy to GKS też",Fenoterol,Salbutamol,,,,Salmeterol,Flutikazon,,,,EGZ 2017 II termin,wysoka
UKŁAD ODDECHOWY,Wskazania,lekarski,testowe,Omalizumab,Blokuje łączenie IgE z komórkami tucznymi,Zmniejsza liczbę zaostrzeń astmy,,,,Stosowany jest w astmie o umiarkowanej ciężkości,Zwiększa zapotrzebowanie na GKS,,,,EGZ 2017 II termin,srednia
UKŁAD WSPÓŁCZULNY,Mechanizm działania,lekarski,testowe,Farmakoterapia POChP kategoria A i B,Krótko i długo działające cholinolityki,Krótko i długo działające beta2 adrenomimetyki,,,,GKS,Inhibitory fosfodiesterazy 4,,,,EGZ 2017 II termin,niska
FARMAKOKINETYKA,Mechanizm działania,lekarski,testowe,Omeprazol,Powoduje nieodwracalne zablokowanie pompy protonowej,Jest inhibitorem enzymów cytochromu P-450,,,,Hamuje wydzielanie kwasu solnego przez 6-12h,Jest aktywowany przez pepsynę,,,,EGZ 2017 II termin,srednia
UKŁAD POKARMOWY,Mechanizm działania,lekarski,testowe,Metoklopramid,Jest agonistą receptorów dopaminowych,Działa przeciwwymiotnie,,,,Zmniejsza objawy pozapiramidowe,Zmniejsza stężenie prolaktyny,,,,EGZ 2017 II termin,srednia
UKŁAD POKARMOWY,Mechanizm działania,lekarski,testowe,Przewlekłe zapalenie trzustki z alkoholu,Preparaty enzymów trzustkowych,Leki przeciwbólowe,,,,GKS,Leki przeciwbakteryjne,,,,EGZ 2017 II termin,niska
UKŁAD POKARMOWY,Klasyfikacja,lekarski,testowe,"Chory z encefalopatią wątrobową, możemy",Asparaginian ornityny,Laktuloza,Ryfaksymina,,,Piracetam,,,,,EGZ 2017 II termin,srednia
LEKI PRZECIWBAKTERYJNE,Klasyfikacja,lekarski,testowe,Schematy eradykacji H. Pylori (rekomendowane),Pantoprazol/cytrynian bizmutu/tetracyklina/metronidazol,,,,,Cytrynian bizmutu/metronidazol,Mizoprostol/metronidazol/klarytromycyna,Ranitydyna/amoksycylina/metronidazol,,,EGZ 2017 II termin,wysoka
HEMOSTAZA,Klasyfikacja,lekarski,testowe,"Lek przeciwzakrzepowy – czas odstawienia (planowa, duże ryzyko krwawienia, nerki prawidłowe)",Dabigatran – 1 dzień,,,,,Warfaryna – 2 dni,Acenokumarol – 10 dni,Kwas acetylosalicylowy – 5 dni,,,EGZ 2017 II termin,wysoka
HEMOSTAZA,Monitorowanie,lekarski,testowe,Lek – monitorowanie,Heparyna niefrakcjonowana – APTT,,,,,Dabigatran – INR,Acenokumarol – czas ekarynowy,Rywaroksaban – czas trombinowy,,,EGZ 2017 II termin,wysoka
HEMOSTAZA,Mechanizm działania,lekarski,testowe,Działanie antyagregacyjne,Antagoniści receptorów P2Y12,,,,,Agoniści receptorów GP IIb/IIIa,Inhibitory COX2,Agoniści receptorów TXA2,,,EGZ 2017 II termin,srednia
HEMOSTAZA,Klasyfikacja,lekarski,testowe,Zahamowanie agregacji płytek zależne od ADP po,Klopidogrelu,Tikagreloru,,,,Enoksaparyny,Dipyridamolu,,,,EGZ 2017 II termin,wysoka
LEKI HIPOLIPEMIZUJĄCE,Klasyfikacja,lekarski,testowe,Statyny,Zmniejszają stężenie cholesterolu LDL,Zmniejszą stężenie triglicerydów,,,,Nie wpływają na stężenie cholesterolu wewnątrzkomórkowego,Zmniejszają stężęnie cholesterolu HDL,,,,EGZ 2017 II termin,srednia
LEKI HIPOLIPEMIZUJĄCE,Klasyfikacja,lekarski,testowe,Wielokierunkowe działanie statyn,Poprawę funkcji śródbłonka,Efekt przeciwzapalny,Wpływ na fibrynolizę,Stabilizację blaszki miażdżycowej,,,,,,,EGZ 2017 II termin,niska
CUKRZYCA,Klasyfikacja,lekarski,testowe,Farmakoterapia otyłości,Liraglutyd,Orlistat,,,,Paroksetyna,Naltrekson,,,,EGZ 2017 II termin,niska
UKŁAD WSPÓŁCZULNY,Klasyfikacja,lekarski,testowe,Do beta adrenolityków zmniejszających śmiertelność w skurczowej niewydolności serca,Nebiwolol,,,,,Atenolol,Esmolol,Acebutolol,,,EGZ 2017 II termin,wysoka
CHOROBA NIEDOKRWIENNA SERCA,Klasyfikacja,lekarski,testowe,Donory NO,Nikorandil,Molsidomina,Diazontanizosorbitol,,,Trimetazydyna,,,,,EGZ 2017 II termin,srednia
UKŁAD WSPÓŁCZULNY,Mechanizm działania,lekarski,testowe,Leki I wyborou w monoterapii NT,Antagoniści receptora angiotensynowego,Antagoniści kanałów wapniowych,,,,Alfa1 adrenolityki,Inhibitory reniny,,,,EGZ 2017 II termin,niska
LEKI MOCZOPĘDNE,Mechanizm działania,lekarski,testowe,Zmniejszenie śmiertnelności w skurczowej niewydolności serca,Inhibitory konwertazy angiotensyny,Antagoniści aldosteronu,,,,Waptany,Diuretyki pętlowe,,,,EGZ 2017 II termin,srednia
NADCIŚNIENIE TĘTNICZE,Interakcje,lekarski,testowe,Przeciwskane jest jednoczesne stosowanie beta adrenolityków i,Werapamilu,,,,,Kaptoprylu,Torasemidu,Irbesartanu,,,EGZ 2017 II termin,srednia
NADCIŚNIENIE TĘTNICZE,Klasyfikacja,lekarski,testowe,Stan kliniczny – lek nadciśnieniowy,Mikroalbuminuria – peryndopryl,Tętniak aorty – bisoprolol,Ciąża – metyldopa,Chory po 80 rż. – indapamid,,,,,,,EGZ 2017 II termin,wysoka
NIEWYDOLNOŚĆ SERCA,Klasyfikacja,lekarski,testowe,Inotropowe dodatnie,Lewosymendan,Milrinon,,,,Nesirytyd,Sakubitryl,,,,EGZ 2017 II termin,wysoka
NADCIŚNIENIE TĘTNICZE,Interakcje,lekarski,testowe,Skojarzenia leków w nadciśnieniu,Inhibitor konwertazy angiotensyny + diuretyk tiazydowy,Inhibitor konwertazy angiotensyny + antagonista wapnia,Diuretyk tiazydowy + antagonista wapnia,,,Sartan + inhibitor konwertazy angiotensyny,,,,,EGZ 2017 II termin,wysoka
ZABURZENIA RYTMU SERCA,Klasyfikacja,lekarski,testowe,Amlodypina – działanie,Zmniejszające opór obwodowy,,,,,Chronotropowe dodatnie,Inotropowe ujemne,Dromotropowe ujemne,,,EGZ 2017 II termin,srednia
ZABURZENIA RYTMU SERCA,Klasyfikacja,lekarski,testowe,Dławica naczynioskurczowa (Prinzmetala),Diltiazem,Werapamil,,,,Atenolol,Prazosyna,,,,EGZ 2017 II termin,srednia
NADCIŚNIENIE TĘTNICZE,Klasyfikacja,lekarski,testowe,Hiperkaliemia przy stosowaniu,Kaptoprylu,Amilorlydu,,,,Torasemidu,Hydrochlortiazydu,,,,EGZ 2017 II termin,srednia
HEMOSTAZA,Klasyfikacja,lekarski,testowe,OZW – postepowanie,Furasemidu i.m,"Tikaglerolu p.o Klopidogrel bardziej, ale powiedzmy ze tak",Morfiny s.c,Kwasu acetylosalicylowego p.o,,,,,,,EGZ 2017 II termin,niska
ZABURZENIA RYTMU SERCA,Wskazania,lekarski,testowe,Amiodaron ???,Jest stosowany w arytmiach opornych na inne leki,,,,,Działa inotropowo ujemnie,Jest skuteczny wyłącznie w arytmiach komorowych,Jest agonistą kanałów potasowych,,,EGZ 2017 II termin,srednia
LEKI MOCZOPĘDNE,Działania niepożądane,lekarski,testowe,Eplerenon,Selektywnie wiąże się z receptorem dla mineralokortykoidów,,,,,Nie powoduje hiperkaliemii,Jest agonistą receptorów dla androgenów,Powoduje hipernatremię,,,EGZ 2017 II termin,srednia
PADACZKA,Działania niepożądane,lekarski,testowe,TLPD – działania niepożądane,Zwiększenie masy ciała,Obniżenie progu drgawkowego,Suchowść w ustach,Nad lub niedociśnienie tętnicze,,,,,,,EGZ 2017 II termin,niska
PADACZKA,Mechanizm działania,lekarski,testowe,Lek przeciwpadaczkowy – mechanizm,Gabapentyna – nasilenie transmisji GABA,Karbamazepina – blokokowanie kanałów sodowych,Etosuksymid – blokowanie kanałów wapniowych,,,Lamotrygina – pobudzenie synaptycznego uwalniania aminokwasów,,,,,EGZ 2017 II termin,wysoka
LEKI HIPOLIPEMIZUJĄCE,Monitorowanie,lekarski,testowe,Klozapina wymaga monitorowania Wszystkie wymagają LPP,Morfologii,Masy ciała,Lipidogramu,Glikemii,,,,,,,EGZ 2017 II termin,niska
UKŁAD POKARMOWY,Działania niepożądane,lekarski,testowe,Fluoksetyna,Hamuje wychwyt zwrotny serotoniny,,,,,Ma istotny wpływ na układ krążenia,Często powoduje zaparcia,Nie działa na enzymy cytochromu P-450,,,EGZ 2017 II termin,niska
LEKI PRZECIWDEPRESYJNE,Klasyfikacja,lekarski,testowe,"Zespoł serotoninowy – fluoksetyna i… MAO A i = 5-HT, NA, A, DA, tyramina.... MAO B i = DA i 5-HT",Klomipramina,Linezolid,Wenlafaksyna,Moklobemid,,,,,,,EGZ 2017 II termin,wysoka
UKŁAD POKARMOWY,Klasyfikacja,lekarski,testowe,Choroba Wilsona,Siarczan cynku,D-penicylamina,,,,Ropinirol,Siarczan magnezu,,,,EGZ 2017 II termin,niska
PADACZKA,Klasyfikacja,lekarski,testowe,Farmakoterapia bólu neuropatycznego jakiego? :D Tako to wszystkie LPD i przeciwpadaczkowe,Gabapentyna,Amitryptylina,Duloksetyna,,,Ibuprofen,,,,,EGZ 2017 II termin,srednia
UKŁAD WSPÓŁCZULNY,Klasyfikacja,lekarski,testowe,Profilaktyka migreny,Metoprolol,Flunaryzyna,,,,Indometacyna to w hemikranii,Toksyna botulinowa,,,,EGZ 2017 II termin,niska
HEMOSTAZA,Klasyfikacja,lekarski,testowe,Alteplaza,W udarze niedokrwiennym mózgu,,,,,Przed planowaną kardiowersją,W zatorowości płucnej niewysokiego ryzyka,W TIA,,,EGZ 2017 II termin,niska
LEKI HIPOLIPEMIZUJĄCE,Klasyfikacja,lekarski,testowe,Profilaktyka wtórna udaru mózgu,Dipirydamol,Atorwastatyna,Enoksapyrana,Kwas acetylosalicylowy,,,,,,,EGZ 2017 II termin,niska
LEKI PRZECIWBAKTERYJNE,Interakcje,lekarski,testowe,Azytromycyna:,jest stosowana w nierzeżączkowym zapaleniu cewki moczowej,,,,,jest słabo wchłaniana z przewodu pokarmowego,ma bardzo krótki okres półtrwania,istotnie klinicznie hamuje aktywność izoenzymu CYP3A4,,,EGZ 2016 I termin,srednia
LEKI PRZECIWBAKTERYJNE,Działania niepożądane,lekarski,testowe,Do działań niepożądanych doksycykliny zaliczamy:,fotodermatozy,zaburzenia czynności cewek nerkowych wywołane przez jej produkty rozpadu,zapalenie wątroby,zaburzenia rozwoju zębów i kości,,,,,,,EGZ 2016 I termin,niska
LEKI PRZECIWBAKTERYJNE,Sposób podania,lekarski,testowe,Ceftriakson:,należy do cefalosporyn III generacji,może być podawany dożylnie,,,,wykazuje aktywność wobec MRSA,nie wykazuje aktywności wobec Borrelia burgdorferi,,,,EGZ 2016 I termin,wysoka
LEKI PRZECIWBAKTERYJNE,Klasyfikacja,lekarski,testowe,Pseudomonas aeruginosa jest wrażliwy na działanie:,kolistyny,tobramycyn,,,,telawancyny,cefazoliny,,,,EGZ 2016 I termin,wysoka
LEKI PRZECIWBAKTERYJNE,Wskazania,lekarski,testowe,W terapii empirycznej bakteryjnego zapalenia opon mózgowo-rdzeniowych u osób dorosłych zalecane są:,cefotaksym z wankomycyną,ceftriakson z wankomycyną,,,,ampicylina z gentamycyną,ampicylina z deksametazonem,,,,EGZ 2016 I termin,wysoka
LEKI PRZECIWBAKTERYJNE,Klasyfikacja,lekarski,testowe,"Efekt bakteriobójczy zależny od czasu, w którym stężenie leku jest większe od MIC wykazują:",amoksycylina z kwasem klawulanowym,ceftriakson,,,,lewofloksacyna,amikacyna,,,,EGZ 2016 I termin,wysoka
LEKI PRZECIWBAKTERYJNE,Mechanizm działania,lekarski,testowe,"Leki przeciwdrobnoustrojowe, których mechanizm działania polega na hamowaniu biosyntezy ściany komórkowej bakterii to:",cefadroksyl,wankomycyna,bacytracyna,,,klindamycyna,,,,,EGZ 2016 I termin,wysoka
LEKI PRZECIWBAKTERYJNE,Klasyfikacja,lekarski,testowe,Aktywność przeciwbakteryjną względem Legionella spp. ma:,moksyfloksacyna,azytromycyna,tygecyklina,,,metronidazol,,,,,EGZ 2016 I termin,wysoka
LEKI PRZECIWBAKTERYJNE,Wskazania,lekarski,testowe,Jodopowidon znalazł zastosowanie w:,dezynfekcji skóry przed nakłuciem,leczeniu zakażeń pochwy florą mieszaną,profilaktyce zakażeń ran,leczeniu zakażeń błony śluzowej jamy ustnej,,,,,,,EGZ 2016 I termin,niska
LEKI PRZECIWWIRUSOWE,Wskazania,lekarski,testowe,Inhibitory neuraminidazy:,hamują uwalnianie wirusów z zakażonych komórek,można je stosować w leczeniu grypy typu A i B,,,,nie różnią się między sobą pod względem skuteczności i działań niepożądanych,nie są skuteczne w profilaktyce grypy,,,,EGZ 2016 I termin,srednia
LEKI PRZECIWBAKTERYJNE,Interakcje,lekarski,testowe,Cyprofloksacyna:,ma efekt działania zależny od skumulowanej ekspozycji,jest stosowana w leczeniu empirycznym niepowikłanego ostrego odmiedniczkowego zapalenia nerek,może być podawana dożylnie,,,nie wydłuża odstępu QT,,,,,EGZ 2016 I termin,niska
LEKI PRZECIWBAKTERYJNE,Klasyfikacja,lekarski,testowe,"Leczenie przeciwbakteryjne powinno być zlecone, jeśli w badaniu mikrobiologicznym zostanie stwierdzone:",obecność Escherichia coli w dwóch posiewach krwi obwodowej,brak wzrostu bakterii we krwi u osoby z klinicznymi i radiologicznymi cechami zapalenia płuc,,,,nosicielstwo szczepu alarmowego w przewodzie pokarmowym,trzy gatunki bakterii w posiewie moczu,,,,EGZ 2016 I termin,srednia
LEKI PRZECIWBAKTERYJNE,Klasyfikacja,lekarski,testowe,Przeciwinfekcyjna farmakoprofilaktyka medyczna jest zalecana:,w ciężkiej neutropenii trwającej > 7 dni u osób z ostrymi białaczkami,nieszczepionym osobom z grup ryzyka ciężkiego przebiegu choroby po kontakcie z chorym na grypę,,,,po implantacji stentów wieńcowych przez 12 miesięcy,podczas przewlekłego cewnikowania pęcherza moczowego,,,,EGZ 2016 I termin,niska
LEKI PRZECIWGRZYBICZE,Wskazania,lekarski,testowe,W grzybiczym zakażeniu paznokci zastosowanie ma:,itrakonazol,terbinafina,,,,natamycyna,kaspofungina,,,,EGZ 2016 I termin,wysoka
LEKI PRZECIWBAKTERYJNE,Wskazania,lekarski,testowe,"Po ugryzieniu przez kleszcza, gdy obserwujemy rumień wędrujący, racjonalne jest zastosowanie:",amoksycyliny,doksycykliny,cefuroksymu,azytromycyny,,,,,,,EGZ 2016 I termin,wysoka
LEKI PRZECIWWIRUSOWE,Wskazania,lekarski,testowe,W leczeniu zakażenia wirusem opryszczki (Herpes) stosuje się:,foskarnet,acyklowir,,,,rymantadynę,lamiwudynę,,,,EGZ 2016 I termin,wysoka
CUKRZYCA,Wskazania,lekarski,testowe,Metformina:,jest wskazana w stanie przedcukrzycowym,zmniejsza śmiertelność w cukrzycy typu 2,,,,hamuje kanały potasowe zależne od ATP w komórkach B trzustki,nie może być stosowana w skojarzeniu z insuliną,,,,EGZ 2016 I termin,wysoka
CUKRZYCA,Wskazania,lekarski,testowe,W leczeniu hipoglikemii stosuje się:,węglowodany proste doustnie,glukozę dożylnie,węglowodany złożone doustnie,,,glukagon doustnie,,,,,EGZ 2016 I termin,srednia
TARCZYCA,Wskazania,lekarski,testowe,Liotyronina:,odpowiada ona naturalnemu hormonowi T3,ma krótszy okres półtrwania niż lewotyroksyna,,,,jest lekiem z wyboru w niedoczynności tarczycy,jest przeciwwskazana w leczeniu śpiączki hipometabolicznej,,,,EGZ 2016 I termin,wysoka
TARCZYCA,Wskazania,lekarski,testowe,Wskazaniem do zastosowania jodku potasu może być:,ochrona tarczycy przed jodem radioaktywnym,przygotowanie do usunięcia tarczycy,przełom tyreotoksyczny,zapobieganie powstawaniu wola z niedoboru jodu,,,,,,,EGZ 2016 I termin,niska
LEKI HIPOLIPEMIZUJĄCE,Wskazania,lekarski,testowe,W leczeniu hiperprolaktynemii stosuje się:,bromokryptynę,karbegolinę,,,,somatostatynę,terlipresynę,,,,EGZ 2016 I termin,niska
HORMONY PŁCIOWE,Interakcje,lekarski,testowe,Działanie antyandrogenne wykazuje:,octan cyproteronu,ketokonazol,finasteryd,bikalutamid,,,,,,,EGZ 2016 I termin,srednia
GLIKOKORTYKOSTEROIDY,Klasyfikacja,lekarski,testowe,Glikokortykosteroidy zwiększają:,produkcję surfaktantu,,,,,ekspresję genu osteokalcyny,stężenie wapnia w surowicy krwi,syntezę testosteronu,,,EGZ 2016 I termin,niska
HORMONY PŁCIOWE,Klasyfikacja,lekarski,testowe,Efektem nadmiaru gestagenów może być:,depresja,łojotok skóry,przyrost masy ciała,hirsutyzm,,,,,,,EGZ 2016 I termin,niska
LEKI PRZECIWPASOŻYTNICZE,Wskazania,lekarski,testowe,W leczeniu wągrzycy (cysticerkozy) stosujemy:,prazykwantel,albendazol,,,,metronidazol,iwermektynę bo,,,,EGZ 2016 I termin,wysoka
LEKI PRZECIWBAKTERYJNE,Klasyfikacja,lekarski,testowe,Działanie zapierające wykazuje:,werapamil,węglan wapnia,odwar z suchych owoców borówki czernicy,,,erytromycyna,,,,,EGZ 2016 I termin,niska
HEMOSTAZA,Działania niepożądane,lekarski,testowe,Stosowanie kwasu acetylosalicylowego może być przyczyną:,zaostrzenia astmy,retencji sodu i wody,niedokrwistości,,,zakrzepicy żył głębokich,,,,,EGZ 2016 I termin,niska
LEKI PRZECIWDEPRESYJNE,Działania niepożądane,lekarski,testowe,Efekty gastrotoksyczne związane ze stosowaniem niesteroidowych leków przeciwzapalnych może nasilać:,zolendronian,"fluoksetyna tak, SSRI też",acenokumarol,prednizon,,,,,,,EGZ 2016 I termin,srednia
HEMOSTAZA,Ciąża,lekarski,testowe,Zastosowanie ibuprofenu w 3 trymestrze ciąży może spowodować:,przedwczesne zamknięcie przewodu Botalla,zwiększone ryzyko krwawienia u matki,zwiększone ryzyko obrzęków u matki,,,zwiększenie czynności skurczowej macicy,,,,,EGZ 2016 I termin,niska
BÓLE GŁOWY,Klasyfikacja,lekarski,testowe,Napad migreny przerywa:,winian ergotaminy,sumatryptan,ibuprofen,,,metoklopramid,,,,,EGZ 2016 I termin,wysoka
ZNIECZULENIA MIEJSCOWE,Wskazania,lekarski,testowe,W leczeniu neuralgii popółpaśćcowej można zastosować:,8% kapsaicynę w kremie,5% lidokainę w plastrach,amitryptylinę,,,metamizol,,,,,EGZ 2016 I termin,srednia
UKŁAD POKARMOWY,Przeciwwskazania,lekarski,testowe,Loperamid:,w dawkach terapeutycznych nie działa ośrodkowo,jest przeciwwskazany we wrzodziejącym zapaleniu jelita grubego,,,,jest agonistą receptorów serotoninowych w jelicie,wykazuje działanie przeciwbólowe,,,,EGZ 2016 I termin,srednia
NARKOTYCZNE LEKI PRZECIWBÓLOWE,Działania niepożądane,lekarski,testowe,Fentanyl:,hamuje ośrodek oddechowy,,,,,działa neurotoksycznie,ma aktywne metabolity,uwalnia histaminę,,,EGZ 2016 I termin,niska
NIEOPIOIDOWE LEKI PRZECIWBÓLOWE,Wskazania,lekarski,testowe,Nefopam,jest inhibitorem wychwytu zwrotnego serotoniny i noradrenaliny,u osób starszych może wywoływać omamy,,,,hamuje wybiórczo cyklooksygenazę typu 2,u dzieci może być stosowany w profilaktyce drgawek gorączkowych,,,,EGZ 2016 I termin,srednia
UKŁAD POKARMOWY,Klasyfikacja,lekarski,testowe,W zespole abstynencyjnym w uzależnieniu od opioidów występują:,rozszerzenie źrenic,wymioty i biegunka,bezsenność,łzawienie i wyciek z nosa,,,,,,,EGZ 2016 I termin,srednia
CUKRZYCA,Działania niepożądane,lekarski,testowe,Redukcję masy ciała może powodować stosowanie:,fluoksetyny,metforminy,liraglutydu,,,insuliny,,,,,EGZ 2016 I termin,wysoka
HEMOSTAZA,Wskazania,lekarski,testowe,"W udarze niedokrwiennym mózgu możesz zastosować tkankowy aktywator plazminogenu jeśli stwierdzisz, że pacjent:",doustne leczenie przeciwkrzepliwe (INR=1.5),ma wartości ciśnienia tętniczego: SBP ≤ 185 mm Hg lub DBP ≤ 110 mm Hg,ma czas od wystąpienia objawów udaru mózgu nie przekraczający 4.5h,,,jest w podeszłym wieku (> 80 lat),,,,,EGZ 2016 I termin,wysoka
HEMOSTAZA,Wskazania,lekarski,testowe,"U 76 letniej kobiety z napadowym migotaniem przedsionków, cukrzycą i nadciśnieniem tętniczym (Cha2DS2VASc = 5 pkt) i niskim ryzykiem krwawienia (HAS-BLED = 2 pkt) wskazane w przewlekłej profilaktyce są:",warfaryna,eteksylan dabigatranu,,,,kwas acetylosalicylowy,fondaparynuks,,,,EGZ 2016 I termin,wysoka
HEMOSTAZA,Ciąża,lekarski,testowe,Rywaroksaban:,wymaga redukcji dawki w niewydolności nerek,,,,,odwracalnie blokuje receptor GP IIb/IIIa,występuje w postaci proleku,jest stosowany w profilaktyce choroby zakrzepowo-zatorowej w czasie ciąży,,,EGZ 2016 I termin,srednia
HEMOSTAZA,Mechanizm działania,lekarski,testowe,Do leków działających na receptor P2Y12 zaliczamy:,prasugrel,,,,,apiksaban,worapaksar,dypirydamol,,,EGZ 2016 I termin,wysoka
LEKI HIPOLIPEMIZUJĄCE,Działania niepożądane,lekarski,testowe,Do częstych działań niepożądanych atorwastatyny należy:,uszkodzenie wątroby,,,,,rogowacenie ciemne,miopatia,uderzenia gorąca,,,EGZ 2016 I termin,niska
FARMAKOKINETYKA,Działania niepożądane,lekarski,testowe,Orlistat:,może być przyczyną wystąpienia tłuszczowych stolców,może być stosowany u osób z chorobami układu krążenia,,,,ma wysoką biodostępność po podaniu doustnym,zwiększa wchłanianie witaminy D,,,,EGZ 2016 I termin,niska
NADCIŚNIENIE TĘTNICZE,Farmakokinetyka,lekarski,testowe,Wybierz właściwe zestawienia lek prekursorowy – jego aktywny metabolit:,cileksetyl kandesartanu → kandesartan,,,,,eplerenon → kanrenon,lizynopryl → lizynoprylat,nebiwolol → tlenek azotu,,,EGZ 2016 I termin,srednia
LEKI MOCZOPĘDNE,Działania niepożądane,lekarski,testowe,Torasemid w przeciwieństwie do furosemidu nie powoduje:,retencji sodu po efekcie natiuretycznym przy podaniu 1 x 24 h,,,,,efektu natiuretycznego po podaniu doustnym,reakcji alergicznych w nadwrażliwości na związki sulfonamidowe,hiperkalcemii,,,EGZ 2016 I termin,srednia
NADCIŚNIENIE TĘTNICZE,Klasyfikacja,lekarski,testowe,Hiponatremię z dużym stężeniem Na+ w moczu (> 20 mmol/l) może spowodować:,karbamazepina,fluoksetyna,indapamid,,,prednizon,,,,,EGZ 2016 I termin,niska
LEKI IMMUNOSUPRESYJNE,Wskazania,lekarski,testowe,Wskaż prawidłowe połączenie lek-wskazanie:,omalizumab – astma,denosumab – osteoporoza,,,,natalizumab – reumatoidalne zapalenie stawów,infliksymab – stwardnienie rozsiane,,,,EGZ 2016 I termin,wysoka
FARMAKOKINETYKA,Farmakokinetyka,lekarski,testowe,"Jeśli wartość AUC leku oceniona w badaniach przedklinicznych jest większa po podaniu dożylnym niż po podaniu doustnym, to oznacza, że:",brak jest wystarczających danych do określenia przyczyny mniejszej wartości AUC leku po podaniu p.o,biodostępność leku po podaniu i.v. jest większa niż po podaniu p.o,,,,AUC leku ocenione w badaniach klinicznych będzie podobne,lek powinien być stosowany na czczo,,,,EGZ 2016 I termin,niska
LEKI PRZECIWBAKTERYJNE,Wskazania,lekarski,testowe,Daptomycyna ma dwukompartmentowy model rozmieszczenia w organizmie (t 1/2 α= 7 min i t 1/2β = 5 h). Na tej podstawie uzasadniony jest następujący wniosek:,po szybkiej fazie dystrybucji następuje wolniejsza faza eliminacji,występuje utrudnienie w redystrybucji leku z tkanek do krążenia ogólnego,,,,lek wchłania się na dużej długości przewodu pokarmowego,lek rozmieszcza się głównie w obszarach hydrofilnych,,,,EGZ 2016 I termin,niska
UKŁAD ODDECHOWY,Wskazania,lekarski,testowe,W terapii POChP u osób o niewielkim ryzyku i nasilonych objawach (kategoria B) stosuje się:,salmeterol,bromek aklidynium,,,,wziewne glikokortykosteroidy,roflumilast,,,,EGZ 2016 I termin,wysoka
UKŁAD ODDECHOWY,Klasyfikacja,lekarski,testowe,Działanie wykrztuśne ma:,wyciąg z prawoślazu lekarskiego,gwajafenazyna,,,,oksykodon,mesna,,,,EGZ 2016 I termin,niska
UKŁAD WSPÓŁCZULNY,Klasyfikacja,lekarski,testowe,Indakaterol:,zwiększa aktywność ruchową rzęsek,wykazuje synergizm działania z glikokortykosteroidami,,,,jest beta-adrenomimetykiem wziewnym o krótkim czasie działania (SABA),rozszczepia wiązania disiarczkowe w glikoproteinach śluzu,,,,EGZ 2016 I termin,niska
CHOROBA NIEDOKRWIENNA SERCA,Klasyfikacja,lekarski,testowe,Meta-analiza badań klinicznych:,jest uzupełnieniem przeglądu systematycznego,"może przynieść zupełnie nowe - odmienne wyniki niż badania, na których jest oparta",pozwala zwiększyć precyzję oszacowania efektu klinicznego,"charakteryzuje się heterogenicznością statystyczną, która istotnie wpływa na interpretację wyników",,,,,,,EGZ 2016 I termin,niska
LEKI PRZECIWWIRUSOWE,Wskazania,lekarski,testowe,Mieloidalne czynniki wzrostu (G-CSF oraz GM-CSF) znalazły zastosowanie u pacjentów:,z ciężką przewlekłą neutropenią,po przeszczepieniu komórek macierzystych szpiku kostnego,,,,zakażonych wirusem HIV,z idiopatyczną plamicą małopłytkową,,,,EGZ 2016 I termin,srednia
LEKI PRZECIWPASOŻYTNICZE,Wskazania,lekarski,testowe,Które stwierdzenie dotyczące profilaktyki malarii jest prawdziwe?,dla większości leków standardowy czas rozpoczynania stosowania leku w profilaktyce wynosi tydzień przed planowaną podróżą,nie dysponujemy uniwersalnym lekiem stosowanym w profilaktyce,"profilaktyka farmakologiczna stanowi uzupełnienie profilaktyki barierowej (odpowiednie ubrania, moskitiery i siatki nasączone DEET)",,,leki stosuje się profilaktycznie tylko przez tydzień w czasie pobytu na terenie endemicznym,,,,,EGZ 2016 I termin,niska
FARMAKOLOGIA OGÓLNA I EBM,Wskazania,lekarski,testowe,Przeprowadzenie eksperymentu leczniczego:,"jest możliwe, jeśli dostępne metody leczenia okazały się nieskuteczne",wymaga świadomej zgody pacjenta,,,,ma na celu głównie poszerzenie wiedzy medycznej,nie wymaga pozytywnej opinii Komisji Bioetycznej,,,,EGZ 2016 I termin,srednia
LEKI ROŚLINNE I SUPLEMENTY,Wskazania,lekarski,testowe,W leczeniu niedokrwistości megaloblastycznej zastosowanie ma:,cyjanokobalamina,kwas foliowy,,,,siarczan żelaza,erytropoetyna,,,,EGZ 2016 I termin,wysoka
NARKOTYCZNE LEKI PRZECIWBÓLOWE,Mechanizm działania,lekarski,testowe,Preparat złożony naltreksonu z bupropionem:,istotnie obniża masę ciała w porównaniu z placebo,jest zarejestrowany w Europie do leczenia otyłości,sprzyja pojawianiu się myśli samobójczych,działa antagonistycznie na receptory 5HT2c,,,,,,,EGZ 2016 I termin,niska
LEKI PRZECIWDEPRESYJNE,Wskazania,lekarski,testowe,W leczeniu uzależnienia od nikotyny wykazano skuteczność:,warenikliny,cytyzyny,nikotynowej terapii zastępczej,,,benzodiazepin,,,,,EGZ 2016 I termin,niska
FARMAKOLOGIA OGÓLNA I EBM,Klasyfikacja,lekarski,testowe,Elementami nadzoru nad bezpieczeństwem farmakoterapii jest:,plan Zarządzania Ryzykiem,"strona internetowa Urzędu Rejestracji Produktów Leczniczych, Wyrobów Medycznych i Produktów Biobójczych",raport PSUR,baza zarejestrowanych produktów leczniczych prowadzona przez Europejską Agencję Leków,,,,,,,EGZ 2016 I termin,wysoka
LEKI ROŚLINNE I SUPLEMENTY,Działania niepożądane,lekarski,testowe,"URPL - Urząd Rejestracji Produktów Leczniczych, Wyrobów Medycznych i Produktów Biobójczych ocenia działania niepożądane zarejestrowanych:",leków homeopatycznych,leków dostępnych bez recepty,leków pochodzenia roślinnego,,,suplementów diety,,,,,EGZ 2016 I termin,srednia
LEKI PRZECIWNOWOTWOROWE,Ciąża,lekarski,testowe,Teratogenem człowieka o udokumentowanym działaniu jest:,metotreksat,kwas walproinowy,lit,,,tiamazol tiamazol ma kategorię D,,,,,EGZ 2016 I termin,niska
LEKI PRZECIWWIRUSOWE,Klasyfikacja,lekarski,testowe,Alfakalcydol:,koryguje zaburzenia wapniowe w przewlekłej chorobie nerek,koryguje zaburzenia wapniowe w niedoczynności przytarczyc,zmniejsza ryzyko osteoporotycznych złamań kości,,,chroni przed chorobami wirusowymi,,,,,EGZ 2016 I termin,niska
LEKI MOCZOPĘDNE,Klasyfikacja,lekarski,testowe,Wskaż prawdziwe stwierdzenie:,5% roztwór glukozy jest izotoniczny in vitro i hipotoniczny in vivo,15% roztwór mannitolu jest hipertonicznym płynem stosowanym do leczenia obrzęku mózgu,,,,stosowanie roztworów hipotonicznych grozi dehydratacją komórek i plazmolizą,stosowanie roztworów hipertonicznych grozi obrzękiem komórek i ich lizą,,,,EGZ 2016 I termin,niska
OTĘPIENIE,Wskazania,lekarski,testowe,Podanie rywastygminy jest uzasadnione u pacjentów z:,otępieniem w przebiegu choroby Parkinsona,chorobą Alzheimera,,,,otępieniem naczyniopochodnym,łagodnymi zaburzeniami poznawczymi,,,,EGZ 2016 I termin,wysoka
LEKI PRZECIWHISTAMINOWE,Wskazania,lekarski,testowe,Klemastyna:,dobrze przenika przez barierę krew- mózg 22,może być stosowana od 2 r. ż,,,,selektywnie działa na rec. H1,jest lekiem z wyboru w leczeniu przewlekłego alergicznego nieżytu nosa,,,,EGZ 2016 I termin,srednia
PADACZKA,Wskazania,lekarski,testowe,W stanie padaczkowym zalecane jest zastosowanie:,lorazepamu dożylnie,fenytoiny we wlewie dożylnym,,,,diazepamu domięśniowo,fenobarbitalu podskórnie,,,,EGZ 2016 I termin,wysoka
LEKI PRZECIWNOWOTWOROWE,Mechanizm działania,lekarski,testowe,Inhibitorem kinazy tyrozynowej o działaniu przeciwnowotworowym jest:,imatynib,sunitynib,,,,ewerolimus,bortezomib,,,,EGZ 2016 I termin,srednia
PADACZKA,Wskazania,lekarski,testowe,Wskaż prawidłowe połączenie lek – wskazanie:,drżenie samoistne – propranolol,zespół niespokojnych nóg – pramipeksol,padaczka z napadami uogólnionymi toniczno-klonicznymi – kwas walproinowy,immunologiczny obrzęk mózgu – deksametazon,,,,,,,EGZ 2016 I termin,srednia
HEMOSTAZA,Wskazania,lekarski,testowe,Skuteczne leczenie w owrzodzeniach żylnych obejmuje:,opatrunki hydrokoloidowe,,,,,wyciągi zawierające glikozydy kasztanowca,heparynoidy do stosowania miejscowego,dobesylan wapnia,,,EGZ 2016 I termin,niska
LEKI PRZECIWPSYCHOTYCZNE,Wskazania,lekarski,testowe,W leczeniu zaburzeń lękowych z napadami paniki można zastosować:,doksepinę,alprazolam,,,,rysperydon,haloperydol,,,,EGZ 2016 I termin,srednia
UKŁAD PRZYWSPÓŁCZULNY,Klasyfikacja,lekarski,testowe,Działanie przeciwwymiotne ma:,skopolamina,dimenhydrinat,,,,lewetyracetam,wortioksetyna,,,,EGZ 2016 I termin,niska
UKŁAD WSPÓŁCZULNY,Działania niepożądane,lekarski,testowe,Amfetamina:,może działać neurotoksycznie,,,,,bezpośrednio pobudza receptory dopaminergiczne,wzmaga apetyt,obniża ciśnienie tętnicze krwi,,,EGZ 2016 I termin,niska
UKŁAD PRZYWSPÓŁCZULNY,Działania niepożądane,lekarski,testowe,Kwetiapina:,zwiększa ryzyko wystąpienia zespołu metabolicznego,może być stosowana jako lek normotymiczny,,,,nie powoduje złośliwego zespołu neuroleptycznego,nie wykazuje aktywności cholinolitycznej,,,,EGZ 2016 I termin,niska
CHOROBA PARKINSONA,Klasyfikacja,lekarski,testowe,W chorobie Parkinsona lewodopę można podawać jednocześnie z:,benserazydem,bromokryptyną,rotygotyną,entekaponem,,,,,,,EGZ 2016 I termin,wysoka
LEKI PRZECIWPSYCHOTYCZNE,Wskazania,lekarski,testowe,Wystąpienie objawów pozapiramidowych w przebiegu leczenia lekami przeciwpsychotycznymi:,jest wskazaniem do modyfikacji dawki leku,zależy od procentu zablokowania receptorów D2 w układzie nigrostriatalnym,,,,jest wskazaniem do natychmiastowej zmiany leku,"jest nieodłącznym elementem leczenia przeciwpsychotycznego, obserwowanym u wszystkich leczonych pacjentów",,,,EGZ 2016 I termin,srednia
LEKI PRZECIWDEPRESYJNE,Wskazania,lekarski,testowe,W leczeniu epizodu depresyjnego można zastosować w monoterapii:,sertralinę,mirtazapinę,,,,sulpiryd,sertindol,,,,EGZ 2016 I termin,srednia
LEKI PRZECIWBAKTERYJNE,Działania niepożądane,lekarski,testowe,U chorego leczonego escitalopramem ryzyko wystąpienia zespołu serotoninergicznego rośnie gdy dołączymy do terapii:,linezolid,tramadol,ziele dziurawca,korzeń żeń-szenia,,,,,,,EGZ 2016 I termin,niska
LEKI PRZECIWLĘKOWE,Antidotum,lekarski,testowe,Podanie węgla aktywowanego nie przyniesie efektu w przypadku zatrucia:,etanolem,ołowiem,benzyną,,,benzodiazepinami,,,,,EGZ 2016 I termin,niska
UKŁAD POKARMOWY,Farmakokinetyka,lekarski,testowe,U osób w starszym wieku na zmiany farmakokinetyki leków mogą wpływać:,hipoproteinemia,spadek masy wątroby,,,,zanik kosmków jelitowych,obniżenie stężenia kwaśnej alfa-1 glikoproteiny,,,,EGZ 2016 I termin,srednia
UKŁAD PRZYWSPÓŁCZULNY,Mechanizm działania,lekarski,testowe,Inhibitorem fosfodiesterazy typu 5 jest:,tadalafil,,,,,trospium,alprostadyl,solifenacyna,,,EGZ 2016 I termin,niska
UKŁAD POKARMOWY,Wskazania,lekarski,testowe,W zespole jelita drażliwego może być skuteczne zastosowanie:,mebeweryny,atropiny z difenoksylatem,trimebutyny,Bifidobacterium,,,,,,,EGZ 2016 I termin,srednia
UKŁAD POKARMOWY,Klasyfikacja,lekarski,testowe,Przewlekłe stosowanie pantoprazolu:,zwiększa ryzyko zakażeń dróg oddechowych,zaburza wchłanianie wapnia z przewodu pokarmowego,zmniejsza działanie klopidogrelu,,,zmniejsza ryzyko złamania szyjki kości udowej,,,,,EGZ 2016 I termin,srednia
LEKI PRZECIWBAKTERYJNE,Wskazania,lekarski,testowe,Wskazaniem do eradykacji Helicobacter pylori może być:,planowane leczenie niesteroidowymi lekami przeciwzapalnymi,niedokrwistość syderopeniczna,chłoniak żołądka typu MALT,aktywna choroba wrzodowa żołądka/dwunastnicy,,,,,,,EGZ 2016 I termin,srednia
NADCIŚNIENIE TĘTNICZE,Wskazania,lekarski,testowe,W profilaktyce krwawienia z żylaków przełyku w przebiegu nadciśnienia wrotnego stosuje się:,propranolol,karwedilol,,,,doksazosynę,klonidynę,,,,EGZ 2016 I termin,wysoka
NIEWYDOLNOŚĆ SERCA,Klasyfikacja,lekarski,testowe,"Noradrenalinę (NA) podaje się w dawce 0,2-1 μg/kg/min rozpoczynając od najmniejszej dawki. Wskaż właściwą szybkość wlewu w początkowym leczeniu 50 kg kobiety z ciśnieniem skurczowym ok. 60 mmHg w przebiegu ostrej niewydolności serca:","roztwór 4 mg NA/40 ml 0,9% NaCl – 6 ml/h","roztwór 1 mg NA/50 ml 0,9% NaCl – 30 ml/h","roztwór 5 mg NA/25 ml 0,9% NaCl - 3 ml/h","roztwór 3 mg NA/30 ml 0,9 % NaCl – 6 ml/h",,,,,,,EGZ 2016 I termin,niska
NADCIŚNIENIE TĘTNICZE,Klasyfikacja,lekarski,testowe,Działanie naczyniorozszerzające ma:,terazosyna,nebiwolol,zofenopryl,lerkanidypina,,,,,,,EGZ 2016 I termin,srednia
CHOROBA NIEDOKRWIENNA SERCA,Mechanizm działania,lekarski,testowe,Podobny mechanizm działania na poziomie molekularnym mają:,monoazotan izosorbidu,nesirytyd,riociguat,wardenafil,,,,,,,EGZ 2016 I termin,niska
UKŁAD WSPÓŁCZULNY,Klasyfikacja,lekarski,testowe,Beta-adrenolityki w chorobie niedokrwiennej serca:,zmniejszają agregację płytek krwi,zwiększają przepływ wieńcowy,zapobiegają proarytmicznemu działaniu katecholamin,zmniejszają kurczliwość mięśnia sercowego,,,,,,,EGZ 2016 I termin,srednia
NIEWYDOLNOŚĆ SERCA,Wskazania,lekarski,testowe,Digoksyna:,zmniejsza aktywację układu współczulnego u osób z niewydolnością serca,może sprzyjać wystąpieniu depresji,jest stosowana w celu kontroli rytmu serca w utrwalonym migotaniu przedsionków,może być nieskuteczna z powodu dezaktywacji przez bakterie jelitowe,,,,,,,EGZ 2016 I termin,niska
NIEWYDOLNOŚĆ SERCA,Klasyfikacja,lekarski,testowe,Ranolazyna ma działanie:,antyarytmiczne,korzystne metaboliczne w kardiomiocytach,zmniejszające naprężenie ściany lewej komory,,,inotropowe dodatnie,,,,,EGZ 2016 I termin,niska
LEKI HIPOLIPEMIZUJĄCE,Klasyfikacja,lekarski,testowe,"Jakie leki zlecisz 48-letniemu bezobjawowemu mężczyźnie z BMI = 24,1 kg/m2, palącemu 20 papierosów dziennie od ok. 30 lat, z ciśnieniem tętniczym 150-155 mmHg w powtarzanych pomiarach i ze stężeniem cholesterolu LDL w surowicy = 200 mg/dl:",ramipryl,nikotynę w inhalacjach pod warunkiem zaprzestania palenia papierosów,rosuwastatynę,,,klopidogrel,,,,,EGZ 2016 I termin,srednia
NIEWYDOLNOŚĆ SERCA,Klasyfikacja,lekarski,testowe,W niewydolności serca przeżycie chorych poprawia:,eplerenon,,,,,atenolol,tolwaptan,digoksyna,,,EGZ 2016 I termin,wysoka
HEMOSTAZA,Wskazania,lekarski,testowe,"55-letni mężczyzna ma trwający od ok. 60-min ucisk za mostkiem, który wystąpił podczas ubierania się po wstaniu z łóżka, w EKG rozlane obniżenia ST w odprowadzeniach znad ściany przedniej. Jako lekarz pierwszego kontaktu medycznego zastosujesz:",tikagrelor w dawce 180 mg p.o,kwas acetylosalicylowy w dawce 300 mg p.o,,,,morfinę w dawkach frakcjonowanych i.v,enoksaparynę w dawce leczniczej s.c,,,,EGZ 2016 I termin,srednia
ZABURZENIA RYTMU SERCA,Wskazania,lekarski,testowe,Amiodaron:,obniża energię potrzebną do skutecznej defibrylacji elektrycznej,może być rozpuszczany w 5% glukozie,,,,jest antagonistą sercowych kanałów potasowych z wyjątkiem ikr,jest stosowany alternatywnie z lidokainą w resuscytacji krążeniowo-oddechowej,,,,EGZ 2016 I termin,niska
CUKRZYCA,Klasyfikacja,lekarski,testowe,Które stwierdzenie dotyczące redukcji ryzyka sercowo-naczyniowego jest prawdziwe:,nikotynowa terapia zastępcza jest bezpieczna i powinna być rutynowo oferowana,,,,,niezależnie od wieku należy dążyć do redukcji ciśnienia tętniczego do < 140/90 mmHg,obniżenie poziomu hemoglobiny glikowanej HgbA1c do ≤ 6% u osób z cukrzycą poprawia przeżycie w porównaniu z wyższymi wartościami HbA1c,wysokie prawidłowe ciśnienie krwi powinno być leczone farmakologicznie,,,EGZ 2016 I termin,srednia
NADCIŚNIENIE TĘTNICZE,Wskazania,lekarski,testowe,W leczeniu nadciśnienia tętniczego przeciwwskazane jest połączenie:,ramipryl + telmisartan,,,,,amlodypina + chlortalidon,amlodypina + peryndopryl,peryndopryl + indapamid,,,EGZ 2016 I termin,wysoka
CHOROBA NIEDOKRWIENNA SERCA,Wskazania,lekarski,testowe,U pacjenta z dławicą piersiową i niskim ciśnieniem tętniczym krwi można zastosować:,ranolazynę,iwabradynę,trimetazydynę,,,werapamil,,,,,EGZ 2016 I termin,srednia
ZABURZENIA RYTMU SERCA,Przeciwwskazania,lekarski,testowe,Propafenon:,jest antagonistą kanału sodowego,ma działanie betaadrenolityczne,,,,rozszerza nasierdziowe tętnice wieńcowe,jest przeciwwskazany w zespole preekscytacji (WPW),,,,EGZ 2016 I termin,niska
NADCIŚNIENIE TĘTNICZE,Mechanizm działania,lekarski,testowe,Teoretyczną przesłanką stosowania inhibitorów konwertazy angiotensyny w przewlekłej skurczowej niewydolności serca jest:,odwracanie włóknienia miokardium,odwracanie przerostu kardiomiocytów,korzystne bezpośrednie działanie hemodynamiczne,,,zwiększenie naprężenia ściany lewej komory,,,,,EGZ 2016 I termin,niska
CUKRZYCA,Działania niepożądane,lekarski,testowe,Metformina:,wpływa korzystnie na profil lipidowy,,,,,powoduje przyrost masy ciała,zwiększa ryzyko hipoglikemii,może być przyczyną uporczywych zaparć,,,KOLOKWIUM 1 – 2019/20 - 1 termin,srednia
NIEOPIOIDOWE LEKI PRZECIWBÓLOWE,Działania niepożądane,lekarski,testowe,Wskaż prawidłowe stwierdzenie:,Diklofenak działa hepatotoksycznie,,,,,Paracetamol działa antyagregacyjnie,Naproksen działa hipotensyjnie,Metamizol działa prozakrzepowo,,,KOLOKWIUM 1 – 2019/20 - 1 termin,wysoka
NARKOTYCZNE LEKI PRZECIWBÓLOWE,Mechanizm działania,lekarski,testowe,Tramadol jest:,Inhibitorem wychwytu zwrotnego serotoniny,Agonistą receptorów opioidowych typu μ,,,,Inhibitorem wychwytu zwrotnego dopaminy,Agonistą receptorów NMDA,,,,KOLOKWIUM 1 – 2019/20 - 1 termin,srednia
CUKRZYCA,Mechanizm działania,lekarski,testowe,Hamowanie enzymu stanowi zasadniczy mechanizm działania:,cyklosporyny,,,,,Liraglutydu,Lorazepamu,Buprenorfiny,,,KOLOKWIUM 1 – 2019/20 - 1 termin,niska
CUKRZYCA,Klasyfikacja,lekarski,testowe,Ryzyko wzrostu masy ciała jest związane z terapią:,Olanzapiną,Insuliną,prednizonem,,,Liraglutydem,,,,,KOLOKWIUM 1 – 2019/20 - 1 termin,srednia
NIEOPIOIDOWE LEKI PRZECIWBÓLOWE,Sposób podania,lekarski,testowe,"Lek A jest stosowany doustnie. Ma właściwości przeciwbólowe, ale nie ma właściwości przeciwzapalnych. Nie powoduje istotnego wzrostu ryzyka powikłań sercowo – naczyniowych. Lekiem A może być:",Tramadol,Paracetamol,,,,Naproksen,Celekoksyb,,,,KOLOKWIUM 1 – 2019/20 - 1 termin,wysoka
OSTEOPOROZA,Wskazania,lekarski,testowe,Bisfosfoniany są stosowane:,w leczeniu osteoporozy posteroidowej,w leczeniu ciężkiej hiperkalcemii,,,,w celu przyspieszania zrostu kości po złamaniach,przeciwbólowo w chorobie zwyrodnieniowej stawów,,,,KOLOKWIUM 1 – 2019/20 - 1 termin,srednia
STANY NAGŁE,Klasyfikacja,lekarski,testowe,20% roztwór albumin to:,lek krwiopochodny,koloid zatrzymujący płyny w przestrzeni wewnątrznaczyniowej,,,,substancja do żywienia pozajelitowego,łatwo dostępny i tani płyn do nawadniania,,,,KOLOKWIUM 1 – 2019/20 - 1 termin,srednia
UKŁAD POKARMOWY,Wskazania,lekarski,testowe,W leczeniu wymiotów indukowanych chemioterapią znajduje zastosowanie:,Deksametazon,Palonosetron,metoklopramid,,,Dimenhydrynat,,,,,KOLOKWIUM 1 – 2019/20 - 1 termin,wysoka
LEKI PRZECIWPSYCHOTYCZNE,Działania niepożądane,lekarski,testowe,Klozapina może być przyczyną:,obniżenia progu drgawkowego,przyrostu masy ciała,agranulocytozy,,,Hiperprolaktynemii,,,,,KOLOKWIUM 1 – 2019/20 - 1 termin,srednia
LEKI PRZECIWLĘKOWE,Interakcje,lekarski,testowe,Wskaż prawidłowe skojarzenie lek – mechanizm działania:,buspiron – agonista rec. 5HT1A,diazepam – agonista rec. GABA-A,,,,zolpidem – agonista rec. H2,mirtazapina – agonista rec. alfa2,,,,KOLOKWIUM 1 – 2019/20 - 1 termin,srednia
NARKOTYCZNE LEKI PRZECIWBÓLOWE,Wskazania,lekarski,testowe,Benzodiazepiny są stosowane w:,premedykacji,terapii padaczki,,,,długotrwałej terapii bezsenności,zespole abstynencyjnym u chorych uzależnionych od morfiny,,,,KOLOKWIUM 1 – 2019/20 - 1 termin,niska
NARKOTYCZNE LEKI PRZECIWBÓLOWE,Interakcje,lekarski,testowe,Zespół serotoninowy może być wynikiem interakcji cytalopramu z:,Tramadolem,klomipraminą,,,,Oksazepamem,Buprenorfiną,,,,KOLOKWIUM 1 – 2019/20 - 1 termin,srednia
FARMAKOLOGIA OGÓLNA I EBM,Przeciwwskazania,lekarski,testowe,Charakterystyka Produktu Leczniczego zawiera informacje o:,przeciwwskazaniach do stosowania,właściwościach farmakokinetycznych,okresie ważności,,,zakresie refundacji,,,,,KOLOKWIUM 1 – 2019/20 - 1 termin,srednia
FARMAKOKINETYKA,Farmakokinetyka,lekarski,testowe,Przyczyną nieliniowego przebiegu procesów farmakokinetycznych może być:,autoindukcja metabolizmu,niedobór kosubstratów w procesie sprzęgania,wysycenie transporterów,,,wąski wskaźnik terapeutyczny leku,,,,,KOLOKWIUM 1 – 2019/20 - 1 termin,niska
CUKRZYCA,Wskazania,lekarski,testowe,Insulina aspart:,działa za pośrednictwem receptora błonowego,może być podawana we wstrzyknięciu podskórnym,,,,jest stosowana wyłącznie w cukrzycy typu 1,jest analogiem długodziałającym,,,,KOLOKWIUM 1 – 2019/20 - 1 termin,srednia
STANY NAGŁE,Farmakokinetyka,lekarski,testowe,Na proces dystrybucji leku może mieć wpływ:,niewydolność krążenia,Hipoalbuminemia,,,,obecność pokarmu w przypadku podania doustnego,możliwość sprzęgania z kwasem glukuronowym,,,,KOLOKWIUM 1 – 2019/20 - 1 termin,niska
NIEWYDOLNOŚĆ SERCA,Mechanizm działania,lekarski,testowe,Agonistą receptorów jest:,tapentadol,,,,,Sertralina,Eplerenon,Fenytoina,,,KOLOKWIUM 1 – 2019/20 - 1 termin,niska
NADCIŚNIENIE TĘTNICZE,Monitorowanie,lekarski,testowe,"W trakcie długotrwałej terapii glikokortykosteroidami, wskazane jest monitorowanie:",stężenia potasu we krwi,ciśnienia tętniczego krwi,ciśnienia wewnątrzgałkowego,glikemii,,,,,,,KOLOKWIUM 1 – 2019/20 - 1 termin,niska
CUKRZYCA,Mechanizm działania,lekarski,testowe,"Inhibitory kotransportera sodowo-glukozowego 2 (SGLT-2, flozyny):",Mogą być stosowane łącznie z metforminą,Mogą zwiększać diurezę,Mają udowodnione korzystne działanie w zakresie ryzyka sercowo-naczyniowego,,,Charakteryzują się wysokim ryzykiem wystąpienia hipoglikemii,,,,,KOLOKWIUM 1 – 2019/20 - 1 termin,wysoka
LEKI IMMUNOSUPRESYJNE,Wskazania,lekarski,testowe,Przeciwciała monoklonalne znajdują zastosowanie w terapii:,choroby Leśniowskiego i Crohna,stwardnienia rozsianego,reumatoidalnego zapalenia stawów,,,mononukleozy,,,,,KOLOKWIUM 1 – 2019/20 - 1 termin,niska
LEKI PRZECIWPSYCHOTYCZNE,Klasyfikacja,lekarski,testowe,Zaburzenia rytmu serca mogą wystąpić w trakcie podawania:,Amisulpirydu,Ondansetronu,Chlorpromazyny,metadonu,,,,,,,KOLOKWIUM 1 – 2019/20 - 1 termin,srednia
LEKI ROŚLINNE I SUPLEMENTY,Przeciwwskazania,lekarski,testowe,Wskaż prawidłowe stwierdzenie dotyczące terapii niedokrwistości z niedoboru żelaza:,preferowana jest doustna suplementacja żelaza,,,,,terapia trwa 2 tygodnie,preparaty dożylne żelaza są przeciwwskazane u chorych z przewlekłą niewydolnością nerek,tabletki z żelazem należy popijać herbatą,,,KOLOKWIUM 1 – 2019/20 - 1 termin,wysoka
PADACZKA,Klasyfikacja,lekarski,testowe,Działanie normotymizujące wykazują:,kwas walproinowy,Lamotrygina,Olanzapina,sole litu,,,,,,,KOLOKWIUM 1 – 2019/20 - 1 termin,srednia
NARKOTYCZNE LEKI PRZECIWBÓLOWE,Wskazania,lekarski,testowe,Wskaż prawidłowe stwierdzenie:,buprenorfina może być stosowana w leczeniu substytucyjnym zamiast metadonu,petydyna nie powinna być stosowana w okołoporodowym postępowaniu,,,,"nalokson jest podawany dożylnie, z oksykodonem, w celu zapobiegania występowaniu zaparć poopioidowych",fentanyl w plastrach jest stosowany w terapii pooperacyjnego bólu ostrego,,,,KOLOKWIUM 1 – 2019/20 - 1 termin,wysoka
LEKI PRZECIWNOWOTWOROWE,Klasyfikacja,lekarski,testowe,Udowodnione działanie immunostymulujące wykazuje:,filgrastym,,,,,wyciąg z korzenia jeżówki purpurowej,pranobeks inozyny,alkoholowy wyciąg z dziurawca,,,KOLOKWIUM 1 – 2019/20 - 1 termin,niska
CHOROBA NIEDOKRWIENNA SERCA,Klasyfikacja,lekarski,testowe,Ryzyka rozwoju zależności można się spodziewać przy stosowaniu:,Dihydrokodeiny,Diazepamu,,,,Diklofenaku,duloksetyny,,,,KOLOKWIUM 1 – 2019/20 - 1 termin,niska
LEKI PRZECIWDEPRESYJNE,Interakcje,lekarski,testowe,Wskaż prawidłowe skojarzenie lek przeciwdepresyjny – mechanizm działania:,reboksetyna – selektywny inhibitor wychwytu zwrotnego noradrenaliny,bupropion – inhibitor wychwytu zwrotnego noradrenaliny i dopaminy,fluoksetyna – selektywny inhibitor wychwytu zwrotnego serotoniny,wenlafaksyna – inhibitor wychwytu zwrotnego serotoniny i noradrenaliny,,,,,,,KOLOKWIUM 1 – 2019/20 - 1 termin,wysoka
UKŁAD POKARMOWY,Działania niepożądane,lekarski,testowe,Ryzyko gastrotoksycznego działania ketoprofenu może istotnie wzrosnąć przy jednoczesnym podawaniu:,Spironolaktonu,prednizonu,,,,Mizoprostolu,Omeprazolu,,,,KOLOKWIUM 1 – 2019/20 - 1 termin,srednia
LEKI MOCZOPĘDNE,Działania niepożądane,lekarski,testowe,Morfina może być przyczyną:,obniżenia progu drgawkowego,skurczu oskrzeli,,,,rozszerzenia źrenic,działania moczopędnego,,,,KOLOKWIUM 1 – 2019/20 - 1 termin,niska
LEKI ROŚLINNE I SUPLEMENTY,Wskazania,lekarski,testowe,Wskaż fałszywe stwierdzenie:,suplement diety to lek stosowany wspomagająco,,,,,"produkt leczniczy to substancja, której przypisuje się, między innymi, właściwości zapobiegania chorobom występującym u ludzi","wyrób medyczny to przyrząd lub inny artykuł stosowany w celu diagnozowania, zapobiegania, monitorowania, leczenia lub łagodzenia przebiegu chorób",roztwór albumin należy do kategorii produktów krwiopochodnych,,,KOLOKWIUM 1 – 2019/20 - 2 termin,wysoka
CUKRZYCA,Działania niepożądane,lekarski,testowe,Wskaż prawdziwe stwierdzenie:,gliklazyd może powodować przyrost masy ciała,metformina może być przyczyną kwasicy mleczanowej,empagliflozyna zwiększa ryzyko zakażeń w obrębie miednicy mniejszej,,,liraglutyd wykazuje niekorzystny efekt sercowo-naczyniowy,,,,,KOLOKWIUM 1 – 2019/20 - 2 termin,wysoka
NARKOTYCZNE LEKI PRZECIWBÓLOWE,Działania niepożądane,lekarski,testowe,Nalokson:,słabo wchłania się z przewodu pokarmowego,nie wywołuje uzależnienia,,,,jest agonistą receptorów opioidowych,powoduje depresję ośrodka oddechowego,,,,KOLOKWIUM 1 – 2019/20 - 2 termin,srednia
LEKI PRZECIWLĘKOWE,Mechanizm działania,lekarski,testowe,Antagonizm wobec receptora stanowi zasadniczy mechanizm działania:,flumazenilu,,,,,Cyklosporyny,Lorazepamu,Tapentadolu,,,KOLOKWIUM 1 – 2019/20 - 2 termin,srednia
CUKRZYCA,Klasyfikacja,lekarski,testowe,Zmniejszenie masy ciała może wiązać się z terapią:,Lewotyroksyną,metforminą,,,,Olanzapiną,Prednizonem,,,,KOLOKWIUM 1 – 2019/20 - 2 termin,niska
UKŁAD POKARMOWY,Interakcje,lekarski,testowe,Wskaż prawidłowe skojarzenie lek – działanie niepożądane:,tietylperazyna - akatyzja,metoklopramid – późne dyskinezy,ondansetron – wydłużenie odstępu QT,,,dimenhydrynat - wymioty,,,,,KOLOKWIUM 1 – 2019/20 - 2 termin,wysoka
FARMAKOKINETYKA,Interakcje,lekarski,testowe,Charakterystyka Produktu Leczniczego zawiera informacje o:,mechanizmie działania,interakcjach,substancjach pomocniczych,działaniach niepożądanych,,,,,,,KOLOKWIUM 1 – 2019/20 - 2 termin,niska
LEKI PRZECIWPSYCHOTYCZNE,Działania niepożądane,lekarski,testowe,Kwetiapina:,wpływa na przekaźnictwo serotoninergiczne,może być przyczyną zwiększenia masy ciała,jest preferowana u pacjentów z współistniejącą chorobą Parkinsona,reprezentuje neuroleptyki atypowe,,,,,,,KOLOKWIUM 1 – 2019/20 - 2 termin,srednia
LEKI PRZECIWDEPRESYJNE,Struktura chemiczna,lekarski,testowe,Trójpierścieniowe leki przeciwdepresyjne:,blokują receptory histaminowe,hamują wychwyt zwrotny dopaminy,,,,pobudzają receptory muskarynowe,nie wpływają na przekaźnictwo serotoninergiczne,,,,KOLOKWIUM 1 – 2019/20 - 2 termin,srednia
FARMAKOKINETYKA,Klasyfikacja,lekarski,testowe,Na dostępność biologiczną leku może mieć wpływ:,stopień uwalniania substancji czynnej,efekt I przejścia,szybkość transportu substancji czynnej przez błony biologiczne,,,stopień wiązania z białkami krwi,,,,,KOLOKWIUM 1 – 2019/20 - 2 termin,niska
FARMAKOKINETYKA,Farmakokinetyka,lekarski,testowe,Stan stacjonarny leku ustala się:,po okresie równym około 4–5 T1/2,,,,,"w momencie, który zależy od dawki leku",jedynie w wyniku wielokrotnego podania doustnego,w czasie wprost proporcjonalnym do klirensu leku,,,KOLOKWIUM 1 – 2019/20 - 2 termin,wysoka
FARMAKOKINETYKA,Farmakokinetyka,lekarski,testowe,Biologiczny okres półtrwania (T1/2):,zależy od objętości dystrybucji,jest odwrotnie proporcjonalny do klirensu całkowitego,ma wpływ na moment osiągnięcia stanu stacjonarnego,,,zależy od szybkości wchłaniania,,,,,KOLOKWIUM 1 – 2019/20 - 2 termin,srednia
NARKOTYCZNE LEKI PRZECIWBÓLOWE,Działania niepożądane,lekarski,testowe,Wskaż prawidłowe stwierdzenie:,tramadol jest inhibitorem wychwytu zwrotnego serotoniny,petydyna jest metabolizowana do neurotoksycznego metabolitu,,,,buprenorfinę charakteryzuje wysoki potencjał uzależniający,fentanyl w plastrach jest stosowany w leczeniu pooperacyjnego bólu ostrego,,,,KOLOKWIUM 1 – 2019/20 - 2 termin,wysoka
NADCIŚNIENIE TĘTNICZE,Antidotum,lekarski,testowe,Do typowych objawów zatrucia opioidami należą:,Śpiączka,Depresja oddechowa,,,,Wzrost ciśnienia tętniczego,wzrost temperatury ciała,,,,KOLOKWIUM 1 – 2019/20 - 2 termin,niska
CUKRZYCA,Działania niepożądane,lekarski,testowe,Wskaż prawidłowe stwierdzenie dotyczące glikokortykosteroidów:,Działają za pośrednictwem receptorów wewnątrzkomórkowych,mechanizm niegenomowy odpowiedzialny jest za ich działanie rozkurczające mięśniówkę dróg oddechowych,Nagłe ich odstawienie po co najmniej tygodniowym zastosowaniu dawek farmakologicznych może być przyczyną ostrej niewydolności kory nadnerczy,,,Powodują zmniejszenie zapotrzebowania na insulinę u chorych na cukrzycę,,,,,KOLOKWIUM 1 – 2019/20 - 2 termin,srednia
CUKRZYCA,Sposób podania,lekarski,testowe,Insulina ludzka neutralna:,działa za pośrednictwem receptora błonowego,jest otrzymywana metodą rekombinacji DNA,,,,może być podawana doustnie,jest analogiem długodziałającym,,,,KOLOKWIUM 1 – 2019/20 - 2 termin,niska
LEKI PRZECIWNOWOTWOROWE,Wskazania,lekarski,testowe,Wskaż prawdziwe połączenie lek – wskazanie:,zolpidem-bezsenność,ondansetron – wymioty w przebiegu chemioterapii przeciwnowotworowej,alprazolam-napady paniki,fluoksetyna–epizody dużej depresji,,,,,,,KOLOKWIUM 1 – 2019/20 - 2 termin,srednia
NADCIŚNIENIE TĘTNICZE,Działania niepożądane,lekarski,testowe,Stosowanie estrogenów może być przyczyną:,wzrostu ciśnienia tętniczego krwi,kamicy żółciowej,wzrostu ryzyka wystąpienia raka piersi,zatorowości płucnej,,,,,,,KOLOKWIUM 1 – 2019/20 - 2 termin,niska
NIEOPIOIDOWE LEKI PRZECIWBÓLOWE,Działania niepożądane,lekarski,testowe,Kwas acetylosalicylowy:,może być przyczyną wystąpienia szczególnej postaci astmy,nieodwracalnie hamuje COX,,,,zwiększa ryzyko sercowo-naczyniowe,podawany łącznie z ibuprofenem wykazuje silniejszy efekt przeciwzapalny,,,,KOLOKWIUM 1 – 2019/20 - 2 termin,wysoka
NIEOPIOIDOWE LEKI PRZECIWBÓLOWE,Ciąża,lekarski,testowe,Paracetamol:,u chorych przewlekle niedożywionych może działać hepatotoksycznie,,,,,działa przeciwbólowo i przeciwzapalnie,zwiększa ryzyko sercowo-naczyniowe,wykazuje działanie teratogenne,,,KOLOKWIUM 1 – 2019/20 - 2 termin,niska
NIEOPIOIDOWE LEKI PRZECIWBÓLOWE,Ciąża,lekarski,testowe,Metamizol:,działa przeciwbólowo i przeciwgorączkowo,działa spazmolitycznie,może być przyczyną agranulocytozy,,,może być bezpiecznie stosowany w ciąży,,,,,KOLOKWIUM 1 – 2019/20 - 2 termin,srednia
HEMOSTAZA,Klasyfikacja,lekarski,testowe,Do leków biotechnologicznych należą:,szczepionki,przeciwciała monoklonalne,Hormony,czynniki krzepnięcia,,,,,,,KOLOKWIUM 1 – 2019/20 - 2 termin,niska
LEKI PRZECIWDEPRESYJNE,Wskazania,lekarski,testowe,Wskaż prawidłowe stwierdzenie:,amitryptylina znajduje zastosowanie w terapii bólu neuropatycznego,escitalopram hamuje wychwyt zwrotny serotoniny,moklobemid może być niebezpieczny u pacjentów spożywających sery dojrzewające,mianseryna jest przeciwskazana u osób z padaczką,,,,,,,KOLOKWIUM 1 – 2019/20 - 2 termin,wysoka
LEKI ROŚLINNE I SUPLEMENTY,Klasyfikacja,lekarski,testowe,Doustne preparaty żelaza:,najlepiej przyswajalne zawierają żelazo dwuwartościowe,należy przyjmować przez okres 3 miesięcy po uzyskaniu normalizacji morfologii,,,,należy przyjmować z posiłkiem wysokotłuszczowym,mogą być przyczyną jasno-żółtego zabarwienia stolca,,,,KOLOKWIUM 1 – 2019/20 - 2 termin,niska
PADACZKA,Farmakokinetyka,lekarski,testowe,Diazepam:,działa sedatywnie,działa powyżej 24 godzin,,,,obniża próg drgawkowy,nie podlega metabolizmowi,,,,KOLOKWIUM 1 – 2019/20 - 2 termin,niska
PADACZKA,Mechanizm działania,lekarski,testowe,Wskaż prawidłowe połączenie lek przeciwpadaczkowy – mechanizm działania: B,fenytoina – hamowanie kanałów sodowych,karbamazepina - hamowanie kanałów sodowych i kanałów wapniowych,,,,fenobarbital – hamowanie transmisji GABA-ergicznej,kwas walproinowy – hamowanie kanałów sodowych i transmisji GABA-ergicznej,,,,KOLOKWIUM 1 – 2019/20 - 2 termin,wysoka
PADACZKA,Mechanizm działania,lekarski,testowe,Selektywne inhibitory wychwytu zwrotnego serotoniny (SSRI) charakteryzuje:,niewielki wpływ na układ krążenia,małe ryzyko teratogenności,,,,obniżanie progu drgawkowego,brak ryzyka wystąpienia istotnych interakcji z inhibitorami MAO,,,,KOLOKWIUM 1 – 2019/20 - 2 termin,niska
NARKOTYCZNE LEKI PRZECIWBÓLOWE,Klasyfikacja,lekarski,testowe,Potencjał uzależniający wykazują:,Kanabinoidy,dysocjacyjne środki znieczulające,Benzodiazepiny,opioidy,,,,,,,KOLOKWIUM 1 – 2019/20 - 2 termin,niska
LEKI IMMUNOSUPRESYJNE,Mechanizm działania,lekarski,testowe,Działanie immunosupresyjne wykazują:,inhibitory kalcyneuryny,alkilujące inhibitory proliferacji,,,,czynniki stymulujące tworzenie kolonii granulocytów,interferon beta,,,,KOLOKWIUM 1 – 2019/20 - 2 termin,srednia
UKŁAD POKARMOWY,Działania niepożądane,lekarski,testowe,Hamowanie transmisji dopaminergicznej może być przyczyną wystąpienia:,Dyskinez,zwiększenia masy ciała,działania przeciwwymiotnego,,,hipoprolaktynemii,,,,,KOLOKWIUM 1 – 2019/20 - 2 termin,niska
LEKI PRZECIWBAKTERYJNE,Wskazania,lekarski,testowe,W przypadku rozpoznania anginy paciorkowcowej można zastosować:,Klindamycynę,Fenoksymetylopenicylinę,,,,Cyprofloksacynę,Amikacynę,,,,KOLOKWIUM 2 – 2019/20 - 1 termin (online),wysoka
LEKI PRZECIWWIRUSOWE,Klasyfikacja,lekarski,testowe,Wskaż prawidłowe stwierdzenie:,"Replikacja wirusa może zostać wznowiona po odstawieniu leków, które hamują czynną replikację",Obecnie stosowane leki wykazują aktywność wobec wirusów w fazie replikacji,,,,Niektóre leki działają na wirusy będące w fazie utajenia,Większość wirusów opornych na lek pochodzi od pacjentów z prawidłową odpornością,,,,KOLOKWIUM 2 – 2019/20 - 1 termin (online),niska
LEKI PRZECIWPASOŻYTNICZE,Wskazania,lekarski,testowe,Chlorochina:,Może być przyczyną wypadania włosów,Niszczy formy wewnątrzkrwinkowe pierwotniaka,,,,Jest stosowana w każdym schemacie profilaktyki malarii,Jest szczególnie skuteczna w leczeniu zakażenia Plasmodium falciparium,,,,KOLOKWIUM 2 – 2019/20 - 1 termin (online),srednia
LEKI PRZECIWBAKTERYJNE,Klasyfikacja,lekarski,testowe,"Lek bakteriobójczy, którego aktywność przeciwbakteryjną najlepiej charakteryzuje AUC24/MIC, działający na bakterie atypowe. Lek jest wydalany głównie z moczem i jego stosowanie związane jest z ryzykiem wydłużenia odstępu QT. Opis może dotyczyć:",Lewofloksacyny,,,,,Doksycyliny,Klarytromycyny,Linezolidu,,,KOLOKWIUM 2 – 2019/20 - 1 termin (online),wysoka
LEKI PRZECIWBAKTERYJNE,Wskazania,lekarski,testowe,W zakażeniach o etiologii Pseudomonas aeruginosa uzasadnione może być podanie:,Piperacykliny z tazobaktamem,Gentamycyny,Cyprofloksacyny,Ceftazydymu,,,,,,,KOLOKWIUM 2 – 2019/20 - 1 termin (online),wysoka
LEKI PRZECIWBAKTERYJNE,Klasyfikacja,lekarski,testowe,Po podaniu doustnym działa miejscowo:,Ryfaksymina,Fidaksomycyna,,,,Kwas fusydowy,Norfloksacyna,,,,KOLOKWIUM 2 – 2019/20 - 1 termin (online),wysoka
LEKI PRZECIWWIRUSOWE,Interakcje,lekarski,testowe,Wskaż prawidłowe skojarzenie lek – punkt uchwytu:,Acyklowir – polimeraza DNA,Oseltamiwir – neuraminidaza,Lamiwudyna – odwrotna transkryptaza,Raltegrawir – integraza,,,,,,,KOLOKWIUM 2 – 2019/20 - 1 termin (online),wysoka
LEKI PRZECIWBAKTERYJNE,Wskazania,lekarski,testowe,"Wybierz właściwe skojarzenie wskazanie – lek, który można zastosować jako alternatywę dla antybiotków beta-laktamowych u pacjenta z nadwrażliwością na tę grupę leków przeciwbakteryjnych",Borelioza – azytromycyna,Zapalenie płuc o etiologii pneumokokowej – lewofloksacyna,Profilaktyka okołozabiegowa - wankomycyna,,,Urosepsa o etiologii Escherichia coli – linezolid,,,,,KOLOKWIUM 2 – 2019/20 - 1 termin (online),wysoka
LEKI PRZECIWBAKTERYJNE,Interakcje,lekarski,testowe,Wskaż prawidłowe skojarzenie lek – wskazanie:,Metronidazol – lamblioza,Spiramycyna – toksoplazmoza,,,,Nifuroksazyd – biegunka poantybiotykowa,Amikacyna – borelioza,,,,KOLOKWIUM 2 – 2019/20 - 1 termin (online),wysoka
LEKI PRZECIWGRZYBICZE,Wskazania,lekarski,testowe,Wskazaniem do doustnej terapii przeciwgrzybiczej jest:,Nieskuteczność leczenia miejscowego,Grzybica inwazyjna,Stwierdzenie rozległych zmian skórnych,,,Grzybica paznokci dotycząca pojedynczych płytek paznokciowych,,,,,KOLOKWIUM 2 – 2019/20 - 1 termin (online),srednia
LEKI PRZECIWBAKTERYJNE,Działania niepożądane,lekarski,testowe,Działanie neurotoksyczne wykazuje:,Linezolid,Cyprofloksacyna,Metronidazol,,,Klindamycyna,,,,,KOLOKWIUM 2 – 2019/20 - 1 termin (online),wysoka
LEKI PRZECIWBAKTERYJNE,Interakcje,lekarski,testowe,Wskaż prawidłowe skojarzenie lek – mechanizm działania (należy uwzględnić główny mechanizm działania):,Azytromycyna – hamowanie syntezy białek,Daptomycyna – uszkodzenie błony komórkowej,,,,Cyprofloksacyna – hamowanie biosyntezy ściany komórkowej,Amoksycyina – hamowanie syntezy DNA,,,,KOLOKWIUM 2 – 2019/20 - 1 termin (online),wysoka
LEKI PRZECIWBAKTERYJNE,Wskazania,lekarski,testowe,W schematach eradykacji Helicobacter pylori znajdują zastosowanie:,Amoksycylina,Metronidazol,,,,Lewofloksacyna,Tetracyklina,,,,KOLOKWIUM 2 – 2019/20 - 1 termin (online),wysoka
LEKI PRZECIWBAKTERYJNE,Wskazania,lekarski,testowe,Linezolid może być skuteczny w zakażeniach szczepami:,MRSA (methicyllin-resistant Staphylococcus aureus),MSSA (methicyllin-sensitive Staphylococcus aureus),VRE (Vancomycin-resistant Enterococcus),,,CPE (Carbapenemase-producing Enterobacteriaceae),,,,,KOLOKWIUM 2 – 2019/20 - 1 termin (online),wysoka
TARCZYCA,Wskazania,lekarski,testowe,Profilaktyczne zastosowanie leków przeciwinfekcyjnych jest uzasadnione:,W planowej operacji cięcia cesarskiego (pole czyste-skażone),W planowej implantacji endoprotezy stawu kolanowego (pole czyste),,,,W planowanym usunięciu zmiany skórnej w obrębie dłoni (pole czyste),W planowym usunięciu tarczycy w wolu guzkowym nadczynnym (pole czyste),,,,KOLOKWIUM 2 – 2019/20 - 1 termin (online),niska
LEKI PRZECIWBAKTERYJNE,Wskazania,lekarski,testowe,Do bezpiecznych i skutecznych środków do dezynfekcji należą:,Oktenidyna,,,,,Spirytus salicylowy,Woda utleniona,Mleczan etakrydyny,,,KOLOKWIUM 2 – 2019/20 - 1 termin (online),niska
LEKI PRZECIWBAKTERYJNE,Interakcje,lekarski,testowe,Wskaż prawidłowe skojarzenie lek - działanie niepożądane:,Izoniazyd – toczen polekowy,Ryfampicyna - śródmiąższowe zapalenie nerek,Pirazynamid – hiperurykemia,Etambutol - pozagałkowa zapalenie nerwu wzrokowego,,,,,,,KOLOKWIUM 2 – 2019/20 - 1 termin (online),wysoka
LEKI PRZECIWBAKTERYJNE,Ciąża,lekarski,testowe,U kobiety w ciąży można bezpiecznie zastosować:,Cefuroksym,Fenoksymetylopenicylinę,,,,Amikacynę,Moksyfloksacynę,,,,KOLOKWIUM 2 – 2019/20 - 1 termin (online),wysoka
LEKI PRZECIWBAKTERYJNE,Interakcje,lekarski,testowe,Wskaż właściwe skojarzenie lek – potencjalne działanie nipożądane:,Doksycyklina – fotodermatoza,Linezolid - zespół serotoninowy,,,,Mupirocyna - zespół czerwonego dziecka,Gentamycyna - żółtaczka cholestatyczna,,,,KOLOKWIUM 2 – 2019/20 - 1 termin (online),wysoka
LEKI PRZECIWBAKTERYJNE,Działania niepożądane,lekarski,testowe,Działanie nefrotoksyczne wykazuje:,Gentamycyna,Kolistyna,Wankomycyna,,,Klindamycyna,,,,,KOLOKWIUM 2 – 2019/20 - 1 termin (online),wysoka
LEKI PRZECIWBAKTERYJNE,Mechanizm działania,lekarski,testowe,Syntezę ściany komórkowej hamuje:,Kaspofungina,Imipenem,,,,Nystatyna,Tygecyklina,,,,KOLOKWIUM 2 – 2019/20 - 1 termin (online),srednia
LEKI PRZECIWBAKTERYJNE,Wskazania,lekarski,testowe,W biegunce o etiologii Clostridioides difficile uzasadnione może być podanie doustne:,Fidaksomycyny,Metronidazolu,,,,Neomycyny,Nifuroksazydu,,,,KOLOKWIUM 2 – 2019/20 - 1 termin (online),srednia
LEKI PRZECIWGRZYBICZE,Wskazania,lekarski,testowe,Wskaż stwierdzenie/a prawdziwe:,Ketokonazol stosuje się wyłącznie miejscowo w leczeniu grzybic,,,,,Terbinafina hamuje enzym związany z ukłądem CYP450,Zastosowanie technologii liposomów pozwoliło na otrzymanie preparatów amfoterycyny B o istotnie zmniejszonej hepatotoksyczności,Kaspofungina osiąga bardzo wysokie stężenia w OUN,,,KOLOKWIUM 2 – 2019/20 - 1 termin (online),wysoka
LEKI PRZECIWBAKTERYJNE,Wskazania,lekarski,testowe,Metronidazol:,Dobrze penetruje do OUN,Działa na Entamoeba histolytica,,,,Bardzo często jest przyczyną zapalenia ścięgna Achillesa,Jest stosowany w wewnątrzbrzusznych zakażeniach szczepami wielolekoopornymi,,,,KOLOKWIUM 2 – 2019/20 - 1 termin (online),srednia
LEKI PRZECIWBAKTERYJNE,Działania niepożądane,lekarski,testowe,"Lek bakteriobójczy, którego aktywność przeciwbakteryjną najlepiej charakteryzuje AUC24/MIC, działający na bakterie G(+). Lek nie ma aktywnych metabolitów i działa nefrotoksycznie. Opis może dotyczyć:",Wankomycyny,,,,,Kolistyny,Klindamycyny,Gentamycyny,,,KOLOKWIUM 2 – 2019/20 - 1 termin (online),wysoka
LEKI PRZECIWBAKTERYJNE,Interakcje,lekarski,testowe,"Wskaż prawidłowe skojarzenie drobnoustrój - lek, który może być skuteczny w zakażeniu o takiej etiologii:",Staphylococcus aureus (MSSA) - kloksacylina,Clostridioides difficile – wankomycyna,,,,Staphylococcus aureus (MRSA) - meropenem,Trichomonas vaginalis - ketokonazol,,,,KOLOKWIUM 2 – 2019/20 - 1 termin (online),wysoka
LEKI PRZECIWGRZYBICZE,Interakcje,lekarski,testowe,Wskaż prawidłowe stwierdzenie:,Worykonazol wykazuje aktywność wobec Aspergillus spp,,,,,Flukonazol nie wykazuje istotnych klinicznie interakcji na poziomie cytochromu P450,Itrakonazol nie wchłania się po podaniu doustnym,Posakonazol hamuje syntezę ściany komórkowej grzyba,,,KOLOKWIUM 2 – 2019/20 - 1 termin (online),wysoka
LEKI PRZECIWWIRUSOWE,Interakcje,lekarski,testowe,Wskaż prawidłowe skojarzenie lek – wskazanie do leczenia:,Acyklowir - półpasiec,Gancyklowir – cytomegalowirusowe zapalenie siatkówki,Osetamiwir – grypa,,,Amantadyna – mononukleoza,,,,,KOLOKWIUM 2 – 2019/20 - 1 termin (online),wysoka
LEKI PRZECIWBAKTERYJNE,Interakcje,lekarski,testowe,"Wskaż prawidłowe skojarzenie drobnoustrój - lek, który może być skuteczny w zakażeniu o tej etiologii:",Helicobacter pylori – tetracyklina,Staphylococcus aureus (MSSA) - cefazolina,,,,Escherichia coli – klindamycyna,Mycoplasma pneumoniae - teikoplanina,,,,KOLOKWIUM 2 – 2019/20 - 1 termin (online),wysoka
FARMAKOLOGIA OGÓLNA I EBM,Klasyfikacja,lekarski,testowe,Wytyczne PRISMA:,dotyczą prowadzenia przeglądów systematycznych i metaanaliz,,,,,dotyczą prowadzenia randomizowanych badań klinicznych,dotyczą formułowania wytycznych klinicznych,dotyczą prowadzenia badań obserwacyjnych,,,KOLOKWIUM 1 – 2018/19,srednia
FARMAKOKINETYKA,Dawkowanie,lekarski,testowe,"Lek ma Vd=6 l/kg m.c. i CL=10 ml/min/kg m.c. Na tej podstawie spodziewasz się, że lek będzie:",wymagał dużej dawki nasycającej,,,,,kumulował się w tkance tłuszczowej,miał długi okres półtrwania,wymagał korekty dawkowania w niewydolności nerek,,,KOLOKWIUM 1 – 2018/19,niska
FARMAKOKINETYKA,Interakcje,lekarski,testowe,Wskaż prawidłowe stwierdzenia dotyczące wiązania leków z białkami osocza:,może być przyczyną istotnych klinicznie interakcji lekowych,,,,,z powodu zmniejszenia stężenia albumin we krwi leki o dużym stopniu wiązaniu z albuminami mogą wykazywać niedostateczny efekt terapeutyczny,"jest istotne klinicznie wtedy, gdy frakcja wolna wynosi 80%","przebiega w wątrobie, gdzie zachodzi sprzęganie leku z albuminami",,,KOLOKWIUM 1 – 2018/19,srednia
FARMAKOKINETYKA,Sposób podania,lekarski,testowe,Lek o kinetyce pierwszego rzędu po podaniu doustnym ma biodostępność ok. 100% i okres półtrwania =12 godzin. Pacjent A przyjmuje doustnie ten lek w dawce D co 12 godzin (o godz. 8:00 i 20:00). Pacjent B przyjmuje doustnie ten lek w dawce 2D co 24 godziny (o godz. 8:00). Pacjent C przyjmuje ten lek w ciągłym wlewie dożylnym w dawce odpowiadającej 2D/24h. Wszyscy pacjenci mają prawidłową czynność narządów uczestniczących w eliminacji. Wskaż prawdziwe stwierdzenie:,czas eliminacji leku po zakończeniu podawania jest taki sam u wszystkich pacjentów,,,,,w stanie stacjonarnym po pobraniu próbki krwi o godzinie 7:30 rano stężenie tego leku we krwi ma taką samą wartość u wszystkich pacjentów,stan stacjonarny ustala się szybciej u pacjenta A niż u pacjenta B,"wiązanie leku z białkami jest największe u pacjenta C, a najmniejsze u pacjenta A",,,KOLOKWIUM 1 – 2018/19,srednia
HEMOSTAZA,Interakcje,lekarski,testowe,Wskaż prawidłowe stwierdzenie dotyczące warfaryny:,blokuje aktywność reduktazy epoksydowej fitomenadionu,aktywność warfaryny zależy od polimorfizmu genetycznego izoenzymu CYP2C9,,,,zwiększa aktywność białka C i jego kofaktora - białka S o działaniu przeciwzakrzepowym,zmniejsza aktywność biologiczną czynników krzepnięcia zespołu protrombiny skutecznie zapobiegając zakrzepicy od 2. doby po włączeniuleczenia,,,,KOLOKWIUM 1 – 2018/19,wysoka
HEMOSTAZA,Wskazania,lekarski,testowe,Wskaż prawdziwe stwierdzenie dotyczące małopłytkowości indukowanej heparyną (HIT) typu II:,"jest związana z podawaniem heparyny niefrakcjonowanej oraz heparyn drobnocząsteczkowych, ale nie fondaparyny",charakteryzuje się spadkiem liczby płytek krwi do 30-50 tys./μl najczęściej w 5-10 dniu od rozpoczęcia leczenia,bezpośrednie inhibitory trombiny są lekami z wyboru w leczeniu HIT II,,,w ocenie klinicznej istotne dla rozpoznania HIT II jest stwierdzenie krwawienia z przewodu pokarmowego,,,,,KOLOKWIUM 1 – 2018/19,wysoka
HEMOSTAZA,Antidotum,lekarski,testowe,Kwas traneksamowy:,hamuje aktywatory plazminogenu,powoduje zagrożenie powikłaniami zakrzepowo-zatorowymi,jest antidotum w krwawieniach związanych ze stosowaniem leków fibrynolitycznych,,,zwiększa śmiertelność w krwotokach operacyjnych i pourazowych,,,,,KOLOKWIUM 1 – 2018/19,wysoka
NARKOTYCZNE LEKI PRZECIWBÓLOWE,Sposób podania,lekarski,testowe,Efekt działania w czasie do 10 minut od podania występuje po podaniu:,fentanylu donosowo,naloksonu dożylnie,glukagonu domięśniowo,,,węgla medycznego (aktywowanego) w dawce 1 g przez zgłębnik nosowo￾żoładkowy,,,,,KOLOKWIUM 1 – 2018/19,srednia
CUKRZYCA,Mechanizm działania,lekarski,testowe,Wskaż prawdziwe połączenie lek – mechanizm działania:,linagliptyna – pośrednio aktywacja wydzielania insuliny przez pobudzenie receptora dla GLP-1 (peptydu glukagonopodobnego typu 1),empagliflozyna – indukcja stałej łagodnej hiperketonemii ze zwiększeniem stężenia kwasu beta-hydroksymasłowego w surowicy,ezetymib – redukcja jelitowego wchłaniania cholesterolu i steroli roślinnych,,,orlistat – aktywacja lipazy trzustkowej w świetle przewodu pokarmowego,,,,,KOLOKWIUM 1 – 2018/19,wysoka
HEMOSTAZA,Klasyfikacja,lekarski,testowe,"Wskaż zestaw, gdzie prawidłowo uszeregowano insuliny od najkrócej do najdłużej działającej:",lispro–insulina ludzka–glargina,glulizyna–insulina ludzka izofanowa–degludec,,,,aspart – degludec – detemir,detemir–glulizyna–insulina protaminowo-cynkowa,,,,KOLOKWIUM 1 – 2018/19,niska
CUKRZYCA,Działania niepożądane,lekarski,testowe,Metformina:,ma klirens nerkowy i nie powinna być stosowana jeśli eGFR < 30 ml/min,"aktywuje kinazę AMP, co powoduje zwiększenie beztlenowego metabolizm glukozy w komórkach",,,,"nie powoduje hipoglikemii u chorych na cukrzycę, ale ma taki efekt u osób bez cukrzycy",nie jest skuteczna w zapobieganiu progresji stanu przedcukrzycowego do cukrzycy typu 2,,,,KOLOKWIUM 1 – 2018/19,wysoka
LEKI HIPOLIPEMIZUJĄCE,Mechanizm działania,lekarski,testowe,Ostre zapalenie trzustki może być powikłaniem stosowania:,inhibitorów dipeptydylopeptydazy 4 (DPP-4),inhibitory reduktazy HMG-Ca,związków kwasu 5-aminosalicylowego,doustnych środków antykoncepcyjnych,,,,,,,KOLOKWIUM 1 – 2018/19,niska
NADCIŚNIENIE TĘTNICZE,Przeciwwskazania,lekarski,testowe,"Pacjentka z obustronnym ostrym pozagałkowym zapaleniem nerwu wzrokowego, co zagraża ślepotą, wymaga leczenia metyloprednizolonem (brak alternatywy leczniczej). Zostałeś poproszona/-y o konsultację w celu oceny przeciwwskazań do steroidoterapii. Która z chorób współistniejących jest w tej sytuacji przeciwwskazaniem do zastosowania leku:",ciężka sepsa o niejasnej etiologii,,,,,cukrzyca typu 1,nadciśnienie tętnicze,zaburzenia psychotyczne pod postacią omamów i agresji,,,KOLOKWIUM 1 – 2018/19,niska
LEKI HIPOLIPEMIZUJĄCE,Klasyfikacja,lekarski,testowe,Które połączenie rozważysz w przypadku nie osiągnięcia zakładanej redukcji stężenia cholesterolu frakcji LDL podczas stosowania diety i atorwastatyny?,atorwastatyna + anacetrapib,atorwastatyna + ezetymib,atorwastatyna + kwas eikozapentaenowy,atorwastatyna + ewolokumab,,,,,,,KOLOKWIUM 1 – 2018/19,wysoka
LEKI IMMUNOSUPRESYJNE,Mechanizm działania,lekarski,testowe,Które stwierdzenie jest prawdziwe?,takrolimus i ewerolimus tworzą kompleks z immunofiliną FKBP,takrolimus i ewerolimus należą do leków o wąskim indeksie (wskaźniku) terapeutycznym,,,,takrolimus i ewerolimus mają ten sam mechanizm działania,takrolimus i ewerolimus działają przeciwnowotorowo,,,,KOLOKWIUM 1 – 2018/19,srednia
LEKI IMMUNOSUPRESYJNE,Mechanizm działania,lekarski,testowe,Taki sam mechanizm działania mają:,bazyliksymab i daklizumab,rytuksymab i okrelizumab,,,,natalizumab i fingolimod,filgrastym i romiplostym,,,,KOLOKWIUM 1 – 2018/19,wysoka
LEKI ROŚLINNE I SUPLEMENTY,Mechanizm działania,lekarski,testowe,Powikłaniem stosowania inhibitora H+ K+ –ATPazy komórek okładzinowych może być:,niedokrwistość makrocytarna z powodu niedoboru witaminy B12,osteoporoza z powodu zaburzeń wchłaniania wapnia,bakteryjne zakażenia przewodu pokarmowego,zmiany wchłaniania wielu leków z przewodu pokarmowego,,,,,,,KOLOKWIUM 1 – 2018/19,srednia
UKŁAD POKARMOWY,Klasyfikacja,lekarski,testowe,Lekiem stosowanym w objawach ze strony przewodu pokarmowego o wpływie na układ opioidowy jest:,trimebutyna,racekadotryl,metylnaltrekson,,,dekstrometorfan,,,,,KOLOKWIUM 1 – 2018/19,srednia
HEMOSTAZA,Dawkowanie,lekarski,testowe,W niewydolności nerek należy zmodyfikować dawkowanie:,eteksylanu dabigatranu,,,,,atorwastatyny,kwasu acetylosalicylowego,lewotyroksyny,,,KOLOKWIUM 1 – 2018/19,niska
NIEOPIOIDOWE LEKI PRZECIWBÓLOWE,Dawkowanie,lekarski,testowe,Paracetamol:,"jest prawdopodobnie słabym niewybiórczym inhibitorem cyklooksygenaz (COX), ale bez działania przeciwzapalnego",via aktywny metabolit hamuje wychwyt zwrotny endokanabinoidów,ma maksymalną dawkę dobową ustaloną na 4 g/d (a u osób z zespołem zależności alkoholowej na 2 g/d),,,po przedawkowaniu jest antagonizowany przez dożylne wlewy glutationu (GSH),,,,,KOLOKWIUM 1 – 2018/19,wysoka
CUKRZYCA,Działania niepożądane,lekarski,testowe,Tramadol:,ma mechanizm działania podobny do tapentadolu,może powodować drgawki,,,,może zwiększać ryzyko hiperglikemii i pogarszać kontrolę cukrzycy,działa przeciwbólowo skuteczniej w połączeniu z lekami przeciwdepresyjnymi z powodu synergizmu działania,,,,KOLOKWIUM 1 – 2018/19,srednia
NARKOTYCZNE LEKI PRZECIWBÓLOWE,Sposób podania,lekarski,testowe,Rotacja opioidów:,"wymaga ustalenia ekwianelgetycznych dawek zamienianych opioidów, np. morfina : oksykodon p.o. odpowiednio 10 mg : 6,67 mg",,,,,wymaga nie łączenia opioidów z innymi lekami przeciwbólowymi,pomaga zapobiec immunosupresyjnemu działaniu opioidów,"powinna być oparta o tą samą drogę podania, to znaczy rotowane opioidy powinny mieć tę samą postać farmaceutyczną",,,KOLOKWIUM 1 – 2018/19,wysoka
UKŁAD PRZYWSPÓŁCZULNY,Klasyfikacja,lekarski,testowe,"Pasażerowie podróżujący wagonem metra, w którym odnaleziono porzucony bagaż, zostali przyjęci na oddział ratunkowy z powodu bolesnych skurczów jelit, wymiotów, duszności i osłabienia siły mięśniowej. W badaniu fizykalnym stwierdzono zwiększoną częstość oddechów, świsty oskrzelowe, bradykardię i zwężenie źrenic. Lek/leki z wyboru w powyższej sytuacji to:",acetylocysteina,pralidoksym,pirydostygmina,atropina,,,,,,,KOLOKWIUM 1 – 2018/19,wysoka
LEKI PRZECIWNOWOTWOROWE,Wskazania,lekarski,testowe,Inhibitory immunologicznych punktów kontrolnych:,"są przeciwciałami monoklonalnymi przeciw CLTA-4, PD-1 i PDL-1",nawiązują koncepcyjnie do immunostymulującego działania szczepionki BCG w raku pęcherza moczowego,są skuteczne w leczeniu różnych typów nowotworów,indukują zjawiska autoimmunologiczne,,,,,,,KOLOKWIUM 1 – 2018/19,niska
HEMOSTAZA,Klasyfikacja,lekarski,testowe,Projektant mody Alexander McQeen (1969-2010) był uzależniony od wielu substancji psychoaktywnych. Które cechy opisu jego zachowania z filmu biograficznego „Wizjoner. Buntownik. Geniusz” wskazują na ekspozycję na kokainę?,"gadatliwy, w świetnym nastroju, pełen energii i bardzo ruchliwy mimo 16 h pracy przed pokazem, ale spocony i z nawracającymi krwawieniami z nosa",,,,,"brawurowy i agresywny, z zaburzeniami mowy i równowagi ruchowej","błyskotliwy, dowcipny, szybko przyswajający duże ilości nowych informacji, ale ciągle głodny i z okresowymi napadami paniki","w euforii, komplementujący współpracowników, okresowo z barwnymi wizjami, okresowo podsypiający, z przekrwionymi twardówkami",,,KOLOKWIUM 1 – 2018/19,niska
HEMOSTAZA,Antidotum,lekarski,testowe,Działanie farmakologiczne inne niż suplementacja w stanach niedoboru ma:,fitomenadion w niewydolności wątroby i przedawkowaniu warfaryny,cholekalcyferol w profilaktyce i leczeniu osteoporozy,,,,nikotynamid w hiperurykemii i atakach dny moczanowej,tokoferol w profilatyce raka płuc,,,,KOLOKWIUM 1 – 2018/19,niska
CUKRZYCA,Wskazania,lekarski,testowe,Obniżenie stężenia potasu w surowicy może być spowodowane zastosowaniem:,bisakodylu,prednizonu,glukozy z insuliną,,,glukonianu wapnia,,,,,KOLOKWIUM 1 – 2018/19,niska
STANY NAGŁE,Klasyfikacja,lekarski,testowe,Zasadzką płynoterapii jest:,obrzęk płuc po nawadnianiu płynem wieloelektrolitowym,brak możliwości wiarygodnego oznaczenia grupy krwi i wykonania próby krzyżowej po padaniu dekstranu 70 000,"hiperonkotyczna niewydolność nerek po podaniu hydroksyetylowanej skrobi 130/0,4",,,zakrzepica podczas stosowania 20% roztworu albumin,,,,,KOLOKWIUM 1 – 2018/19,srednia
HEMOSTAZA,Klasyfikacja,lekarski,testowe,Wskaż prawdziwe stwierdzenia:,"w USA obowiązuje nazewnictwo leków w pewnym zakresie autonomiczne od tworzonej przez WHO listy nazw międzynarodowych, przykłady paracetamol i acetaminofen czy petydyna i meperydyna",,,,,po wygaśnięciu ochrony patentowej enoksaparyny wprowadzono jej odtwórcze odpowiedniki tylko na podstawie wykazania ich biorównoważności,antysensowne oligonukleotydy mają w nazwie końcówkę -stim,przy konwersji między lekami biopodobnymi obowiązuje zasada zamiany automatycznej (substytucji),,,KOLOKWIUM 1 – 2018/19,niska
LEKI PRZECIWBAKTERYJNE,Interakcje,lekarski,testowe,Wskaż prawidłowe zestawienia lek-spektrum działania:,"cyprofloksacyna – Pseudomonas aeruginosa, Mycoplasma pneumoniae","penicylina G – Fusobacterium spp., Streptococcus pyogenes","rifaksymina – Escherichia coli, Campylobacter jejuni",,,"gentamycyna – Clostridium spp., Helicobacter pylori",,,,,KOLOKWIUM 2 – 2018/19,wysoka
LEKI PRZECIWGRZYBICZE,Wskazania,lekarski,testowe,Wskaż zdania prawdziwe:,zastosowanie technologii liposomów pozwoliło na otrzymanie preparatów amfoterycyny B o zmniejszonej nefrotoksyczności,,,,,"w przeciwieństwie do terbinafiny, azole hamują enzym szlaku biosyntezy ergosterolu niezwiązany z układem CYP450",kaspofungina może być skuteczna w leczeniu i profilaktyce zapalenia opon mózgowo-rdzeniowych o etiologii Cryptococcus neoformans,"dla uzyskania możliwie najlepszych efektów leczenia amfoterycyną B najistotniejsze z punktu widzenia PK/PD jest, aby stężenie leku pomiędzy kolejnymi podaniami utrzymywało się na poziomie 4 x MIC optymalnie przez 100% czasu",,,KOLOKWIUM 2 – 2018/19,wysoka
LEKI PRZECIWBAKTERYJNE,Dawkowanie,lekarski,testowe,Modyfikacja dawki nie jest wymagana u pacjenta z eGFR wg wzoru Cockcrofta- Gaulta = 24 ml/min podczas stosowania:,ceftriaksonu,cefoperazonu,,,,ceftazydymu,cefepimu,,,,KOLOKWIUM 2 – 2018/19,wysoka
TARCZYCA,Wskazania,lekarski,testowe,Profilaktyczne zastosowanie leków przeciwinfekcyjnych jest uzasadnione:,w planowej operacji zmniejszenia żołądka w leczeniu otyłości olbrzymiej(pole czyste-skażone),w planowej implantacji sztucznej protezy stawu biodrowego (pole czyste),,,,w planowym usunięciu znamienia skórnego do diagnostyki histo-patologicznej (pole czyste),w planowym usunięciu tarczycy w wolu guzkowym nadczynnym (pole czyste),,,,KOLOKWIUM 2 – 2018/19,niska
LEKI PRZECIWBAKTERYJNE,Klasyfikacja,lekarski,testowe,"Jaki lek można opisać w następujący sposób: ma działanie bójcze, jego celem farmakodynamicznym jest jak największy stosunek AUC24:MIC i łatwa jest jego sekwencja do stosowania doustnego:",Lewofloksacyna,,,,,Neomycyna,Wankomycyna,Klarytromycyna,,,KOLOKWIUM 2 – 2018/19,wysoka
LEKI PRZECIWBAKTERYJNE,Wskazania,lekarski,testowe,Które stwierdzenie jest prawdziwe w leczeniu zakażeń?,leki przeciwinfekcyjne są jedynie uzupełnieniem leczenia zabiegowego w postaci aspiracji lub drenażu w przypadku ropni i ropniaków,leczenie zakażenia w obrębie tylnej komory oka (szklistki) wymaga podania leków przeciwinfekcyjnych doszklistkowo,"nie jest możliwe wyleczenia „zakażenia” sztucznych materiałów: protez, cewników, sztucznych zastawek","w przewlekłym zapaleniu zatok konieczne jest chirurgiczna korekta nieprawidłowości anatomicznych, tj. polip czy, skrzywienie przegrody nosa",,,,,,,KOLOKWIUM 2 – 2018/19,niska
LEKI PRZECIWBAKTERYJNE,Wskazania,lekarski,testowe,"U pacjenta z podejrzeniem atypowego zakażenia układu oddechowego, stosującego na co dzień leki z grupy inhibitorów reduktazy HMG-CoA (pacjent nie pamięta nazwy leku), planujesz włączyć antybiotyk makrolidowy. Za bezpieczną opcję terapeutyczną w tej sytuacji uznasz:",azytromycynę,,,,,klarytromycynę,telitromycynę,erytromycynę,,,KOLOKWIUM 2 – 2018/19,wysoka
LEKI PRZECIWBAKTERYJNE,Działania niepożądane,lekarski,testowe,Wskaż prawidłowe zestawienia lek-działanie niepożądane:,izoniazyd – toczeń polekowy,pirazynamid– hiperurikemia,ryfampicyna – małopłytkowość,etambutol – pozagałkowe zapalenie nerwu wzrokowego,,,,,,,KOLOKWIUM 2 – 2018/19,wysoka
LEKI PRZECIWBAKTERYJNE,Interakcje,lekarski,testowe,Leki przeciwbakteryjne o wysokim potencjale do selekcji szczepów Clostridium difficile to:,klindamycyna,cyprofloksacyna,,,,wankomycyna,fidaksomycyna,,,,KOLOKWIUM 2 – 2018/19,wysoka
LEKI PRZECIWBAKTERYJNE,Farmakokinetyka,lekarski,testowe,"Pacjent leczony jest dożylnie lekiem, którego farmakokinetyka opisana jest następująco: słabo wchłania się z przewodu pokarmowego, podlega ograniczonej dystrybucji do tkanek, nie jest metabolizowany (bądź jest metabolizowany w minimalnym stopniu), wydalany jest głównie przez nerki. Lekiem tym może być:",wankomycyna,kolistymetat sodu,amikacyna,,,erytromycyna,,,,,KOLOKWIUM 2 – 2018/19,wysoka
LEKI PRZECIWGRZYBICZE,Wskazania,lekarski,testowe,W leczeniu inwazyjnej aspergilozy znalazły zastosowanie:,amfoterycyna B podawana dożylnie,worykonazol podawany dożylnie,,,,kaspofungina podawana doustnie,terbinafina podawana doustnie,,,,KOLOKWIUM 2 – 2018/19,wysoka
LEKI PRZECIWBAKTERYJNE,Klasyfikacja,lekarski,testowe,Dobrą dystrybucją do ośrodkowego układu nerwowego charakteryzuje się:,ceftriakson,linezolid,flukonazol,,,kaspofungina,,,,,KOLOKWIUM 2 – 2018/19,srednia
LEKI PRZECIWBAKTERYJNE,Klasyfikacja,lekarski,testowe,W schematach eradykacji Helicobacter pylori są stosowane:,klarytromycyna,Amoksycylina,metronidazol,tetracyklina,,,,,,,KOLOKWIUM 2 – 2018/19,wysoka
LEKI PRZECIWBAKTERYJNE,Ciąża,lekarski,testowe,U kobiety w ciąży z rumieniem wędrującym można zastosować:,azytromycynę,amoksycylinę,,,,doksycyklinę,klindamycynę,,,,KOLOKWIUM 2 – 2018/19,wysoka
LEKI PRZECIWBAKTERYJNE,Mechanizm działania,lekarski,testowe,Syntezę ściany komórkowej hamuje:,fosfomycyna,mykafungina,teikoplanina,,,nystatyna,,,,,KOLOKWIUM 2 – 2018/19,srednia
LEKI PRZECIWGRZYBICZE,Interakcje,lekarski,testowe,Wskaż prawidłowe stwierdzenie:,worykonazol jest istotnym klinicznie inhibitorem CYP3A4,posakonazol hamuje syntezę ergosterolu,,,,flukonazol wykazuje aktywność wobec Aspergillus spp,itrakonazol bardzo dobrze wchłania się z przewodu pokarmowego,,,,KOLOKWIUM 2 – 2018/19,wysoka
LEKI PRZECIWBAKTERYJNE,Wskazania,lekarski,testowe,W zakażeniu o etiologii MRSA(methicyllin-resistant Staphylococcus aureus) zasadne jest zastosowanie:,ceftaroliny,linezolidu,,,,kloksacyliny,meropenemu,,,,KOLOKWIUM 2 – 2018/19,wysoka
LEKI PRZECIWBAKTERYJNE,Wskazania,lekarski,testowe,W biegunce o etiologii Clostridium difficile uzasadnione może być podanie doustne:,wankomycyny,metronidazolu,fidaksomycyny,,,nifuroksazydu,,,,,KOLOKWIUM 2 – 2018/19,wysoka
LEKI PRZECIWBAKTERYJNE,Interakcje,lekarski,testowe,Wskaż właściwe skojarzenie lek – potencjalne działanie niepożądane:,chloramfenikol – zespół szarego dziecka,doksycyklina - fotodermatoza,,,,gentamycyna - żółtaczka cholestatyczna,klindamycyna – zespół serotoninowy,,,,KOLOKWIUM 2 – 2018/19,wysoka
LEKI PRZECIWBAKTERYJNE,Klasyfikacja,lekarski,testowe,Zaburzenia rytmu serca mogą wystąpić w trakcie stosowania:,moksyfloksacyny,klarytromycyny,,,,fidaksomycyny,Mupirocyny,,,,KOLOKWIUM 2 – 2018/19,wysoka
LEKI PRZECIWBAKTERYJNE,Interakcje,lekarski,testowe,Wskaż prawidłowe skojarzenie lek – wskazanie:,spiramycyna – toksoplazmoza,fenoksymetylopenicylina – angina paciorkowcowa,metronidazol - lamblioza,,,neomycyna – biegunka poantybiotykowa,,,,,KOLOKWIUM 2 – 2018/19,wysoka
LEKI PRZECIWBAKTERYJNE,Farmakokinetyka,lekarski,testowe,Kolistymetat sodu:,jest prolekiem,jest zarezerwowany do leczenia zakażeń szczepami wielolekoopornymi G(-),,,,działa na VRE (Vancomycin-Resistant Enterococcus),dobrze wchłania się z przewodu pokarmowego,,,,KOLOKWIUM 2 – 2018/19,srednia
LEKI PRZECIWBAKTERYJNE,Działania niepożądane,lekarski,testowe,Działanie neurotoksyczne wykazuje:,linezolid,cyprofloksacyna,kolistyna,metronidazol,,,,,,,KOLOKWIUM 2 – 2018/19,wysoka
LEKI PRZECIWBAKTERYJNE,Wskazania,lekarski,testowe,Tygecyklina:,jest stosowana w wewnątrzbrzusznych zakażeniach szczepami wielolekoopornymi,,,,,dobrze wchłania się z przewodu pokarmowego,bardzo często jest przyczyną zapalenia ścięgna Achillesa,działa na Pseudomonas aeruginosa,,,KOLOKWIUM 2 – 2018/19,wysoka
LEKI PRZECIWBAKTERYJNE,Wskazania,lekarski,testowe,Daptomycyna może być skuteczna w zakażeniach szczepami:,MRSA (methicyllin-resistant Staphylococcus aureus),MSSA (methicillin-sensitive Staphylococcus aureus),VRE (Vancomycin-Resistant Enterococcus),,,CPE (Carbapenemase-producing Enterobacteriaceae),,,,,KOLOKWIUM 2 – 2018/19,wysoka
LEKI PRZECIWBAKTERYJNE,Interakcje,lekarski,testowe,Wskaż prawidłowe skojarzenie lek – mechanizm działania:,plazomycyna – hamuje syntezę białek,,,,,dalbawancyna – hamuje syntezy DNA,spiramycyna – hamuje syntezę RNA,telitromycyna – hamuje syntezę ściany komórkowej,,,KOLOKWIUM 2 – 2018/19,srednia
LEKI PRZECIWBAKTERYJNE,Wskazania,lekarski,testowe,Do bezpiecznych i skutecznych środków do dezynfekcji należą:,oktenidyna,,,,,woda utleniona,spirytusowy roztwór fioletu gencjanowego,mleczan etakrydyny,,,KOLOKWIUM 2 – 2018/19,niska
LEKI PRZECIWBAKTERYJNE,Klasyfikacja,lekarski,testowe,Lewofloksacyna:,wykazuje aktywność wobec Streptococcus pneumoniae,wykazuje aktywność wobec Legionella pneumophila,,,,ma taki sam zakres działania jak moksyfloksacyna,nie działa na Pseudomonas aeruginosa,,,,KOLOKWIUM 2 – 2018/19,wysoka
LEKI PRZECIWBAKTERYJNE,Wskazania,lekarski,testowe,"W przypadku rozpoznania anginy paciorkowcowej u osoby uczulonej na antybiotyki beta￾laktamowe, można zastosować:",klindamycynę,azytromycynę,,,,norfloksacynę,kloksacylinę,,,,KOLOKWIUM 2 – 2018/19,wysoka
LEKI PRZECIWWIRUSOWE,Klasyfikacja,lekarski,testowe,Wskaż prawidłowe połączenie:,"owsica – pyrantel, WZW C (wirusowe zapalenie wątroby typu C) – daklataswir","wszawica – permetryna, CMV – walgancyklowir",,,,"CMV (cytomegalovirus) – acyklowir, owsica – pyrantel","acyklowir – HSV-2 (herpes simplex 2), amantadyna – profilaktyka grypy typu B",,,,KOLOKWIUM 2 – 2018/19,wysoka
NADCIŚNIENIE TĘTNICZE,Mechanizm działania,lekarski,testowe,Które pary leków mających ten sam zasadniczy mechanizm działania różnią się istotnie profilem działań klinicznych?,werapamil i nitrendypina,doksazosyna i tamsulozyna,spironolakton i eplerenon,,,moksonidyna i rylmenidyna,,,,,KOLOKWIUM 3 – 2018/19,wysoka
ZABURZENIA RYTMU SERCA,Mechanizm działania,lekarski,testowe,Amiodaron:,"ma niezgodność farmaceutyczną z 0,9% NaCl",ma działanie chronotropowe ujemne i hipotensyjne,,,,to niewybiórczy antagonista kanałów potasowych wiążący się z nimi w okresie ich otwarcia,zwiększa próg defibrylacji elektrycznej,,,,KOLOKWIUM 3 – 2018/19,srednia
NADCIŚNIENIE TĘTNICZE,Klasyfikacja,lekarski,testowe,Do leków aktywujących pośrednio lub bezpośrednio cyklazę guanylową komórek mięśniówki gładkiej naczyń należy:,nitroprusydek sodu,riocyguat,sakubitryl,,,wardenafil,,,,,KOLOKWIUM 3 – 2018/19,srednia
NIEWYDOLNOŚĆ SERCA,Wskazania,lekarski,testowe,Czy zaproponowany wlew poszczególnych amin katecholowych jest adekwatny na początku leczenia (wybierz najmniejszą dawkę zalecaną) u pacjenta z przedstawionym rozpoznaniem?,"pacjent = 50 kg z ostrą niewydolnością serca i ciśnieniem skurczowym 85 mmHg – dopamina 200 mg/40 ml 0,9% NaCl → wlew = 3 ml/h","pacjent = 100 kg we wstrząsie septycznym z ciśnieniem skurczowym 60 mmHg – noradrenalina 4 mg/40 ml 0,9% NaCl → wlew = 12 ml/h","pacjent = 50 kg z zaostrzeniem przewlekłej niewydolności serca skurczowym 105 mmHg – dobutamina 250 mg/50 ml 0,9% NaCl → wlew =1,2 ml/h",,,"pacjent = 100 kg z ostrą niewydolnością serca i ciśnieniem skurczowym 80 mmHg – dobutamina 250 mg/50 ml 0,9% NaCl → wlew = 2,4 ml/h",,,,,KOLOKWIUM 3 – 2018/19,srednia
ZABURZENIA RYTMU SERCA,Wskazania,lekarski,testowe,"Wskaż lek o bardzo krótkim okresie półtrwania (<5 min), który z tego powodu wymaga stosowania we wlewie dożylnym lub jest wykorzystywany w celu osiągnięcia błyskawicznego krótkotrwałego efektu terapeutycznego:",esmolol,sukcynylocholina,adenozyna,,,diazepam,,,,,KOLOKWIUM 3 – 2018/19,niska
UKŁAD ODDECHOWY,Wskazania,lekarski,testowe,Wskaż poprawną kombinację terapeutyczną w leczeniu zapalnego kaszlu w infekcji oskrzeli:,ambroksol w nebulizacji + acetylocysteina doustnie,,,,,wazycyna doustnie + 10% NaCl w nebulizacji,sulfagwajakol + kodeina w doustnym preparacie złożonym,dornaza alfa w inhalacjach + erdosteina doustnie,,,KOLOKWIUM 3 – 2018/19,wysoka
UKŁAD ODDECHOWY,Wskazania,lekarski,testowe,"W napadzie duszności u osoby z cechami skurczu oskrzeli (cichy szmer pęcherzykowy, głośne świsty, wydłużona faza wydechu) w celu przerwania napadu zasadne jest zastosowanie:",salbutamolu wziewnie w nebulizacji,bromku ipratropium wziewnie w nebulizacji,,,,triazotanu glicerolu w aerozolu na błonę śluzową jamy ustnej,cyklezonidu wziewnie z inhalatora aerozolowego,,,,KOLOKWIUM 3 – 2018/19,wysoka
NADCIŚNIENIE TĘTNICZE,Farmakokinetyka,lekarski,testowe,"Który lek ma w swojej grupie farmakologicznej nietypową, wyróżniającą go farmakokinetykę:",cyklezonid,amlodypina,,,,metoprolol,iwabradyna,,,,KOLOKWIUM 3 – 2018/19,niska
UKŁAD WSPÓŁCZULNY,Klasyfikacja,lekarski,testowe,Lekiem stosowanym „ratunkowo” w poważnych powikłaniach polekowych jest:,adrenalina,półbursztynian hydrokortyzonu,dantrolen,acetylocysteina,,,,,,,KOLOKWIUM 3 – 2018/19,niska
HEMOSTAZA,Klasyfikacja,lekarski,testowe,Do leków zmniejszających obciążenie wstępne należy:,diazotan izosorbidu,furosemid,,,,diosmina,pentoksyfilina,,,,KOLOKWIUM 3 – 2018/19,srednia
LEKI PRZECIWDEPRESYJNE,Klasyfikacja,lekarski,testowe,Pacjentka z zespołem depresyjnym stosująca tryptany ma zwiększone ryzyko zespołu serotoninowego po włączeniu:,fluoksetyny,wenlafaksyny,klomipraminy,duloksetyny,,,,,,,KOLOKWIUM 3 – 2018/19,wysoka
LEKI PRZECIWPSYCHOTYCZNE,Sposób podania,lekarski,testowe,"Jeśli splątany i agresywny pacjent odmawia przyjmowania leków doustnie to po zastosowaniu krótkotrwałego unieruchomienia kończyn można mu podać dożylnie lek uspokajający, którym jest:",midazolam,,,,,piracetam,haloperydol,rysperydon,,,KOLOKWIUM 3 – 2018/19,srednia
LEKI PRZECIWDEPRESYJNE,Wskazania,lekarski,testowe,Jako lek normotymiczny w chorobie afektywnej dwubiegunowej można zastosować:,lamotryginę,olanzapinę,,,,fluoksetynę,haloperydol,,,,KOLOKWIUM 3 – 2018/19,srednia
PADACZKA,Wskazania,lekarski,testowe,Który lek jest stosowany jedynie we wskazaniu wymienionym przy tym leku?,netupitant – terapia wspomagająca stosowanie wysoce emetogennej chemioterapii przeciwnowotworowej,memantyna – choroba Alzheimera,,,,karbamazepina – padaczka,pregabalina – polineuropatia cukrzycowa,,,,KOLOKWIUM 3 – 2018/19,wysoka
ZNIECZULENIA OGÓLNE,Wskazania,lekarski,testowe,Idealny lek znieczulenia ogólnego:,jest skuteczny we wszystkich grupach pacjentów,działa przeciwbólowo,jest bezpieczny dla wszystkich grup pacjentów,jest tani,,,,,,,KOLOKWIUM 3 – 2018/19,niska
CHOROBA PARKINSONA,Wskazania,lekarski,testowe,Cholinolityki:,są lekami z wyboru w polekowym zespole parkinsonowskim,zmniejszają drżenie w chorobie Parkinsona,nie różnią się skutecznością w chorobie Parkinsona,można podawać w połączeniu z lewodopą,,,,,,,KOLOKWIUM 3 – 2018/19,srednia
LEKI PRZECIWNOWOTWOROWE,Klasyfikacja,lekarski,testowe,Wskaż prawidłowe połączenie mykotoksyny z zagrożeniem poekspozycyjnym:,zearaleon – działanie estrogenne i anaboliczne,aflatoksyna – ryzyko nowotworów wątroby,,,,patulina – ryzyko nowotworów dróg moczowych,ochratoksyna – silne działanie alergizujące,,,,KOLOKWIUM 3 – 2018/19,niska
LEKI PRZECIWHISTAMINOWE,Wskazania,lekarski,testowe,Leki przeciwhistaminowe drugiej generacji blokujące receptor H1 w odróżnieniu od leków pierwszej generacji:,są w znaczącym stopniu pozbawione działania sedatywnego,,,,,mają istotne działanie cholinolityczne,mogą być stosowane w postaci wstrzyknięć,są skuteczne w profilaktyce choroby lokomocyjnej,,,KOLOKWIUM 3 – 2018/19,srednia
GLIKOKORTYKOSTEROIDY,Wskazania,lekarski,testowe,W leczeniu ostrego napadu dny moczanowej stosuje się:,kolchicynę,glikokortykosteroidy,niesteroidowe leki przeciwzapalne,,,allopurynol,,,,,KOLOKWIUM 3 – 2018/19,niska
LEKI MOCZOPĘDNE,Klasyfikacja,lekarski,testowe,Diuretyki pętlowe:,zwiększają filtrację kłębuszkową też przez korzystny wpływ na syntezę prostaglandyn w nerkach,ulegają wydzielaniu cewkowemu w kanalikach proksymalnych,tworzą wysoki ładunek sodowy w kanaliku dalszym aktywując układ reninowo￾angiotensynowy,zwiększają pojemność łożyska żylnego jeszcze przed wystąpieniem efektu diuretycznego,,,,,,,KOLOKWIUM 3 – 2018/19,srednia
LEKI MOCZOPĘDNE,Wskazania,lekarski,testowe,Który lek może być zastosowany u chorego z nadwrażliwością na sulfonamidy?,torasemid,eplerenon,,,,furosemid,hydrochlorotiazyd,,,,KOLOKWIUM 3 – 2018/19,srednia
UKŁAD WSPÓŁCZULNY,Działania niepożądane,lekarski,testowe,Wskaż prawdziwe stwierdzenie dotyczące metoprololu:,ma działanie hipotensyjne związane ze zmniejszeniem aktywności reninowej osocza,zmienia działanie układu współczulnego na poziomie ośrodkowego układu nerwowego,jest niebezpieczny w naczynioskurczowych chorobach tętnic,,,w terapii przewlekłej powoduje down-regulację receptorów beta-adrenergicznych,,,,,KOLOKWIUM 3 – 2018/19,wysoka
LEKI PRZECIWPSYCHOTYCZNE,Działania niepożądane,lekarski,testowe,"W filmie „Piękny umysł” Alicia, żona chorego na schizofrenię Johna Nasha, pyta go: „Czy to przez lek?”, a on odpowiada: „Tak”. O którym działaniu niepożądanym chloropromazyny mogli rozmawiać?",zmniejszeniu libido,,,,,nadciśnieniu tętniczym,ślinotoku,przymusie robienia notatek na ścianach,,,KOLOKWIUM 3 – 2018/19,srednia
LEKI PRZECIWDEPRESYJNE,Wskazania,lekarski,testowe,"W arcydziele „Sto lat samotności” Gabriela Garcii Marqueza wioskę Macondo nawiedza zaraza bezsenności i zapomnienia. Wskaż uzasadnioną opcję terapeutyczną do zaproponowania w leczeniu krótkotrwałej bezsenności, gdyby wydarzenia opisane przez Marqueza działy się współcześnie:",trazodon,,,,,triazolam,dezimipramina,hydroksyzyna,,,KOLOKWIUM 3 – 2018/19,srednia
LEKI PRZECIWDEPRESYJNE,Mechanizm działania,lekarski,testowe,Amitryptylina w przeciwieństwie do wenlafaksyny:,działa antagonistycznie wobec receptora muskarynowego (M1),,,,,jest skuteczna w bólach neuropatycznych,zmniejsza wychwyt zwrotny noradrenaliny i serotoniny,jest agonistą receptora dopaminowego (D2),,,KOLOKWIUM 3 – 2018/19,srednia
UKŁAD WSPÓŁCZULNY,Klasyfikacja,lekarski,testowe,Za reakcję paradoksalną uznasz:,zwiększenie ciśnienia krwi po metoprololu,pobudzenie i agresję po alprazolamie,,,,drgawki po amitryptylinie,zaburzenia koordynacji ruchowej po zopiklonie,,,,KOLOKWIUM 3 – 2018/19,niska
UKŁAD POKARMOWY,Wskazania,lekarski,testowe,Który lek ma zastosowanie w wymiotach związanych z chemioterapią przeciwnowotworową?,deksametazon,palonosetron,aprepitant,metoklopramid,,,,,,,KOLOKWIUM 3 – 2018/19,wysoka
LEKI PRZECIWDEPRESYJNE,Klasyfikacja,lekarski,testowe,"Pacjentka od wielu lat otrzymuje perazynę, mianserynę i lorazepam. Na tej podstawie można rozpoznać (możliwe jest więcej niż jedno rozpoznanie):",zaburzenia depresyjno-urojeniowe,uzależnienie lekowe,,,,dwubiegunową chorobę afektywną,fobię społeczną,,,,KOLOKWIUM 3 – 2018/19,srednia
LEKI PRZECIWPSYCHOTYCZNE,Klasyfikacja,lekarski,testowe,"Podczas stosowania kwetiapiny, bardzo popularnej w psychotycznych zaburzeniach zachowania u pacjentów oddziałów somatycznych, trzeba pamiętać, że zwiększa się ryzyko:",hipertriglicerydemii,zespołu pozapiramidowego,hiperglikemii,zakrzepowego zapalenia żył,,,,,,,KOLOKWIUM 3 – 2018/19,srednia
CHOROBA NIEDOKRWIENNA SERCA,Klasyfikacja,lekarski,testowe,Która z poniższych informacji znajduje się w charakterystyce produktu leczniczego:,informacja o warunkach przechowywania produktu leczniczego,data wydania pierwszego pozwolenia na dopuszczenie do obrotu produktu leczniczego,,,,cena produktu leczniczego,informacja o okresowym wstrzymaniu produktu leczniczego w obrocie,,,,KOLOKWIUM 1 – 2017/18 - 1 termin,niska
UKŁAD POKARMOWY,Farmakokinetyka,lekarski,testowe,Do określenia biodostępności leku po podaniu doustnym konieczna jest znajomość:,AUC0→t po podaniu dożylnym,AUC0→t po podaniu doustnym,,,,stopnia wchłaniania ksylozy z przewodu pokarmowego,Cmax leku po podaniu dożylnym,,,,KOLOKWIUM 1 – 2017/18 - 1 termin,niska
FARMAKOKINETYKA,Wskazania,lekarski,testowe,"W stanie stacjonarnym objętość dystrybucji leku A = 6 l, a leku B = 206 l. Na podstawie tych danych można stwierdzić, że w stanie stacjonarnym lek A:",osiąga większe stężenie we krwi niż lek B po podaniu takiej samej dawki obu leków i.v,jest rozmieszczony nierównomiernie w przestrzeniach płynowych organizmu,,,,działa w kompartmencie obwodowym,jest eliminowany zgodnie z kinetyką 0 rzędu,Która z poniższych par lek-zagrażające życiu działanie niepożądane jest prawdziwa?,,,KOLOKWIUM 1 – 2017/18 - 1 termin,srednia
CUKRZYCA,Wskazania,lekarski,testowe,W celu obniżenia glikemii przed posiłkiem można podać:,glulizynę,,,,,degludec,detemir,glarginę,,,KOLOKWIUM 1 – 2017/18 - 1 termin,niska
LEKI PRZECIWGRZYBICZE,Wskazania,lekarski,testowe,W leczeniu hiperprolaktynemii (prolaktynoma to najczęstszy typ gruczolaka przysadki) uzasadnione jest zastosowanie:,bromokryptyny,,,,,ketokonazolu,eplerenonu,klomifenu,,,KOLOKWIUM 1 – 2017/18 - 1 termin,niska
FARMAKOKINETYKA,Wskazania,lekarski,testowe,Odtwórczy (generyczny) produkt leczniczy to produkt leczniczy :,zawierający tę samą substancję aktywną co produkt oryginalny (innowacyjny),biorównoważny z produktem oryginalnym (innowacyjnym),,,,mający ten sam skład co produkt oryginalny (innowacyjny),zarejestrowany także w innych wskazaniach niż produkt oryginalny (innowacyjny),,,,KOLOKWIUM 1 – 2017/18 - 1 termin,niska
ANTYKONCEPCJA,Wskazania,lekarski,testowe,„Lekiem” o nieudokumentowanej skuteczności (de facto bezwartościowym) jest:,beta-glukan,,,,,drospirenon,metamizol,aprotynina,,,KOLOKWIUM 1 – 2017/18 - 1 termin,niska
LEKI PRZECIWBAKTERYJNE,Przeciwwskazania,lekarski,testowe,U chorych obciążonych dodatnią historią krwawienia z wrzodów żołądka w przypadku planowanego przewlekłego leczenia NLPZ należy:,przepisać dodatkowo pantoprazol,wykonać test na nosicielstwo Helicobacter pylori w celu ewentualnej eradykacji,przy braku innych przeciwwskazań wybrać lek z grupy koksybów,,,bezwzględnie odstąpić od terapii klasycznymi (nieselektywnymi) NLPZ,,,,,KOLOKWIUM 1 – 2017/18 - 1 termin,srednia
UKŁAD POKARMOWY,Klasyfikacja,lekarski,testowe,Do leków zwiększających niekorzystny wpływ NLPZ na przewód pokarmowy zaliczysz:,warfarynę,prednizon,,,,etamsylat,sukralfat,,,,KOLOKWIUM 1 – 2017/18 - 1 termin,srednia
HEMOSTAZA,Klasyfikacja,lekarski,testowe,Czynniki stymulujące erytropoezę:,powodują przemijające objawy grypopodobne,zwiększają ciśnienie tętnicze krwi,rzadko powodują wybiórczą aplazję czerwonokrwinkową,predysponują do powikłań zakrzepowych,,,,,,,KOLOKWIUM 1 – 2017/18 - 1 termin,niska
HEMOSTAZA,Mechanizm działania,lekarski,testowe,Którego/których leków może dotyczyć poniższy opis: pośrednio hamuje aktywność czynnika krzepnięcia Xa:,enoksaparyna,fondaparyna,,,,edoksaban,biwalirudyna,,,,KOLOKWIUM 1 – 2017/18 - 1 termin,wysoka
HEMOSTAZA,Farmakokinetyka,lekarski,testowe,"Którego/których leków może dotyczyć poniższy opis: prolek, nieodwracalnie blokujący receptory P2Y12:",prasugrel,,,,,dipyrydamol,tikagrelor,cilostazol,,,KOLOKWIUM 1 – 2017/18 - 1 termin,wysoka
HEMOSTAZA,Monitorowanie,lekarski,testowe,Wadą heparyny niefrakcjonowanej w porównaniu z drobnocząsteczkowymi jest:,wymaga monitorowania APTT,silniej indukuje powstawanie przeciwciał p-kompleksowi PF4 z heparyną,,,,jest mniej bezpieczna w niewydolności nerek,trudniej jest zneutralizować jej działanie siarczanem protaminy,,,,KOLOKWIUM 1 – 2017/18 - 1 termin,wysoka
LEKI HIPOLIPEMIZUJĄCE,Mechanizm działania,lekarski,testowe,Rosuwastatyna zmniejsza:,syntezę cholesterolu w wątrobie poprzez konkurencyjne hamowanie aktywności reduktazy HMG-CoA,stężenie cholesterolu LDL,"stężenie lipoprotein zawierających apoB, w tym cząsteczek o dużej zawartości triglicerydów",,,ekspresję receptorów dla LDL na powierzchni hepatocytów,,,,,KOLOKWIUM 1 – 2017/18 - 1 termin,wysoka
LEKI HIPOLIPEMIZUJĄCE,Klasyfikacja,lekarski,testowe,W prawidłowo prowadzonej profilaktyce sercowo-naczyniowej (czyli profilaktyce miażdżycy) należy osiągnąć następujące cele terapeutyczne:,w grupie osób dużego ryzyka zmniejszenie stężenia cholesterolu LDL w surowicy poniżej 70 mg/dl,,,,,obniżenie stężenia trójglicerydów w surowicy poniżej 115 mg/dl,zmniejszenie masy ciała do wartości BMI poniżej 27 kg/m2,podwyższenie stężenia cholesterolu HDL w surowicy u mężczyzn powyżej 30 mg/dl,,,KOLOKWIUM 1 – 2017/18 - 1 termin,niska
LEKI IMMUNOSUPRESYJNE,Mechanizm działania,lekarski,testowe,Wskaż prawidłowe stwierdzenie:,ofatumumab to ludzkie przeciwciało skierowane przeciw receptorowi CD20 limfocytów B,bazyliksymab to chimeryczne przeciwciało skierowane przeciw receptorowi CD25 na powierzchni limfocytów T,,,,rituksymab to chimeryczne przeciwciało skierowane przeciw receptorowi CD52 limfocytów B,natalizumab to humanizowane przeciwciało monoklonalne przeciw CD11a limfocytów B,,,,KOLOKWIUM 1 – 2017/18 - 1 termin,wysoka
LEKI IMMUNOSUPRESYJNE,Wskazania,lekarski,testowe,W leczeniu immunosupresyjnym jest/są stosowana/-e:,przeciwciała przeciwtymocytarne królicze,,,,,cyklofilina,inozyna,kolchicyna,,,KOLOKWIUM 1 – 2017/18 - 1 termin,srednia
FARMAKOLOGIA OGÓLNA I EBM,Klasyfikacja,lekarski,testowe,Lekiem terapii genowej jest:,fomiwirsen,mipomersen,typarwowek alipogenu,,,OKT3,,,,,KOLOKWIUM 1 – 2017/18 - 1 termin,wysoka
UKŁAD POKARMOWY,Działania niepożądane,lekarski,testowe,Długotrwałe stosowanie pantoprazolu może być przyczyną:,zakażeń dolnego odcinka układu oddechowego,zwyrodnienia tylnosznurowego z powodu zmniejszonego wchłaniania witaminy B12,osteoporozy,zakażeń przewodu pokarmowego,,,,,,,KOLOKWIUM 1 – 2017/18 - 1 termin,srednia
UKŁAD POKARMOWY,Interakcje,lekarski,testowe,Wskaż prawidłowe stwierdzenie dotyczące inhibitorów pompy protonowej (IPP):,są lekami prekursorowymi,aktywność osiągają w komórkach okładzinowych w fazie czynnej=wydzielniczej,powodują nieodwracalne zablokowanie pompy protonowej,w różnym stopniu hamują izoenzymy CYP (CYP2C19 i CYP3A4),,,,,,,KOLOKWIUM 1 – 2017/18 - 1 termin,niska
NARKOTYCZNE LEKI PRZECIWBÓLOWE,Wskazania,lekarski,testowe,W leczeniu zaparć będących działaniem niepożądanym agonistów receptorów opioidowych zastosowanie ma:,alwimopan,metylnaltrekson,,,,papaweryna,metadon,,,,KOLOKWIUM 1 – 2017/18 - 1 termin,wysoka
HEMOSTAZA,Działania niepożądane,lekarski,testowe,Wybierz stwierdzenie opisujące 20% roztwór albumin:,powoduje ponad 100% przyrost objętości osocza,działa objętościowo do 6 h,,,,może spowodować uszkodzenie nerek,ma istotny wpływ na krzepnięcie krwi,,,,KOLOKWIUM 1 – 2017/18 - 1 termin,niska
LEKI PRZECIWNOWOTWOROWE,Działania niepożądane,lekarski,testowe,Lekiem genotoksycznym jest:,cyklofosfamid,cisplatyna,doksorubicyna,irinotekan,,,,,,,KOLOKWIUM 1 – 2017/18 - 1 termin,wysoka
FARMAKOLOGIA OGÓLNA I EBM,Klasyfikacja,lekarski,testowe,Psychoaktywne substancje uzależniające aktywują:,obszar brzuszny nakrywki,jądro półleżące,korę przedczołową,mezolimbiczny układ dopaminowy,,,,,,,KOLOKWIUM 1 – 2017/18 - 1 termin,srednia
LEKI PRZECIWNOWOTWOROWE,Działania niepożądane,lekarski,testowe,Patulina:,ma działanie mutagenne,w warunkach naturalnych znana jest jako substancja skażająca jabłka i powodująca brązową zgniliznę innych owoców,,,,powoduje endemiczną epidemię bałkańską,"jest związkiem, który zwiększa ryzyko nowotworu wątroby",,,,KOLOKWIUM 1 – 2017/18 - 1 termin,niska
LEKI HIPOLIPEMIZUJĄCE,Klasyfikacja,lekarski,testowe,Blaszki miażdżycowe w naczyniach wieńcowych stabilizuje:,atorwastatyna,,,,,fondaparyna,gliklazyd,kwasy omega 6,,,KOLOKWIUM 1 – 2017/18 - 1 termin,niska
FARMAKOLOGIA OGÓLNA I EBM,Klasyfikacja,lekarski,testowe,"Wyrób medyczny to narzędzie, przyrząd, aparat, sprzęt, materiał lub inny artykuł, który może służyć do:",regulacji poczęć,diagnozowania chorób,modyfikowania procesów fizjologicznych,,,leczenia farmakologicznego,,,,,KOLOKWIUM 1 – 2017/18 - 2 termin,niska
FARMAKOKINETYKA,Interakcje,lekarski,testowe,Które stwierdzenie jest prawdziwe:,dyfuzja bierna to główny mechanizm transportu leków przez błony półprzepuszczalne,P-glikoproteina (P-gp) usuwa leki z komórki do środowiska pozakomórkowego w sposób zależny od ATP,CYP3A4 jest głównym izoenzymem uczestniczącym w metabolizmie 1 fazy leków,,,istotne klinicznie jest wiązanie leku z białkami transportującymi we krwi ≥ 60%,,,,,KOLOKWIUM 1 – 2017/18 - 2 termin,wysoka
STANY NAGŁE,Dawkowanie,lekarski,testowe,W stosowanej do korekty dawkowania leków skali Childa-Turcotte’a-Pugh należy uwzględnić m.in. następujący parametr:,stężenie albumin w surowicy,stężenie bilirubiny w surowicy,"ocenę neurologiczną (zmiany osobowości, zaburzenia nastroju, spowolnienie myślenia, zaburzenia koncentracji uwagi, drżenia grubofaliste kończyn, zaburzenia mowy)",,,stężenie kreatyniny w surowicy,,,,,KOLOKWIUM 1 – 2017/18 - 2 termin,niska
FARMAKOKINETYKA,Działania niepożądane,lekarski,testowe,"Lek L jest metabolizowany w wątrobie przy udziale enzymów CYP do nieaktywnych i nietoksycznych metabolitów, które następnie wydalane są przez nerki. Można się zatem spodziewać, że wystąpienie działań toksycznych tego leku jest:","bardziej prawdopodobne u osób pijących regularnie soki owocowe, zwłaszcza grejfrutowy",,,,,zależne głównie od stopnia wydolności nerek,częstsze podczas stosowania induktorów enzymów CYP,związane ze stosowaniem leków wiążących kwasy żółciowe w przewodzie pokarmowym,Glikokortykosteroidy są stosowane w:,,KOLOKWIUM 1 – 2017/18 - 2 termin,wysoka
CUKRZYCA,Działania niepożądane,lekarski,testowe,Przyrost masy ciała powoduje:,gliklazyd,insulina izofanowa,,,,liraglutyd,metformina,,,,KOLOKWIUM 1 – 2017/18 - 2 termin,wysoka
GLIKOKORTYKOSTEROIDY,Klasyfikacja,lekarski,testowe,Glikokortykosteroidy dzieli się na słabo i silnie działające na podstawie:,testu wazokonstrykcji naczyń (zblednięcia skóry),działania przeciwzapalnego,,,,działania mineralokortykoidowego,działania immunosupresyjnego,,,,KOLOKWIUM 1 – 2017/18 - 2 termin,niska
LEKI MOCZOPĘDNE,Działania niepożądane,lekarski,testowe,Za typowe polekowe działanie niepożądane podczas stosowania niesteroidowych leków przeciwzapalnych uznasz:,krwawienie z wrzodu dwunastnicy,skurcz oskrzeli u chorego z polipami nosa i przewlekłym zapaleniem zatok,hipernatremię (zwiększenie stężenia sodu w surowicy),,,hipokaliemię (obniżenie stężenia potasu w surowicy),,,,,KOLOKWIUM 1 – 2017/18 - 2 termin,srednia
FARMAKOLOGIA OGÓLNA I EBM,Działania niepożądane,lekarski,testowe,Wskaż poprawną definicję:,"wpółczynnik (indeks) terapeutyczny leku – zakres między najmniejszą dawką skuteczną a maksymalną nie powodującą efektów toksycznych, im większy tym korzystniej","placebo - interwencja pozbawiona bezpośredniego działania biologicznego, mająca stworzyć u pacjenta wrażenie, że otrzymuje on leczenie",,,,"polekowe działanie niepożądane – każde niepożądane i niezamierzone zdarzenie podczas stosowania leku, bez konieczności ustalenia związku przyczynowo-skutkowego","metaanaliza - badanie wieloośrodkowe, w którym grupa eksperymentalna porównywana jest do grupy kontrolne",,,,KOLOKWIUM 1 – 2017/18 - 2 termin,srednia
UKŁAD PRZYWSPÓŁCZULNY,Antidotum,lekarski,testowe,Objawy przedawkowania oksykodonu to:,zmniejszenie częstości oddechów,,,,,rozszerzone źrenice,pobudzenie psychoruchowe,gorączka obwodowa,,,KOLOKWIUM 1 – 2017/18 - 2 termin,niska
NARKOTYCZNE LEKI PRZECIWBÓLOWE,Klasyfikacja,lekarski,testowe,"Szybki efekt przeciwbólowy można osiągnąć, stosując:",fentanyl w postaci donosowej,buprenorfinę w tabletkach podjęzykowych,,,,tramadol w systemie transdermalnym,nalokson we wlewie dożylnym,,,,KOLOKWIUM 1 – 2017/18 - 2 termin,wysoka
NIEOPIOIDOWE LEKI PRZECIWBÓLOWE,Klasyfikacja,lekarski,testowe,Działanie przeciwgorączkowe ma:,metamizol,paracetamol,kwas acetylosalicylowy,ibuprofen,,,,,,,KOLOKWIUM 1 – 2017/18 - 2 termin,wysoka
NIEOPIOIDOWE LEKI PRZECIWBÓLOWE,Przeciwwskazania,lekarski,testowe,"Popularna aspiryna, czyli poprawnie kwas acetylosalicylowy:",jest przeciwwskazana u dzieci do 12 r.ż,konkuruje o miejsce wiązania z ibuprofenem,,,,działa odwracalnie antyagregacyjnie,w małych dawkach preferencyjnie hamuje cyklooksygenazę 2,,,,KOLOKWIUM 1 – 2017/18 - 2 termin,wysoka
HEMOSTAZA,Antidotum,lekarski,testowe,Wskaż prawidłowy zestaw lek – antidotum:,heparyna – siarczan protaminy,warfaryna - fitomenadion,dabigatraban – idarucizumab,acenokumarol – koncentrat zespołu czynników protrombiny,,,,,,,KOLOKWIUM 1 – 2017/18 - 2 termin,wysoka
HEMOSTAZA,Wskazania,lekarski,testowe,U pacjentów z mechaniczną zastawką serca potwierdzono skuteczność przeciwzakrzepową:,warfaryny,,,,,fondaparyny,kwasu acetylosalicylowego + klopidogrelu,dabigatranu,,,KOLOKWIUM 1 – 2017/18 - 2 termin,wysoka
LEKI PRZECIWNOWOTWOROWE,Wskazania,lekarski,testowe,"Hematopoetycznymi czynnikami wzrostu, które znalazły zastosowanie kliniczne są:",darbepoetyna,filgrastym,lenograstym,interleukina-11,,,,,,,KOLOKWIUM 1 – 2017/18 - 2 termin,niska
NIEOPIOIDOWE LEKI PRZECIWBÓLOWE,Przeciwwskazania,lekarski,testowe,Przeciwwskazaniem do stosowania kwasu acetylosalicylowego w dawce antyagregacyjnej jest:,nadwrażliwość na NLPZ (niesteroidowe leki przeciwzapalne),,,,,choroba wrzodowa górnego odcinka przewodu pokarmowego w wywiadach,zespół zależności alkoholowej,niewydolność nerek,,,KOLOKWIUM 1 – 2017/18 - 2 termin,wysoka
LEKI HIPOLIPEMIZUJĄCE,Interakcje,lekarski,testowe,Istotnemu metabolizmowi wątrobowemu za pośrednictwem izoenzymów CYP podlega:,atorwastatyna,symwastatyna,,,,rosuwastatyna,prawastayna,,,,KOLOKWIUM 1 – 2017/18 - 2 termin,wysoka
LEKI HIPOLIPEMIZUJĄCE,Mechanizm działania,lekarski,testowe,Inhibitory reduktazy HMG-CoA:,w większym stopniu zmniejszają stężenie cholesterolu LDL w surowicy w porównaniu z fibratami,,,,,w większym stopniu zmniejszają stężenie triglicerydów w surowicy w porównaniu z fibratami,mają istotny wpływ na stężenie Lp(a) = lipoproteiny a,nie powinny być łączone z inhibitorami PCSK9,,,KOLOKWIUM 1 – 2017/18 - 2 termin,wysoka
HEMOSTAZA,Monitorowanie,lekarski,testowe,Wskaż prawidłowy zestaw lek – akceptowany sposób monitorowania działania:,rywaroksaban – aktywność czynnika anty - Xa,dabigatran - APTT,acenokumarol – INR,,,heparyna niefrakcjonowana – czas protrombinowy,,,,,KOLOKWIUM 1 – 2017/18 - 2 termin,wysoka
LEKI IMMUNOSUPRESYJNE,Mechanizm działania,lekarski,testowe,Wskaż zestaw zawierający inhibitory kalcyneuryny:,"pimekrolimus, takrolimus, cyklosporyna",,,,,"cyklosporyna, pimekrolimus, sirolimus","ewerolimus, takrolimus, cyklosporyna","takrolimus, azatiopryna, pimekrolimus",,,KOLOKWIUM 1 – 2017/18 - 2 termin,wysoka
LEKI ROŚLINNE I SUPLEMENTY,Klasyfikacja,lekarski,testowe,"W Europie dopuszczono do obrotu biopodobne produkty zawierające infliksymab. Oznacza to, że:",wykazano ich podobieństwo farmaceutyczne z produktem oryginalnym,wykazano ich podobieństwo z produktem oryginalnym w modelach przedklinicznych,wykazano jego podobieństwo z produktem oryginalnym w badaniach klinicznych,wykazano ich podobną immunogenność z produktem oryginalnym w badaniach klinicznych,,,,,,,KOLOKWIUM 1 – 2017/18 - 2 termin,niska
UKŁAD POKARMOWY,Klasyfikacja,lekarski,testowe,Rozkurczający wpływ na mięśniówkę przewodu pokarmowego wywiera:,mebeweryna,,,,,racekadotryl,mesalazyna,ryfaksymina,,,KOLOKWIUM 1 – 2017/18 - 2 termin,wysoka
UKŁAD POKARMOWY,Klasyfikacja,lekarski,testowe,Metoklopramid:,to lek przeciwwymiotny,może spowodować hiperprolaktynemię,to lek prokinetyczny,może spowodować objawy pozapiramidowe,,,,,,,KOLOKWIUM 1 – 2017/18 - 2 termin,srednia
UKŁAD POKARMOWY,Wskazania,lekarski,testowe,W skojarzonej terapii eradykacyjnej H. pylori zastosujesz zgodnie z aktualną wiedzą medyczną:,omeprazol,pantoprazol,cytrynian bizmutu,,,ranitydynę,,,,,KOLOKWIUM 1 – 2017/18 - 2 termin,wysoka
STANY NAGŁE,Klasyfikacja,lekarski,testowe,Izotonicznym krystaloidem do uzupełnienie płynów jest:,"0,9% NaCl",płyn wieloelektrolitowy,"płyn 2 : 1 (5% glukoza + 0,9% NaCl)",,,4% roztw. żelatyny,,,,,KOLOKWIUM 1 – 2017/18 - 2 termin,niska
LEKI PRZECIWNOWOTWOROWE,Działania niepożądane,lekarski,testowe,Lekiem genotoksycznym jest:,busulfan,mitomycyna,daktynomycyna,etopozyd,,,,,,,KOLOKWIUM 1 – 2017/18 - 2 termin,niska
UKŁAD POKARMOWY,Klasyfikacja,lekarski,testowe,"Dysforia, nudności, wymioty, biegunka, bóle mięśni, łzawienie, wyciek z nosa, pocenie, rozszerzenie źrenic, piloerekcja, ziewanie i gorączka to cechy zespołu odstawiennego u uzależnionych od:",heroiny,,,,,etanolu,nikotyny,kokainy,,,KOLOKWIUM 1 – 2017/18 - 2 termin,wysoka
LEKI TOKSYCZNE W CIĄŻY,Ciąża,lekarski,testowe,Mykotoksyny:,to produkty wtórnego metabolizmu różnych rodzajów grzybów pleśniowych,są wytwarzane jako produkt uboczny w procesach metabolicznych lub są produktem wytwarzanym w celach obronnych,mogą mieć silne właściwości mutagenne lub teratogenne,są potencjalnie toksyczne dla ludzi i zwierząt,,,,,,,KOLOKWIUM 1 – 2017/18 - 2 termin,niska
FARMAKOKINETYKA,Farmakokinetyka,lekarski,testowe,Wskaż korzystne cechy leku:,biodostępność po podaniu p.o. dorównująca biodostępności po podaniu i.v,dostępne swoiste antidotum,,,,procesy kinetyczne zgodne z kinetyką 0 rzędu,duża kumulacja w tkankach – wiązanie z biomolekułami,,,,KOLOKWIUM 1 – 2017/18 - 2 termin,srednia
LEKI PRZECIWBAKTERYJNE,Wskazania,lekarski,testowe,Jaki lek przeciwbakteryjny może odpowiadać poniższej charakterystyce? Ma dobrą biodostępność po podaniu doustnym i jest skuteczny w zakażeniach Streptococcus pneumoniae przy obecnym profilu oporności tego gatunku pod warunkiem właściwego schematu ekspozycji na lek:,lewofloksacyna,amoksycylina,,,,doksycyklina,ceftriakson,,,,KOLOKWIUM 2 – 2017/18 - 1 termin,wysoka
LEKI PRZECIWBAKTERYJNE,Wskazania,lekarski,testowe,Co jest zasadniczym warunkiem skuteczności cefadroksylu w leczeniu niepowikłanych zakażeń układu moczowego?,przestrzeganie stałego interwału dawkowania zgodnie z parametrami farmakokinetycznymi leku,fT%>MIC ≥ 60%,,,,stały 10-dniowy cykl leczenia,"podanie jak największej bezpiecznej dawki jednorazowej, czyli uzyskanie maksymalnego bezpiecznego stężenia leku w surowicy",,,,KOLOKWIUM 2 – 2017/18 - 1 termin,srednia
LEKI PRZECIWBAKTERYJNE,Działania niepożądane,lekarski,testowe,Wskaż prawdziwe stwierdzenia dotyczące kwasu klawulanowego:,"kwas klawulanowy powoduje niezależnie działania niepożądane, np. Polekowe zapalenie wątroby","zmniejszona wrażliwość Streptococcus pneumoniae na beta-laktamy ma mechanizm nieenzymatyczny, zatem stosowanie połączeń z kwasem klawulanowym w zakażeniach o tej etiologii nie ma uzasadnienia",amoksycylina + kwas klawulanowy powodują znaczną dysbakteriozę i skłonność do nadkażeń florą szpitalną,,,kwas klawulanowy jest przeciwwskazany w ciąży,,,,,KOLOKWIUM 2 – 2017/18 - 1 termin,wysoka
LEKI PRZECIWBAKTERYJNE,Wskazania,lekarski,testowe,Podaj prawidłową interpretację sytuacji klinicznej:,"w 1 h po zakończeniu dożylnego podania piperacyliny + tazobaktamu (pip + taz) wystąpiła pokrzywka i duszność, ciśnienie skurczowe = 80 mmHg → nadwrażliwość typu natychmiastowego na penicyliny → zakaz leczenia wszystkimi penicylinami",po 1 tygodniu leczenia ceftriaksonem + azytromycyną domowego zapalenia płuc w szpitalu wystąpiła małopłytkowość PLT = 60 G/l → nadwrażliwość typu cytotoksycznego najprawdopodobniej po ceftriaksonie → zakaz leczenia wszystkimi cefalosporynami,"po 5 dniach leczenia ceftriaksonem z metronidazolem w ramach leczenia powikłanego zapalenia wyrostka robaczkowego po operacji apendektomii wystąpił atak kolki żółciowej, w USG złogi w pęcherzyku żółciowym → prawdopodobnie wzrost gęstości żółci z powodu wydzielania ceftriaksonu → zakaz kontynuacji ceftriaksonu",,,"po 1 tygodniu leczenia pip + taz z powodu powikłanego zakażenia jamy brzusznej wystąpiły uogólnione obrzęki, w bad. laboratoryjnych hipernatremia = 153 mmol/l → bez związku z antybiotykoterapią, należy szukać innej przyczyny → kontynuacja leczenia pip + taz",W zakażeniach o etiologii metycylinooporne Staphylococcus spp. uzasadnione może być zastosowanie:,,,,KOLOKWIUM 2 – 2017/18 - 1 termin,wysoka
LEKI PRZECIWBAKTERYJNE,Klasyfikacja,lekarski,testowe,Łatwo jest prowadzić leczenie sekwencyjne w przypadku:,kloksacyliny,amoksycyliny + kwasu klawulanowego,cefuroksymu,,,ceftazydymu,,,,,KOLOKWIUM 2 – 2017/18 - 1 termin,wysoka
LEKI PRZECIWBAKTERYJNE,Wskazania,lekarski,testowe,Prawdziwe jest stwierdzenie:,cefazolina i cefuroksym i.v. są lekami z wyboru w p-infekcyjnej profilaktyce okołozabiegowej,amoksycylina + kwas klawulanowy p.o. jest lekiem z wyboru w leczeniu z wyprzedzeniem po pogryzieniu przez psa,,,,ampicylina i.v. jest lekiem z wyboru w p-infekcyjnej profilaktyce rany skórnej spowodowanej ostrym przedmiotem,aksetyl cefuroksymu jest lekiem z wyboru w leczeniu z wyprzedzeniem asymptomatycznej bakteriurii u 75-letniej kobiety z nietrzymaniem moczu,,,,KOLOKWIUM 2 – 2017/18 - 1 termin,wysoka
LEKI PRZECIWBAKTERYJNE,Interakcje,lekarski,testowe,W którym przypadku decyzja dotycząca racjonalnego leczenia początkowego domowego zakażenia jest prawidłowa u pacjenta bez nadwrażliwości na leki w wywiadach?,grypa u nieszczepionego 80-letniego mężczyzny z POChP – oseltamiwir,zapalenie płuc u osoby bez chorób współtowarzyszących – amoksycylina w dawce 3-4 g/24 h,,,,angina paciorkowcowa – azytromycyna,niezapalna ostra biegunka – cyprofloksacyna,,,,KOLOKWIUM 2 – 2017/18 - 1 termin,wysoka
LEKI PRZECIWBAKTERYJNE,Wskazania,lekarski,testowe,Linezolid jest wskazany w terapii zakażeń o etiologii:,wankomycynooporny Enterococcus faecium (WRE),Streptococcus pneumoniae opornej na penicylinę,metycylinooporny gronkowiec złocisty (MRSA),,,Klebsiella pneumonae oporna na karbapenemy,,,,,KOLOKWIUM 2 – 2017/18 - 1 termin,wysoka
LEKI PRZECIWBAKTERYJNE,Klasyfikacja,lekarski,testowe,Który zestaw przedstawia leki od najwęższego do najszerszego spektrum działania przeciwbakteryjnego:,ampicylina – piperacylina – piperacylina + tazobaktam,ertapenem – imipenem – meropenem + waborbaktam,,,,ceftazydym – cefotaksym – cefepim,ampicylina – fenoksymetylopenicylina – kloksacylina,,,,KOLOKWIUM 2 – 2017/18 - 1 termin,wysoka
LEKI PRZECIWBAKTERYJNE,Wskazania,lekarski,testowe,W leczeniu zakażenia bakteriami atypowymi u chorego z pierwotnym wydłużeniem QTc racjonalne jest zastosowanie:,doksycykliny,,,,,moksyfloksacyny,klarytromycyny,klindamycyny,,,KOLOKWIUM 2 – 2017/18 - 1 termin,wysoka
LEKI PRZECIWBAKTERYJNE,Wskazania,lekarski,testowe,Wskazaniem do zastosowania metronidazolu jest:,biegunka o etiologii Clostridium difficile o nieciężkim przebiegu,lamblioza,,,,eradykacja nosicielstwa Bacteroides fragilis z przewodu pokarmowego przed wszystkimi operacjami w polu czystym-skażonym,toksoplazmoza,,,,KOLOKWIUM 2 – 2017/18 - 1 termin,wysoka
LEKI PRZECIWBAKTERYJNE,Wskazania,lekarski,testowe,Kolistymetat sodu:,"jest prolekiem, który po przekształceniu w aktywną postać powoduje lizę błony komórek bakteryjnych",może spowodować zaburzenia ruchowe (ataksja) i zaburzenia czuciowe (parestezje),jest stosowany w zakażeniach pałeczkami Gram (-) przy ograniczonych opcjach terapeutycznych,,,jest stosowany wyłącznie dożylnie,,,,,KOLOKWIUM 2 – 2017/18 - 1 termin,niska
LEKI PRZECIWBAKTERYJNE,Mechanizm działania,lekarski,testowe,Ze względu na podobieństwo w farmakologicznym mechanizmie działania nie należy łączyć:,kotrymoksazolu i trimetoprimu,erytromycyny i klindamycyny,,,,ampicyliny i gentamycyny,wankomycyny i aztreonamu,,,,KOLOKWIUM 2 – 2017/18 - 1 termin,wysoka
LEKI PRZECIWBAKTERYJNE,Klasyfikacja,lekarski,testowe,Nadwrażliwość na promieniowanie ultrafioletowe (UV) może być związana ze stosowaniem:,doksycykliny,lewofloksacyny,kotrymoksazolu,,,amoksycyliny,,,,,KOLOKWIUM 2 – 2017/18 - 1 termin,wysoka
LEKI PRZECIWBAKTERYJNE,Wskazania,lekarski,testowe,Za uzasadnione uznasz dodanie metronidazolu do:,cyprofloksacyny w leczeniu zakażenia mieszanego dróg żółciowych z udziałem beztlenowców,,,,,amoksycyliny + kwasu klawulanowego w leczeniu zakażenia mieszanego zatok szczękowych z udziałem beztlenowców,piperacyliny + tazobaktamu w leczeniu zachłystowego zapalenia płuc (zakażenie florą przewodu pokarmowego),imipenemu + cilastatyny w leczeniu kałowego zapalenia otrzewnej po perforacji jelita grubego (zakażenie florą przewodu pokarmowego),,,KOLOKWIUM 2 – 2017/18 - 1 termin,wysoka
LEKI PRZECIWPASOŻYTNICZE,Klasyfikacja,lekarski,testowe,Właściwy wybór leku w infestacji pasożytniczej to:,wszawica - permetryna,rzęsistkowica - metronidazol,toksoplazmoza – kotrymoksazol,infestacja owsikiem - pyrantel,,,,,,,KOLOKWIUM 2 – 2017/18 - 1 termin,wysoka
LEKI PRZECIWWIRUSOWE,Klasyfikacja,lekarski,testowe,Właściwy wybór leku przeciwwirusowego w zakażeniu wirusowym to:,wirus półpaśca – acyklowir,przewlekłe wirusowe zapalenie wątroby typu C - bezpośrednio działające ledipaswir + sofosbuwir,,,,rotawirus – loperamid,kłykciny kończyste – pranobeks inozyny,,,,KOLOKWIUM 2 – 2017/18 - 1 termin,wysoka
LEKI PRZECIWGRZYBICZE,Wskazania,lekarski,testowe,W dermatofitozach skuteczne jest miejscowe użycie:,naftyfiny,klotrimazolu,,,,natamycyny,imikwimodu,,,,KOLOKWIUM 2 – 2017/18 - 1 termin,wysoka
LEKI PRZECIWBAKTERYJNE,Sposób podania,lekarski,testowe,W przypadku biegunki o etiologii Clostridium difficile uzasadnione może być stosowanie:,fidaksomycyny doustnie,wankomycyny doustnie,,,,nifuroksazydu doustnie,kotrymoksazolu doustnie,,,,KOLOKWIUM 2 – 2017/18 - 1 termin,wysoka
LEKI PRZECIWBAKTERYJNE,Wskazania,lekarski,testowe,"W leczeniu gruźlicy wielolekoopornej (MDR-TB) do leków podstawowych (grupa A, B i C wg wytycznych WHO) należy:",moksyfloksacyna,amikacyna,linezolid,kapreomycyna,,,,,,,KOLOKWIUM 2 – 2017/18 - 1 termin,wysoka
LEKI PRZECIWBAKTERYJNE,Farmakokinetyka,lekarski,testowe,"Opis farmakokinetyki leku A: lek A dobrze wchłania się z przewodu pokarmowego, dobrze przenika przez barierę krew – mózg, podlega metabolizmowi wątrobowemu. Lekiem A może być:",worykonazol,,,,,amoksycylina,klindamycyna,wankomycyna,,,KOLOKWIUM 2 – 2017/18 - 1 termin,wysoka
LEKI PRZECIWGRZYBICZE,Sposób podania,lekarski,testowe,"Zmiany na płytkach paznokciowych polegające na ich zgrubieniu, przebarwieniu, łamliwości, nadmiernym rogowaceniu i pobruzdowaniu można leczyć:",amorolfiną miejscowo,terbinafiną doustnie,itrakonazolem doustnie,cyklopiroksolaminą miejscowo,,,,,,,KOLOKWIUM 2 – 2017/18 - 1 termin,wysoka
LEKI PRZECIWGRZYBICZE,Klasyfikacja,lekarski,testowe,Wskaż prawdziwe połączenie lek – wrażliwy drobnoustrój:,kaspofungina _ Candida spp,amfoterycyna B – Cryptococcus neoformans,worykonazol - Candida crusei,,,flukonazol – Aspergillus fumigatus,,,,,KOLOKWIUM 2 – 2017/18 - 1 termin,wysoka
LEKI PRZECIWBAKTERYJNE,Klasyfikacja,lekarski,testowe,Aktualnie wg komunikatu WHO krytyczny problem wielolekooporności na większość leków p-bakteryjnych dotyczy:,Acinetobacter baumani z opornością na karbapenemy,Pseudomonas aeruginosa z opornością na karbapenemy,Enterobacteriacae z opornością na karbapenemy,,,Stenotrophomonas maltophilia z opornością na karbapenemy,,,,,KOLOKWIUM 2 – 2017/18 - 1 termin,srednia
LEKI PRZECIWBAKTERYJNE,Dawkowanie,lekarski,testowe,"Dla leków p-infekcyjnych dla których celem farmakodynamicznym jest wysoka wartość fAUC : MIC, np. fluorochinolonów zasadne jest:",zwiększenie w bezpiecznych granicach skumulowanej dobowej dawki leku,,,,,precyzyjne ustalenie jak najczęstszego dawkowania leku,monitorowanie stężenia maksymalnego (peak) w celu modyfikacji dawki,osiągnięcie zdefiniowanej wartości fCmin : MIC,,,KOLOKWIUM 2 – 2017/18 - 1 termin,niska
LEKI PRZECIWBAKTERYJNE,Dawkowanie,lekarski,testowe,U pacjenta z eGFR < 30 ml/min (wyliczony z wzoru Cockcrofta-Gaulta) należy zmodyfikować dawkowanie:,gentamycyny,wankomycyny,imipenemu,,,klindamycyny,,,,,KOLOKWIUM 2 – 2017/18 - 1 termin,wysoka
CUKRZYCA,Działania niepożądane,lekarski,testowe,Do długoterminowych działań niepożądanych terapii HAART należy:,uszkodzenie wątroby,zespół lipodystrofii,kwasica mleczanowa,insulinooporność,,,,,,,KOLOKWIUM 2 – 2017/18 - 1 termin,srednia
LEKI PRZECIWBAKTERYJNE,Działania niepożądane,lekarski,testowe,"Do jakiego związku może się odnosić następujący opis: ma słabe działanie antyseptyczne, po wchłonięciu może powodować ciężkie powikłania tj. Uszkodzenia wątroby i nerek, niewydolność serca, splątanie, a nawet zgon:",boran sodu,,,,,oktenidyna,woda utleniona,jodopowidon,,,KOLOKWIUM 2 – 2017/18 - 1 termin,niska
HEMOSTAZA,Dawkowanie,lekarski,testowe,"U pacjenta leczonego antagonistą witaminy K (warfaryną, acenokumarolem) zmianę efektu przeciwzakrzepowego bez adekwatnej modyfikacji dawki tego leku może spowodować:",flukonazol,klarytromycyna,ryfampicyna,cyprofloksacyna,,,,,,,KOLOKWIUM 2 – 2017/18 - 1 termin,wysoka
LEKI PRZECIWBAKTERYJNE,Wskazania,lekarski,testowe,W zakażeniach o etiologii Streptococcus pneumoniae skuteczny/a może być:,ceftriakson,klarytromycyna,amoksycylina,lewofloksacyna,,,,,,,KOLOKWIUM 2 – 2017/18 - 2 termin,wysoka
LEKI PRZECIWBAKTERYJNE,Wskazania,lekarski,testowe,W zakażeniach o etiologii Escherichia coli skuteczny/a może być:,cefuroksym,kotrymoksazol,fosfomycyna,,,metronidazol,,,,,KOLOKWIUM 2 – 2017/18 - 2 termin,wysoka
LEKI PRZECIWBAKTERYJNE,Wskazania,lekarski,testowe,W zakażeniach o etiologii Staphylococcus aureus metycylinowrażliwy (MSSA) skuteczny/a może być:,cefadroksyl,klindamycyna,kloksacylina,,,fenoksymetylopenicylina,,,,,KOLOKWIUM 2 – 2017/18 - 2 termin,wysoka
LEKI PRZECIWBAKTERYJNE,Wskazania,lekarski,testowe,W zakażeniu o etiologii Streptococcus pyogenes skuteczny/a może być:,penicylina benzylowa,erytromycyna,fenoksymetylopenicylina,,,aztreonam,W zakażeniu o etiologii Pseudomonas aeruginosa skuteczny/a może być:,,,,KOLOKWIUM 2 – 2017/18 - 2 termin,wysoka
LEKI PRZECIWBAKTERYJNE,Wskazania,lekarski,testowe,W zakażeniach wywołanych przez beztlenowce (w tym Bacteroides fragilis) skuteczny/a może być:,amoksycylina + kwas klawulanowy,imipenem + cilastatyna,klindamycyna,,,cyprofloksacyna,,,,,KOLOKWIUM 2 – 2017/18 - 2 termin,wysoka
LEKI PRZECIWBAKTERYJNE,Wskazania,lekarski,testowe,W zakażeniach o etiologii Mycoplasma pneumoniae skuteczny/a może być:,azytromycyna,doksycyklina,moksyfloksacyna,,,amikacyna,,,,,KOLOKWIUM 2 – 2017/18 - 2 termin,wysoka
LEKI PRZECIWBAKTERYJNE,Wskazania,lekarski,testowe,W eradykacji Helicobacter pylori można zastosować:,tetracyklina,amoksycylina,cytrynian bizmutu,metronidazol,,,,,,,KOLOKWIUM 2 – 2017/18 - 2 termin,wysoka
LEKI PRZECIWBAKTERYJNE,Ciąża,lekarski,testowe,Ciężarna kobieta leczona była z konieczności gentamycyną z powodu powikłanego zapalenia nerek. Na jakie ryzyka narażone zostało jej dziecko w czasie takiej terapii?,głuchotę,,,,,powstanie deformacji kostnych,utratę wzroku,zahamowanie rozwoju chrząstek,,,KOLOKWIUM 2 – 2017/18 - 2 termin,niska
LEKI PRZECIWBAKTERYJNE,Interakcje,lekarski,testowe,Wskaż prawidłowe skojarzenie lek przeciwbakteryjny – mechanizm działania,kolistyna – uszkadza błonę komórkową,,,,,cyprofloksacyna – działa cytotoksycznie uszkadzając DNA,azytromycyna – hamuje syntezę ściany bakteryjnej,metronidazol – hamuje syntezę DNA,,,KOLOKWIUM 2 – 2017/18 - 2 termin,wysoka
LEKI PRZECIWBAKTERYJNE,Sposób podania,lekarski,testowe,"Aby uzyskać działanie ogólnoustrojowe, doustnie można podać:",lewofloksacynę,,,,,wankomycynę,fidaksomycynę,ryfaksyminę,,,KOLOKWIUM 2 – 2017/18 - 2 termin,wysoka
LEKI PRZECIWBAKTERYJNE,Klasyfikacja,lekarski,testowe,Do antybiotyków o szerokim zakresie działania przeciwbakteryjnego na bakterie Gram (+) i Gram (-) należy:,tygecyklina,piperacylina + tazobaktam,,,,kolistyna,linezolid,,,,KOLOKWIUM 2 – 2017/18 - 2 termin,wysoka
LEKI PRZECIWBAKTERYJNE,Klasyfikacja,lekarski,testowe,Do leków do stosowania wyłącznie miejscowego należy:,bacytracyna,mupirocyna,nystatyna,,,fosfomycyna,,,,,KOLOKWIUM 2 – 2017/18 - 2 termin,wysoka
LEKI PRZECIWBAKTERYJNE,Interakcje,lekarski,testowe,Leki przeciwbakteryjne o wysokim potencjale selekcji szczepów Clostridium difficile to:,amoksycylina + kwas klawulanowy,klindamycyna,cyprofloksacyna,,,teikoplanina,,,,,KOLOKWIUM 2 – 2017/18 - 2 termin,wysoka
LEKI PRZECIWBAKTERYJNE,Mechanizm działania,lekarski,testowe,Wskaż właściwe połączenia: mechanizm oporności na lek przeciwbakteryjny – lek unieczynniany w tym mechanizmie:,wytwarzanie β-laktamaz – amoksycylina,,,,,wytwarzanie karbapenemaz – tazobaktam,metylacja podjednostki 50S rybosomu - fosfomycyna,modyfikacja/ochrona topoizomerazy II – metronidazol,,,KOLOKWIUM 2 – 2017/18 - 2 termin,wysoka
LEKI PRZECIWBAKTERYJNE,Interakcje,lekarski,testowe,"Cel farmakodynamiczny, jakim jest zależność efektu od czasu w jakim stężenie leku przekracza MIC (fT>MIC) należy osiągnąć w trakcie stosowania:",linezolidu,ceftriaksonu,,,,metronidazolu,cyprofloksacyny,,,,KOLOKWIUM 2 – 2017/18 - 2 termin,wysoka
LEKI PRZECIWBAKTERYJNE,Mechanizm działania,lekarski,testowe,Który z poniższych leków hamuje podjędnostkę 30S rybosomów?,tygecyklina,streptomycyna,,,,chinuprystyna-dalfoprystyna,linezolid,,,,KOLOKWIUM 2 – 2017/18 - 2 termin,wysoka
LEKI PRZECIWBAKTERYJNE,Przeciwwskazania,lekarski,testowe,Antybiotyki beta-laktamowe:,cechują się bardzo dobrym profilem bezpieczeństwa,są praktycznie pozbawione istotnych interakcji lekowych,,,,bardzo dobrze dystrybuują do płynu mózgowo rdzeniowego,są przeciwwskazane w umiarkowanej i ciężkiej niewydolności wątroby,,,,KOLOKWIUM 2 – 2017/18 - 2 termin,niska
LEKI PRZECIWBAKTERYJNE,Klasyfikacja,lekarski,testowe,Fluorochinolony:,mogą powodować zapalenie więzadeł,,,,,słabo wchłaniają się z przewodu pokarmowego,"są grupą, na którą rzadko stwierdza się oporność bakteryjną",niezależnie od generacji wykazują aktywność wyłącznie wobec bakterii tlenowych,,,KOLOKWIUM 2 – 2017/18 - 2 termin,niska
LEKI PRZECIWBAKTERYJNE,Przeciwwskazania,lekarski,testowe,Tetracykliny:,są przeciwwskazane u dzieci,działają także na bakterie atypowe,mogą być przyczyną fotosensytyzacji,,,mają nadal szeroki zakres działania przeciwbakteryjnego wobec bakterii tlenowych i mogą być stosowane w empirycznym leczeniu wielu zespołów klinicznych,,,,,KOLOKWIUM 2 – 2017/18 - 2 termin,niska
LEKI PRZECIWWIRUSOWE,Wskazania,lekarski,testowe,"Oseltamiwir należy stosować u nieszczepionych osób z grup ryzyka ciężkiego przebiegu grypy, do których należą:",kobiety w ciąży i w 2 tyg. po porodzie,dzieci do 2 roku życia,osoby z wieku podeszłym >= 65 lat,,,kobiety karmiące piersią,,,,,KOLOKWIUM 2 – 2017/18 - 2 termin,srednia
LEKI PRZECIWWIRUSOWE,Klasyfikacja,lekarski,testowe,Acyklowir służy do leczenia:,opryszczki pospolitej (HSV),ospy wietrznej i półpaśca (VZV),,,,mononukleozy zakaźnej (EBV),cytomegalii (CMV),,,,KOLOKWIUM 2 – 2017/18 - 2 termin,srednia
LEKI PRZECIWWIRUSOWE,Wskazania,lekarski,testowe,"W bezinterferonowej terapii przewlekłego wirusowego zapalenia wątroby typu C zastosowanie mają leki przeciwwirusowe działające bezpośrednio (DAA) na wirusa typu C, do których należy:",symeprewir,ledipaswir,,,,zydowudyna,lamiwudyna,,,,KOLOKWIUM 2 – 2017/18 - 2 termin,wysoka
LEKI PRZECIWBAKTERYJNE,Klasyfikacja,lekarski,testowe,Metronidazol służy do leczenia:,rzęsistkowicy (Trichomonas vaginalis),lambliozy (Giargia lamblia),,,,toksoplazmozy (Toxoplasma godi),pneumocystozy (Pneumocystis jirovecii),,,,KOLOKWIUM 2 – 2017/18 - 2 termin,niska
LEKI PRZECIWBAKTERYJNE,Wskazania,lekarski,testowe,Do leków 2 fazy (kontynuacji) w leczeniu gruźlicy należą:,izoniazyd,ryfampicyna,,,,etambutol,pirazynamid,,,,KOLOKWIUM 2 – 2017/18 - 2 termin,wysoka
LEKI PRZECIWGRZYBICZE,Klasyfikacja,lekarski,testowe,Aktywność wobec dermatofitów ma:,flukonazol,amorolfina,klotrymazol,terbinafina,,,,,,,KOLOKWIUM 2 – 2017/18 - 2 termin,wysoka
FARMAKOKINETYKA,Interakcje,lekarski,testowe,Cechą charakterystyczną dla azoli jest:,hamowanie syntezy ergosterolu,hamowanie izoenzymów CYP,,,,duże podobieństwo parametrów farmakokinetycznych leków tej grupy,zależność ekspozycja-efekt typu fT>MIC,,,,KOLOKWIUM 2 – 2017/18 - 2 termin,niska
LEKI PRZECIWGRZYBICZE,Dawkowanie,lekarski,testowe,U pacjenta z eGFR < 30 ml/min (wyliczony z wzoru Cockcrofta-Gaulta) należy zmodyfikować dawkowanie:,oseltamiwiru,flukonazolu,,,,ryfampicyny,kaspofunginy,,,,KOLOKWIUM 2 – 2017/18 - 2 termin,srednia
LEKI PRZECIWGRZYBICZE,Farmakokinetyka,lekarski,testowe,Dobrą biodostępność po podaniu doustnym ma:,flukonazol,worykonazol,,,,amfoterycyna B,pozakonazol,,,,KOLOKWIUM 2 – 2017/18 - 2 termin,wysoka
LEKI PRZECIWGRZYBICZE,Wskazania,lekarski,testowe,W kandydozie jamy ustnej (pleśniawkach) zastosować można:,flukonazol,nystatynę,,,,kwas borowy z gliceryną,kaspofunginę,,,,KOLOKWIUM 2 – 2017/18 - 2 termin,wysoka
UKŁAD ODDECHOWY,Sposób podania,lekarski,testowe,Spośród wymienionych glikokortykosteroidów stosowanych wziewnie w leczeniu chorób układu oddechowego w formie proleku dostępny jest:,dipropionian beklometazonu,cyklezonid,,,,budezonid,propionian flutykazonu,,,,KOLOKWIUM 3 – 2017/18 - 1 termin,wysoka
UKŁAD ODDECHOWY,Mechanizm działania,lekarski,testowe,Długodziałającym lekiem o wpływie na receptory komórkowe jest:,bromek umeklidynium,,,,,dornaza alfa,nedokromil,roflumilast,,,KOLOKWIUM 3 – 2017/18 - 1 termin,srednia
UKŁAD WSPÓŁCZULNY,Klasyfikacja,lekarski,testowe,Unikalny profil działania klinicznego w swojej grupie farmakologicznej ma:,formoterol,celiprolol,dekstrometorfan,,,poraktant alfa,,,,,KOLOKWIUM 3 – 2017/18 - 1 termin,niska
NADCIŚNIENIE TĘTNICZE,Wskazania,lekarski,testowe,Do groźnych powikłań po podaniu ramiprylu może dojść w przypadku zastosowania leku u:,20-letniej kobiety w ciąży,35-letniej kobiety z obustronnym istotnym zwężeniem tętnic nerkowych w przebiegu dysplazji włóknistej,,,,70-letniego mężczyzny z POChP,"50-letniego mężczyzny ze źle kontrolowanym zespołem metabolicznym (otyłość, cukrzyca, nadciśnienie tętnicze, dyslipidemia), aktywnego palacza nikotyny b",Wskaż prawdziwe stwierdzenie dotyczące współczynnika T/P (trough-to-peak ratio):,,,KOLOKWIUM 3 – 2017/18 - 1 termin,srednia
NADCIŚNIENIE TĘTNICZE,Mechanizm działania,lekarski,testowe,Które pary leków mających ten sam zasadniczy mechanizm działania różnią się istotnie profilem działań klinicznych?,werapamil i nitrendypina,doksazosyna i tamsulozyna,,,,moksonidyna i rylmenidyna,spironolakton i kanrenon,,,,KOLOKWIUM 3 – 2017/18 - 1 termin,wysoka
UKŁAD ODDECHOWY,Przeciwwskazania,lekarski,testowe,β – adrenolityki:,"zwalniają częstość rytmu serca, a przez to zapotrzebowanie serca na tlen",,,,,zmniejszają ciśnienie tętnicze i w efekcie powodują spadek przepływu wieńcowego,powodują wzrost stężenia glukozy we krwi i dlatego maskują objawy hipoglikemii,powodują skurcz oskrzeli i dlatego są bezwzględnie przeciwwskazane w POChP,,,KOLOKWIUM 3 – 2017/18 - 1 termin,srednia
NIEWYDOLNOŚĆ SERCA,Działania niepożądane,lekarski,testowe,Zaburzenia widzenia powoduje:,digoksyna,sildenafil,iwabradyna,,,piracetam,,,,,KOLOKWIUM 3 – 2017/18 - 1 termin,srednia
ZABURZENIA RYTMU SERCA,Wskazania,lekarski,testowe,Do kardiowersji farmakologicznej w migotaniu przedsionków stosuje się:,amiodaron,propafenon,,,,adenozynę,lidokainę,,,,KOLOKWIUM 3 – 2017/18 - 1 termin,wysoka
NADCIŚNIENIE TĘTNICZE,Klasyfikacja,lekarski,testowe,Poprzez aktywację białkowej kinazy G via cGMP działa:,nitroprusydek sodu,sakubitryl,riocyguat,nesirytyd,,,,,,,KOLOKWIUM 3 – 2017/18 - 1 termin,srednia
ZABURZENIA RYTMU SERCA,Klasyfikacja,lekarski,testowe,Na kanały sodowe ma wpływ:,propafenon,ranolazyna,bupiwakaina,,,adenozyna,,,,,KOLOKWIUM 3 – 2017/18 - 1 termin,srednia
LEKI PRZECIWDEPRESYJNE,Wskazania,lekarski,testowe,Wybierz prawidłowy zestaw lek – wskazanie do stosowania:,bupropion – uzależnienie od nikotyny,atomoksetyna – ADHD (zespół nadpobudliwości z deficytem uwagi),lamotrygina - profilaktyka zaburzeń afektywnych dwubiegunowych,,,agomelatyna – bezsenność krótkotrwała,,,,,KOLOKWIUM 3 – 2017/18 - 1 termin,wysoka
LEKI PRZECIWLĘKOWE,Klasyfikacja,lekarski,testowe,"Meghan skarżącej się na bezsenność, która związana jest ze stresem wywołanym planowanym wydarzeniem z jej udziałem emitowanym we wszystkich telewizjach świata za 2 tygodnie, przepiszesz:",zaleplon,,,,,diazepam,mirtazapinę,hydroksyzynę,,,KOLOKWIUM 3 – 2017/18 - 1 termin,srednia
OTĘPIENIE,Wskazania,lekarski,testowe,Pozapsychiatryczne zastosowania leków przeciwdepresyjnych obejmują:,ból neuropatyczny,bezsenność przewlekłą po niepowodzeniu wprowadzenia zasad higieny snu,,,,otępienie naczyniopochodne,przerywanie napadów migren,,,,KOLOKWIUM 3 – 2017/18 - 1 termin,niska
LEKI PRZECIWLĘKOWE,Wskazania,lekarski,testowe,W leczeniu lęku uogólnionego zastosowanie ma:,sertralina,pregabalina,buspiron,,,klorazepat,,,,,KOLOKWIUM 3 – 2017/18 - 1 termin,wysoka
LEKI PRZECIWDEPRESYJNE,Klasyfikacja,lekarski,testowe,Za reakcję paradoksalną uznasz:,agresję po lorazepamie,,,,,drgawki po amitryptylinie,niepamięć następczą po zopiklonie,jadłowstręt po fluoksetynie,,,KOLOKWIUM 3 – 2017/18 - 1 termin,srednia
PADACZKA,Mechanizm działania,lekarski,testowe,W początkowym okresie leczenia depresji selektywnymi inhibitorami wychwytu zwrotnego serotoniny:,"mogą nasilać lęk, choć są uważane za leki przeciwlękowe podczas długotrwałej terapii",częściej niż w późniejszym okresie terapii dochodzi do myśli lub prób samobójczych,,,,"występują fluktuacje nastroju polegające na szybkiej poprawie, ale z okresami gwałtownych pogorszeń",stosuje się równocześnie karbamazepinę aby zapobiec przejściu depresji w manię,,,,KOLOKWIUM 3 – 2017/18 - 1 termin,niska
LEKI PRZECIWDEPRESYJNE,Klasyfikacja,lekarski,testowe,"Pacjentka od wielu lat otrzymuje perazynę, mianseryną i lorazepam. Na tej podstawie można rozpoznać:",zaburzenia depresyjno-urojeniowe,uzależnienie lekowe,,,,dwubiegunową chorobę afektywną,fobię społeczną,,,,KOLOKWIUM 3 – 2017/18 - 1 termin,srednia
UKŁAD WSPÓŁCZULNY,Klasyfikacja,lekarski,testowe,Układ dopaminowy OUN aktywuje bezpośrednio:,ropinirol,metylfenidat,,,,piracetam,kofeina,,,,KOLOKWIUM 3 – 2017/18 - 1 termin,niska
LEKI PRZECIWPSYCHOTYCZNE,Klasyfikacja,lekarski,testowe,Przy stosowaniu neuroleptyków największe ryzyko przyrostu masy ciała dotyczy:,chlorpromazyny,olanzapiny,,,,arypiprazolu,haloperidolu,,,,KOLOKWIUM 3 – 2017/18 - 1 termin,wysoka
UKŁAD PRZYWSPÓŁCZULNY,Klasyfikacja,lekarski,testowe,Na acetylocholinestarazę ma wpływ:,neostygmina,donepezil,,,,suksametonium,tropikamid,,,,KOLOKWIUM 3 – 2017/18 - 1 termin,srednia
LEKI MOCZOPĘDNE,Klasyfikacja,lekarski,testowe,Hiponatremia polekowa może być rozpoznana podczas stosowania:,torasemidu,indapamidu,karbamazepiny,,,tolwaptanu,,,,,KOLOKWIUM 3 – 2017/18 - 1 termin,wysoka
PADACZKA,Klasyfikacja,lekarski,testowe,Czy na podstawie informacji o stosowaniu leku można jednoznacznie postawić wymienione rozpoznanie?,fingolimod – stwardnienie rozsiane,memantyna – choroba Alzheimera,,,,kwas walproinowy – padaczka,pregabalina – polineuropatia cukrzycowa,,,,KOLOKWIUM 3 – 2017/18 - 1 termin,wysoka
LEKI PRZECIWBAKTERYJNE,Wskazania,lekarski,testowe,Które z powyższych stwierdzeń jest prawdziwe?,podczas leczenia takalcytolem należy monitorować stężenie wapnia w moczu,metoksalen powinno się podawać 1-2 h przed planowaną ekspozycją na promieniowanie UVA,nadtlenek benzoilu ma zastosowanie w leczeniu trądziku,,,podczas stosowania acytretyny skuteczną antykoncepcję należy stosować przez miesiąc po zakończeniu terapii,,,,,KOLOKWIUM 3 – 2017/18 - 1 termin,niska
LEKI ROŚLINNE I SUPLEMENTY,Mechanizm działania,lekarski,testowe,Doping genetyczny może dotyczyć genu kodującego:,enzym konwertujący angiotensynę,erytropoetynę,kolagen,hormon wzrostu,,,,,,,KOLOKWIUM 3 – 2017/18 - 1 termin,niska
CHOROBA PARKINSONA,Wskazania,lekarski,testowe,Cholinolityki,są lekami z wyboru w polekowym zespole parkinsonowskim,nie ma istotnych różnic w skuteczności leków tej grupy stosowanych w chorobie Parkinsona,zmniejszają drżenie w chorobie Parkinsona,można podawać w połączeniu z lewodopą,,,,,,,KOLOKWIUM 3 – 2017/18 - 1 termin,srednia
UKŁAD PRZYWSPÓŁCZULNY,Wskazania,lekarski,testowe,Terapia genowa w okulistyce ma zastosowanie w leczeniu:,zwyrodnienia barwnikowego siatkówki (retinitis pigmentosa),,,,,jaskry,zapalenia współczulnego oka,choroby Besta,,,KOLOKWIUM 3 – 2017/18 - 1 termin,niska
OSTEOPOROZA,Interakcje,lekarski,testowe,Wskaż prawdziwe stwierdzenie:,bisfosfoniany hamują resorpcję kości przez nasilenie działania osteoprotegeryny na RANKL,teryparatyd w małych przerywanych dawkach paradoksalnie zwiększa tworzenie kości,ranelinian strontu przez podwójnie korzystne działanie (zwiększa tworzenie i hamuje resorpcję kości) jest lekiem pierwszego wyboru w leczeniu osteoporozy,denosumab hamuje resorpcję kości przez zablokowanie interakcji RANK-RANKL,,,,,,,KOLOKWIUM 3 – 2017/18 - 1 termin,wysoka
LEKI PRZECIWHISTAMINOWE,Mechanizm działania,lekarski,testowe,Rupatadyna:,jest selektywnym niesedatywnym antagonistą receptorów H1,hamuje degranulację komórek tucznych in vitro,ma aktywny metabolit – desloratadynę zaliczaną do 3 generacji leków przeciwhistaminowych,w dawkach zalecanych nie wydłuża odstępu QTc,,,,,,,KOLOKWIUM 3 – 2017/18 - 1 termin,wysoka
UKŁAD ODDECHOWY,Wskazania,lekarski,testowe,W leczeniu astmy używane są wziewne postaci:,propionianu flutykazonu,indakaterolu,,,,montelukastu,acetylocysteiny,,,,KOLOKWIUM 3 – 2017/18 - 2 termin,wysoka
UKŁAD ODDECHOWY,Klasyfikacja,lekarski,testowe,U małego dziecka wygodną formą podania leku wziewnego jest:,"pomocnicze użycie komory inhalacyjnej, tzw. spacera",nebulizacja,,,,inhalacja z inhalatora suchego proszku,inhalacja z dozownika ciśnieniowego,,,,KOLOKWIUM 3 – 2017/18 - 2 termin,srednia
UKŁAD ODDECHOWY,Działania niepożądane,lekarski,testowe,Wskaż prawdziwe połączenie lek – działania niepożądane:,bromek glikopironium - tachykardia,budezonid – kandydoza jamy ustnej,teofilina – zaburzenia rytmu serca,"omalizumab – reakcje w miejscu podskórnego podania leku, takie jak ból, zaczerwienienie, świąd, obrzęk",,,,,,,KOLOKWIUM 3 – 2017/18 - 2 termin,wysoka
NADCIŚNIENIE TĘTNICZE,Wskazania,lekarski,testowe,Chorzy na pierwotne nadciśnienie tętnicze z towarzyszącą cukrzycą największe korzyści osiągają z zastosowania:,ramiprylu,telmisartanu,,,,metoprololu,hydrochlorotiazydu,Istotnym działaniem niepożądanym inhibitorów konwertazy angiotensyny jest:,,,KOLOKWIUM 3 – 2017/18 - 2 termin,wysoka
LEKI MOCZOPĘDNE,Klasyfikacja,lekarski,testowe,Wybierz prawidłowe pary lek – efekt działania:,torasemid - hiperurykemia,indapamid - hiponatremia,,,,mannitol – hiperglikemia,eplerenon - hipokaliemia,,,,KOLOKWIUM 3 – 2017/18 - 2 termin,wysoka
NIEWYDOLNOŚĆ SERCA,Wskazania,lekarski,testowe,Wskaż prawdziwe stwierdzenie dotyczące digoksyny:,jest wskazana u pacjentów z niewydolnością serca i migotaniem przedsionków,zmniejsza chorobowość pacjentów z niewydolnością serca,,,,poprawia przeżycie chorych z niewydolnością serca,jest pozbawiona działania proarytmicznego,,,,KOLOKWIUM 3 – 2017/18 - 2 termin,niska
NADCIŚNIENIE TĘTNICZE,Wskazania,lekarski,testowe,Wskaż prawdziwe zdanie dotyczące leczenia niewydolności serca:,enalapryl przez zniesienie niekorzystnej adaptacji zmniejsza umieralność chorych ze skurczową niewydolnością serca,karwedilol przez zniesienie niekorzystnej adaptacji zmniejsza umieralność chorych ze skurczową niewydolnością serca,leki moczopędne są zalecane w celu zmniejszenia objawów i poprawy wydolności wysiłkowej u pacjentów z objawami zastoju,,,statyny powinny być stosowane rutynowo u wszystkich chorych z niewydolnością mięśnia sercowego,,,,,KOLOKWIUM 3 – 2017/18 - 2 termin,niska
NIEWYDOLNOŚĆ SERCA,Wskazania,lekarski,testowe,Do leków przeciwskazanych u pacjentów z niewydolnością serca należy:,werapamil,ketoprofen,,,,nebiwolol,iwabradyna,,,,KOLOKWIUM 3 – 2017/18 - 2 termin,niska
CHOROBA NIEDOKRWIENNA SERCA,Przeciwwskazania,lekarski,testowe,W postaci naczynioskurczowej choroby niedokrwiennej serca przeciwwskazane jest stosowanie:,metoprololu,,,,,diltiazemu,diazotanu izosorbidu,werapamilu,,,KOLOKWIUM 3 – 2017/18 - 2 termin,srednia
ZABURZENIA RYTMU SERCA,Działania niepożądane,lekarski,testowe,Do działań niepożądanych amiodaronu należy:,hipotonia,fotosensytyzacja,śródmiąższowe zapalenie płuc,,,tachykardia,,,,,KOLOKWIUM 3 – 2017/18 - 2 termin,niska
HEMOSTAZA,Klasyfikacja,lekarski,testowe,Lekiem rozkurczającym tętnice pozawieńcowe jest:,nicergolina,alprostadyl,fentolamina,cilostazol,,,,,,,KOLOKWIUM 3 – 2017/18 - 2 termin,niska
LEKI PRZECIWLĘKOWE,Sposób podania,lekarski,testowe,Midazolam może być stosowany zgodnie z aktualną wiedzą:,doustnie do sedacji w premedykacji przed zabiegami chirurgicznymi,dożylnie w sedacji do nieprzyjemnych zabiegów diagnostycznych,dożylnie w długotrwałej sedacji na oddziale intensywnej opieki medycznej,,,doustnie w przewlekłym leczeniu bezsenności,,,,,KOLOKWIUM 3 – 2017/18 - 2 termin,niska
LEKI PRZECIWDEPRESYJNE,Wskazania,lekarski,testowe,W zaburzeniach lękowych można racjonalnie zastosować:,escitalopram,alprazolam,,,,baklofen,moklobemid,,,,KOLOKWIUM 3 – 2017/18 - 2 termin,srednia
LEKI PRZECIWDEPRESYJNE,Antidotum,lekarski,testowe,Flumazenil to:,antagonista receptora benzodiazepinowego,antidotum w przedawkowaniu benzodiazepin,,,,odwrotny agonista receptora GABA-A,antidotum w przedawkowaniu trójpierścieniowych leków przeciwdepresyjnych,,,,KOLOKWIUM 3 – 2017/18 - 2 termin,srednia
LEKI PRZECIWLĘKOWE,Klasyfikacja,lekarski,testowe,Do krótkodziałających benzodiazepin należy:,midazolam,triazolam,,,,diazepam,flunitrazepam,,,,KOLOKWIUM 3 – 2017/18 - 2 termin,wysoka
UKŁAD WSPÓŁCZULNY,Mechanizm działania,lekarski,testowe,Wskaż prawidłowe połączenie lek-mechanizm działania:,"mirtazapina – antagonista receptorów adrenergicznych alfa2 i serotoninowych 5HT2a, 5HT2c, 5HT3",,,,,reboksetyna – hamowanie wychwytu zwrotnego serotoniny i noradrenaliny,tianeptyna – selektywne hamowanie wychwytu zwrotnego noradrenaliny,wenlafaksyna – nasilanie presynaptycznego wychwytu zwrotnego serotoniny,,,KOLOKWIUM 3 – 2017/18 - 2 termin,wysoka
CHOROBA PARKINSONA,Działania niepożądane,lekarski,testowe,Do działań niepożądanych neuroleptyków zalicza się:,dyskinezy,dysfunkcje seksualne,,,,skłonność do hazardu,somnambulizm (sennowłóctwo),,,,KOLOKWIUM 3 – 2017/18 - 2 termin,niska
LEKI PRZECIWPSYCHOTYCZNE,Klasyfikacja,lekarski,testowe,Stężenie cholesterolu LDL w surowicy zwiększa:,olanzapina,rysperydon,kwetiapina,,,zyprazydon,,,,,KOLOKWIUM 3 – 2017/18 - 2 termin,wysoka
UKŁAD POKARMOWY,Klasyfikacja,lekarski,testowe,Działanie przeciwwymiotne ma:,metoklopramid,prometazyna,tietylperazyna,palonosetron,,,,,,,KOLOKWIUM 3 – 2017/18 - 2 termin,wysoka
PADACZKA,Klasyfikacja,lekarski,testowe,Przez wpływ na prąd sodowy działa:,okskarbazepina,kwas walproinowy,lamotrygina,,,pregabalina,,,,,KOLOKWIUM 3 – 2017/18 - 2 termin,wysoka
UKŁAD WSPÓŁCZULNY,Wskazania,lekarski,testowe,W profilaktyce migreny wykazano skuteczność:,kwasu walproinowego,toksyny botulinowej (w migrenie występującej co najmniej 14 dni w miesiącu),topiramatu,propranololu,,,,,,,KOLOKWIUM 3 – 2017/18 - 2 termin,niska
LEKI PRZECIWDEPRESYJNE,Wskazania,lekarski,testowe,W leczeniu bólu neuropatycznego stosuje się:,wenlafaksynę,duloksetynę,amitryptylinę,,,tianeptynę,,,,,KOLOKWIUM 3 – 2017/18 - 2 termin,wysoka
LEKI IMMUNOSUPRESYJNE,Wskazania,lekarski,testowe,W leczeniu łuszczycy stosuje się:,preparaty dziegciowe,adapalen,adalimumab,,,kwas azelainowy,,,,,KOLOKWIUM 3 – 2017/18 - 2 termin,srednia
HORMONY PŁCIOWE,Działania niepożądane,lekarski,testowe,Działanie niepożądane sterydów anabolicznych to:,uszkodzenie ścięgien,wzrost hematokrytu,łysienie,ginekomastia,,,,,,,KOLOKWIUM 3 – 2017/18 - 2 termin,niska
FARMAKOKINETYKA,Interakcje,lekarski,testowe,Kwas walproinowy:,może powodować zwiększenie masy ciała,nie powinien być stosowany u ciężarnych,może być zastosowany w profilaktyce dwubiegunowej choroby afektywnej,,,jest induktorem izoenzymów CYP,,,,,KOLOKWIUM 3 – 2017/18 - 2 termin,srednia
UKŁAD WSPÓŁCZULNY,Wskazania,lekarski,testowe,W terapii jaskry pierwotnej otwartego kąta można zastosować:,timolol,dorzolamid,betaksolol,latanoprost,,,,,,,KOLOKWIUM 3 – 2017/18 - 2 termin,srednia
OSTEOPOROZA,Wskazania,lekarski,testowe,Wskazaniem do stosowania bisfosfonianów jest:,osteoporoza posteroidowa,ból z powodu osteolitycznych przerzutów nowotworowych do kości,,,,ciężka hiperkaliemia,ciężka hipokalcemia,,,,KOLOKWIUM 3 – 2017/18 - 2 termin,srednia
LEKI PRZECIWHISTAMINOWE,Klasyfikacja,lekarski,testowe,Korzystne cechy leku przeciwhistaminowego stosowanego do leczenia przewlekłego alergicznego nieżytu nosa to:,utrudnione przechodzenie do ośrodkowego układu nerwowego,,,,,krótki czas działania 3-6 godzin,działanie cholinolityczne,zdolność do kumulacji w tkankach obwodowych,,,KOLOKWIUM 3 – 2017/18 - 2 termin,srednia
LEKI PRZECIWBAKTERYJNE,Wskazania,lekarski,testowe,Wskaż prawidłowe ordynacje lekarskie:,biegunka o etiologii Clostridium difficile o nieciężkim przebiegu – metronidazol przez 10 dni,,,,,nosicielstwo Klebsiella pneumoniae ESBL (+) w przewodzie pokarmowym – meropenem przez 5 dni,"posiew krwi Streptococcus epidermidis oporny na metycylinę (MR) w butelce tlenowej i beztlenowej u pacjenta niegorączkującego, leukocyty = 8,9 G/l (N 4-10 G/L), CRP – 100 mg/l (N do 10 mg/l), prokalcytonina = 0,01 ng/ml (N do 0,5ng/ml) – wankomycyna przez 3 tygodnie",posiew moczu Escherichia coli > 10 5 jtk/ml (cfu/ml) u pacjentki z objawami dysurycznymi – imipenem + cilastatyna z powodu najniższej wartości MIC wg antybiogramu przez 3 dni,,,KOLOKWIUM 3 – 2016/17 - 1 termin,wysoka
LEKI PRZECIWBAKTERYJNE,Interakcje,lekarski,testowe,Kobieta z zakażeniem Enteroccocus faecium opornym na glikopeptydy (VRE) jest leczona lekiem przeciwbakteryjnym wiążącym się z jednostką 50S rybosomu bakteryjnego. Zaznacz prawdziwe informacje dotyczące tego leku:,podczas jego stosowania >10 dni może dojść do rozwoju trombocytopenii,"może być bezpiecznie stosowany u pacjentów leczonych lekami blokującymi CYP3A4, ponieważ nie wchodzi z nimi w interakcje",,,,jego działanie przeciwbakteryjne zależy od stężenia maksymalnego,"może być bezpiecznie zastosowany w trakcie leczenia inhibitorami wychwytu zwrotnego serotoniny, ponieważ nie wchodzi z nimi w interakcje",,,,KOLOKWIUM 3 – 2016/17 - 1 termin,srednia
LEKI PRZECIWBAKTERYJNE,Wskazania,lekarski,testowe,"60-letnia kobieta z domowym zapaleniem płuc, w skali CURB-65 = 0 pkt jest leczona zgodnie ze standardem postępowania uwzględniającym dominującą etiologię tego zakażenia u osób dorosłych. Zaznacz prawdziwe informacje dotyczące tego leczenia:",wymaga stałych optymalnych przedziałów dawkowania w ciągu całej doby,w razie nadwrażliwości na leczenie początkowe w wywiadach wskazane jest zastosowanie lewofloksacyny lub moksyfloksacyny,,,,konieczne jest leczenie skojarzone 2 lekami przeciwbakteryjnymi o różnych mechanizmach działania,powinno trwać co najmniej 21 dni,,,,KOLOKWIUM 3 – 2016/17 - 1 termin,wysoka
LEKI PRZECIWBAKTERYJNE,Działania niepożądane,lekarski,testowe,"Amoksycylina z kwasem klawulanowym jest powszechnie stosowanym połączeniem antybiotykowym, które ma jednak ograniczenia. Wskaż istotne wady tego połączenia:",aktywność wobec fizjologicznego mikrobiomu przewodu pokarmowego człowieka,zależne od kwasu klawulanowego biegunka i uszkodzenie wątroby,konieczność korekty dawki proporcjonalnie do eGFR (wskaźnika filtracji kłębuszkowej),,,ograniczona biodostępność po podaniu doustnym,W zakażeniach dermatofitami stosuje się:,,,,KOLOKWIUM 3 – 2016/17 - 1 termin,wysoka
LEKI PRZECIWGRZYBICZE,Działania niepożądane,lekarski,testowe,Anidulafungina w odróżnieniu od amfoterycyny B:,ma wąskie spektrum działania przeciwgrzybiczego,działa poprzez zahamowanie syntezy ściany komórkowej grzyba,nie powoduje uszkodzenia nerek,,,w leczeniu inwazyjnej kandydozy podawana jest drogą dożylną,,,,,KOLOKWIUM 3 – 2016/17 - 1 termin,wysoka
LEKI PRZECIWWIRUSOWE,Mechanizm działania,lekarski,testowe,Wskaż prawdziwe stwierdzenia dotyczące inhibitorów neuraminidazy:,są skuteczne wobec wirusa grypy A i B,leczenie lekami tej grupy powinno być wdrożone do 48 h od początku objawów u nieszczepionych osób z grup ryzyka ciężkiego przebiegu grypy,,,,"oseltamiwir ma działanie tylko w drogach oddechowych, a zanamiwir ogólnoustrojowe, co wiąże się ze sposobem podania tych leków",są nieskuteczne wobec wirusa świńskiej grypy H1N1,,,,KOLOKWIUM 3 – 2016/17 - 1 termin,wysoka
LEKI PRZECIWBAKTERYJNE,Wskazania,lekarski,testowe,Flukonazol zgodnie z aktualną widzą medyczną można zastosować w profilaktyce medycznej u:,pacjentów z agranulocytozą przez czas jej trwania,biorców przeszczepów wątroby w okresie okołoprzeszczepiennym,,,,pacjentów leczonych szerokospektralnymi lekami przeciwbakteryjnymi przez czas takiej antybiotykoterapii,wszystkich pacjentów oddziałów intensywnej terapii,,,,KOLOKWIUM 3 – 2016/17 - 1 termin,niska
LEKI PRZECIWBAKTERYJNE,Klasyfikacja,lekarski,testowe,Intrygujące konsekwencje stosowania leków to:,pomarańczowe łzy i pot podczas stosowania ryfampicyny,"widzenie przedmiotów w żółtych obwódkach, tzw. „halo”, podczas stosowania digoksyny",lepsze wyniki sportowe podczas stosowania meldonium u zawodowych sportowców,,,poprawa IQ podczas stosowania piracetamu u licealistów i studentów,,,,,KOLOKWIUM 3 – 2016/17 - 1 termin,niska
LEKI PRZECIWBAKTERYJNE,Wskazania,lekarski,testowe,Do antyseptyki na ranę zastosujesz:,jodopowidon,oktenidynę,,,,wodę utlenioną,"0,9% roztwór NaCl",,,,KOLOKWIUM 3 – 2016/17 - 1 termin,srednia
UKŁAD ODDECHOWY,Wskazania,lekarski,testowe,W leczeniu astmy są stosowane leki z grupy:,agonistów receptora glikokortykosteroidowego,antagonistów receptora M 3,,,,przeciwciał monoklonalnych przeciwko receptorowi dla interleukiny 1 (IL-1),agonistów recepta leukotrienowego CysLT 1 (B),,,,KOLOKWIUM 3 – 2016/17 - 1 termin,niska
UKŁAD ODDECHOWY,Mechanizm działania,lekarski,testowe,Wskaż zestaw leków o identycznym molekularnym mechanizmie działania:,"acetylocysteina, mesna, erdosteina","indekaterol, wilanterol, salbutamol","tiotropium, glikopironium, umeklidynium",,,"zileuton, zafirlukast, cyklezonid",,,,,KOLOKWIUM 3 – 2016/17 - 1 termin,wysoka
NADCIŚNIENIE TĘTNICZE,Klasyfikacja,lekarski,testowe,Obciążenie wstępne serca zmniejsza:,triazotan izosorbidu,torasemid,,,,amlodypina,bisoprolol,,,,KOLOKWIUM 3 – 2016/17 - 1 termin,niska
LEKI MOCZOPĘDNE,Klasyfikacja,lekarski,testowe,Wskaż prawdziwe stwierdzenie:,furosemid bezpośrednio rozkurcza naczynia krwionośne,mannitol redukuje ciśnienie osmotyczne w rdzeniu nerki,,,,hydrochlorotiazyd działa natiuretycznie niezależnie od eGFR (wskaźnika filtracji kłębuszkowej),sporonolakton zwiększa objętość krwi krążącej,,,,KOLOKWIUM 3 – 2016/17 - 1 termin,srednia
ZABURZENIA RYTMU SERCA,Klasyfikacja,lekarski,testowe,Pacjent z objawową bradykardią = 35 uderzeń/min jest leczony poniższym zestawem leków. Który z nich należy niezwłocznie odstawić?,digoksyna,amiodaron,betaksolol,,,losartan,,,,,KOLOKWIUM 3 – 2016/17 - 1 termin,srednia
ZABURZENIA RYTMU SERCA,Działania niepożądane,lekarski,testowe,Wskaż prawidłowe pary lek - działanie niepożądane:,propafenon - epizody nieutrwalonego częstoskurczu komorowego,adenozyna - ból w klatce piersiowej,,,,wernakalant - migotanie przedsionków,sotalol – zwiększenie progu defibrylacji,,,,KOLOKWIUM 3 – 2016/17 - 1 termin,wysoka
NIEWYDOLNOŚĆ SERCA,Klasyfikacja,lekarski,testowe,Działanie inotropowe dodatnie i rozkurczające naczynia ma:,lewosimendan,dobutamina,,,,nebiwolol,efedryna,,,,KOLOKWIUM 3 – 2016/17 - 1 termin,wysoka
ZABURZENIA RYTMU SERCA,Klasyfikacja,lekarski,testowe,Wskaż minusy leczenia lipofilnym beta-adrenolitykiem:,zaburzenia potencji,ograniczenie wydolności fizycznej,zaburzenia lipidowe,,,"działanie proarytmiczne, w tym obniżenie progu migotania komór",,,,,KOLOKWIUM 3 – 2016/17 - 1 termin,niska
HEMOSTAZA,Wskazania,lekarski,testowe,U 70-letniego mężczyzny z przewlekłą niewydolnością żylną wspomagająco do kompresjoterapii zastosujesz:,mikronizowaną diosminę + hesperydynę,,,,,kwas acetylosalicylowy w dawce antyagregacyjnej,enoksaparynę w dawce profilaktycznej,furosemid w dawce leczniczej,,,KOLOKWIUM 3 – 2016/17 - 1 termin,wysoka
LEKI PRZECIWLĘKOWE,Klasyfikacja,lekarski,testowe,"80-letniemu mężczyźnie przesypiającemu w nocy 5 h, uskarżającemu na trudności z zasypianiem należy zalecić:",zasady higieny snu,,,,,alprazolam,zolpidem,hydroksyzynę,,,KOLOKWIUM 3 – 2016/17 - 1 termin,srednia
ZABURZENIA RYTMU SERCA,Przeciwwskazania,lekarski,testowe,"Zyprazydonu, leku istotnie wydłużającego odstęp QT nie należy stosować:",w hipokaliemii,łącznie z moksyfloksacyną,w objawowej bradykardii,łącznie z amiodaronem,,,,,,,KOLOKWIUM 3 – 2016/17 - 1 termin,wysoka
UKŁAD POKARMOWY,Klasyfikacja,lekarski,testowe,Zaburzenia pozapiramidowe mogą wystąpić w przebiegu stosowania:,flunaryzyny,metoklopramidu,,,,betahistyny,rywastygminy,,,,KOLOKWIUM 3 – 2016/17 - 1 termin,niska
LEKI PRZECIWPSYCHOTYCZNE,Mechanizm działania,lekarski,testowe,Parkinsonizm polekowy w przebiegu leczenia lekami przeciwpsychotycznymi wynika z:,zmniejszania działania dopaminy w układzie nigrostriatalnym,,,,,patogenezy schizofrenii,zmniejszania działania dopaminy w obszarze mezokortykalnym,blokowania receptorów muskarynowych,,,KOLOKWIUM 3 – 2016/17 - 1 termin,srednia
PADACZKA,Mechanizm działania,lekarski,testowe,Napływ sodu do komórki hamuje:,ranolzyna,iwabradyna,okskarbamazepina,,,gabapentyna,,,,,KOLOKWIUM 3 – 2016/17 - 1 termin,srednia
OTĘPIENIE,Wskazania,lekarski,testowe,W ramach badania geriatrycznego u 80-letniej kobiety ze średnim wykształceniem wynik MMSE = 25 pkt. Za niezgodne z aktualną wiedzą medyczną uznasz zastosowanie u niej:,piracetamu,winpocetyny,suplementacji cynku,,,treningu mózgu (np. zgadnij co to za zawód: arlzek),,,,,KOLOKWIUM 3 – 2016/17 - 1 termin,srednia
UKŁAD POKARMOWY,Wskazania,lekarski,testowe,W zapobieganiu wymiotom w przebiegu chemioterapii należy zastosować:,aprepitant,ondansetron,,,,skopolaminę,dimenhydrinat,,,,KOLOKWIUM 3 – 2016/17 - 1 termin,wysoka
HORMONY PŁCIOWE,Mechanizm działania,lekarski,testowe,Wg Światowej Agencji Antydopingowej (WADA) za doping uważa się:,użycie przez sportowców czynników stymulujących erytropoezę,podanie sportowcowi autopreparatu krwinek czerwonych,obecność we krwi sportowca egzogennych substancji o działaniu agonistycznym w stosunku do receptorów androgenowych i dla IGF-1,podanie sportowcowi polimerów kwasów nukleinowych lub analogów kwasu nukleinowego,,,,,,,KOLOKWIUM 3 – 2016/17 - 1 termin,niska
UKŁAD ODDECHOWY,Antidotum,lekarski,testowe,"U chorego z zaburzeniami świadomości, sennością, zaburzeniami równowagi, mowy, widzenia, omamy, pobudzeniem psychoruchowym, drgawkami, hipotonia z nieutrwalonymi częstoskurczami komorowymi będziesz podejrzewał zatrucie i podasz:",imipraminą - fizostygminę,,,,,paracetamolem- N-acetylocysteinę,kodeiną - naltrekson,litem - fizostygminę,,,KOLOKWIUM 3 – 2016/17 - 1 termin,srednia
LEKI PRZECIWHISTAMINOWE,Sposób podania,lekarski,testowe,Klemastyna:,może być podawana dożylnie,powoduje senność i zaburzenia koordynacji ruchów,,,,jest selektywnym długodziałającym antagonistą receptorów histaminowych H1,jest stosowana doustnie jako lek z wyboru w leczeniu przewlekłym alergii sezonowych,,,,KOLOKWIUM 3 – 2016/17 - 1 termin,niska
STANY NAGŁE,Antidotum,lekarski,testowe,Wskaż prawdziwe stwierdzenie dotyczące przedawkowania leków znieczulenia miejscowego:,"Powodują drgawki, bradykardię i hipotonię",Parestezje (drętwienie) języka i ust są wczesnym charakterystycznym objawem zwiastunowym,"W resuscytacji krążeniowo oddechowej, oprócz typowego algorytmu, stosuje się wlew emulsji tłuszczowej","Na wystąpienie objawów nie ma wpływu miejscu wstrzyknięcia leku, a jedynie jego dawka",,,,,,,KOLOKWIUM 3 – 2016/17 - 2 termin,srednia
LEKI MOCZOPĘDNE,Wskazania,lekarski,testowe,Do leczenia ostrego zamknięcia kąta przesączania (potocznie ataku jaskry) można zastosować:,Timolol,Acetazolamid,Mannitol,,,Zydowudynę,,,,,KOLOKWIUM 3 – 2016/17 - 2 termin,srednia
LEKI PRZECIWHISTAMINOWE,Klasyfikacja,lekarski,testowe,Do leków przeciwhistaminowych stosowanych wyłącznie miejscowo na błony śluzowe należą:,Emedastyna,Azelastyna,,,,Desforatadyna,Bilastyna,,,,KOLOKWIUM 3 – 2016/17 - 2 termin,srednia
UKŁAD POKARMOWY,Antidotum,lekarski,testowe,Dorosły pacjent trafił do szpitala 3 godziny po samobójczym przedawkowaniu fenobarbitalu (pochodna kwasu barbiturowego). Należy zastosować:,Rozcienczenie trucizny przez podanie do wypicia dużej ilości wody pitnej,"Alkalizację moczu do pH co najmniej 7,5 przez dodanie wodorowęglanu sodu do dożylnych płynów infuzyjnych",,,,Płukanie żołądka z zastosowaniem wody pitnej przez sondę ustno-żołądkową w małych porcjach jedna po drugiej,Irygację całego jelita przez doustne podanie płynów elektrolitowych z polietylenoglikolem (tzw. makrogolami),,,,KOLOKWIUM 3 – 2016/17 - 2 termin,srednia
HEMOSTAZA,Antidotum,lekarski,testowe,Wskaż prawidłowe połączenie trucizna – antidotum – mechanizm działania antidotum:,Paracetamol – acetylocysteina – neutralizacja metaboliczna,Amitryptylina - fizostygmina - antagonizm fizjologiczny,Dabigatran – idarucyzumab - neutralizujące przeciwciało,Diazepam – flomazenil – antagonizm receptorowy,,,,,,,KOLOKWIUM 3 – 2016/17 - 2 termin,srednia
PADACZKA,Klasyfikacja,lekarski,testowe,Który z leków działa przeciwdrgawkowo głównie poprzez nasilenie transmisji GABA￾ergicznej:,Tiagabina,,,,,Lamotrygina,Lewetriacetam,Zonisamid,,,KOLOKWIUM 3 – 2016/17 - 2 termin,wysoka
OTĘPIENIE,Klasyfikacja,lekarski,testowe,Które leki mogą zaostrzyć objawy otępienia u osoby z chorobą Alzheimera?,Olanzapina,Memantyna,Biperiden,,,Piracetam,,,,,KOLOKWIUM 3 – 2016/17 - 2 termin,wysoka
CHOROBA PARKINSONA,Działania niepożądane,lekarski,testowe,"Skłonność do hazardu, kompulsywne objadanie i obsesje seksualne to działania niepożądane obserwowane w terapii:",L-dopą,Pramipeksolem,,,,Metylofenidatem,Zolpidemem,,,,KOLOKWIUM 3 – 2016/17 - 2 termin,srednia
LEKI PRZECIWNOWOTWOROWE,Mechanizm działania,lekarski,testowe,Zolendronian:,Z dużym powinowactwem wiąże się ze zmineralizowaną kością,Hamuje resorbcję kości,,,,Koryguje hiperkalcemię w chorobach nowotworowych zwiększając jednoczeście kalcurię,Może spowodować martwicę szczęki szczególnie w przypadku złego stanu uzębienia,,,,KOLOKWIUM 3 – 2016/17 - 2 termin,niska
LEKI IMMUNOSUPRESYJNE,Wskazania,lekarski,testowe,Leki stosowane przewlekle w stwardnieniu rozsianym w celu modyfikacji przebiegu choroby to:,PEG-interferon-beta,Natalizumab,Adalimumab,,,Interferon-gamma,,,,,KOLOKWIUM 3 – 2016/17 - 2 termin,srednia
UKŁAD POKARMOWY,Mechanizm działania,lekarski,testowe,Który mechanizm opisuje działanie aprepitantu:,Stymulowanie receptora neurokininy (NK1) w strefie chemoreceptorowej mózgu,,,,,Stymulowanie receptora O2 w strefie chemoreceptorowej mózgu,Stymulowanie receptora 5-HT3 na włóknach aferentnych nerwu błędnego,Blokowanie receptora muskarynowego w ośrodku wymiotnym w rdzeniu przedłużonym,,,KOLOKWIUM 3 – 2016/17 - 2 termin,srednia
LEKI PRZECIWDEPRESYJNE,Wskazania,lekarski,testowe,Amitryptylina ma zastosowanie w leczeniu:,Bólu neuropatycznego,Choroby afektywnej jednobiegunowej,,,,Bezsenności,Padaczki,,,,KOLOKWIUM 3 – 2016/17 - 2 termin,srednia
LEKI PRZECIWDEPRESYJNE,Klasyfikacja,lekarski,testowe,Zespół serotoninowy może być wynikiem podawania:,Tramadolu,Escitalopramu,,,,Litu,Buspironu,,,,KOLOKWIUM 3 – 2016/17 - 2 termin,srednia
LEKI PRZECIWLĘKOWE,Farmakokinetyka,lekarski,testowe,Benzodiazepiną nie mającą wątrobowego metabolizmu jest:,Lorazepam,Oksazepam,,,,Nitrazepam,Diazepam,,,,KOLOKWIUM 3 – 2016/17 - 2 termin,wysoka
UKŁAD ODDECHOWY,Antidotum,lekarski,testowe,Acetylocysteina:,Jest odtrutką w zatruciu paracetamolem ze względu na udział w detoksykacji toksycznego metabolitu N-acetylo-4-benzochinoiminy (NAPO),,,,,"Może być stosowana doustnie, dożylnie i wziewnie",W dużej dawce pobudza ruchomość rzęsek nabłonka oddechowego,Rozrzedza śluz poprzez zmniejszenie oddziaływania ładunków elektrycznych występujących w sieci mucyn (działanie niedestrukcyjne),,,KOLOKWIUM 3 – 2016/17 - 2 termin,srednia
UKŁAD POKARMOWY,Klasyfikacja,lekarski,testowe,Przewlekłe stosowanie pantoprazolu może prowadzić do:,"Zmniejszonego wchłaniania witaminy B12, Mg2+, Ca2+","Zwiększonego ryzyka zakażenia przewodu pokarmowego, np. biegunka Clostridium difficile",Zwiększonego ryzyka złamania kościu udowej,,,Zwiększonego ryzyka zakażenia układu oddechowego,,,,,KOLOKWIUM 3 – 2016/17 - 2 termin,wysoka
UKŁAD POKARMOWY,Mechanizm działania,lekarski,testowe,Wybierz prawidłowe połączenie - lek prokinetyczny / mechanizm działania:,Erytromycyna - agonista rec. Motylinowego,Cizapryd – agonista rec. 5-HT4,,,,Metoklopramid – agonista rec. 5-HT3 i rec. D2,Itopryd – agonista rec. 5-HT4 i rec. D2,,,,KOLOKWIUM 3 – 2016/17 - 2 termin,srednia
LEKI PRZECIWNOWOTWOROWE,Wskazania,lekarski,testowe,Kwerolimus jest stosowany w:,Kardiologii (stenty wiecowe),Onkologii (wybrane zaawansowane nowotwory piersi i nerki),,,,Neurologii (stwardnieni rozsiane),Dermatologii (łuszczyca),,,,KOLOKWIUM 3 – 2016/17 - 2 termin,srednia
LEKI IMMUNOSUPRESYJNE,Mechanizm działania,lekarski,testowe,Mykofenolan mofetylu (MMF):,Jest odwracalnym inhibitorem dehydrogenazy inozynomonofosforanu hamującym syntezę de novo nukleotydów guaninowych,Działa silniej na limfocyty niż na inne komórki,,,,Bezpośrednio hamuje wytwarzanie interleukiny 2 (IL-2),Jest inhibitorem sygnału po pobudzeniu receptorów dla IL-2,,,,KOLOKWIUM 3 – 2016/17 - 2 termin,niska
ZABURZENIA RYTMU SERCA,Działania niepożądane,lekarski,testowe,Adenozyna,To nukleotyd purynowy występujący we wszystkich komórkach organizmu,,,,,Aktywuje kanały potasowe i powoduje depolaryzację komórek,Działa dromotropowo ujemnie w węźle przedsionkowo-komorowym,Jest skuteczna kardiowersji farmakologicznej częstoskurczów komorowych,,,KOLOKWIUM 3 – 2016/17 - 2 termin,wysoka
LEKI HIPOLIPEMIZUJĄCE,Mechanizm działania,lekarski,testowe,Ewolokumab:,Jest ludzkim przeciwciałem poliklonalnym,Hamuje aktywność konwertazy białkowej subtylizyna/keksyna typu 9 (PCSK9) - enzymu biorącego udział w degradacji receptorów dla LDL,,,,Jest stosowany dożylnie,Zwiększa stęężenie cholesterolu HDL o ponad 100%,,,,KOLOKWIUM 3 – 2016/17 - 2 termin,wysoka
UKŁAD WSPÓŁCZULNY,Klasyfikacja,lekarski,testowe,Przyczyną wzrostu masy ciała może być:,Klemastyny,Kwetiapiny,Citalopramu,,,Liraglutydu,,,,,KOLOKWIUM 3 – 2016/17 - 2 termin,niska
LEKI HIPOLIPEMIZUJĄCE,Klasyfikacja,lekarski,testowe,Reguła Robertsa mówi o:,Podwajaniu dawki statyny,Obniżeniu stężenia cholesterolu LDL o dodatkowe 7% po odpowiednim zwiększeniu dawki statyny,,,,Obniżeniu stężenia cholesterolu LDL o dodatkowe 5% po odpowiednim zwiększeniu dawki statyny,Potrajaniu dawki statyny,,,,KOLOKWIUM 3 – 2016/17 - 2 termin,srednia
UKŁAD WSPÓŁCZULNY,Mechanizm działania,lekarski,testowe,Wskaż prawidłowe połączenie lek – mechanizm działania:,Roflumilast – inhibitor fosfodiestrazy 4,,,,,Indakaterol – nieselektywny agonista receptorów beta-adrenergicznych,Tiotropium - długodziałający gonista receptorów M3,Omalizumab - przeciwciało monoklonalne przeciw ludzkim przeciwciałom klasy IgA,,,KOLOKWIUM 3 – 2016/17 - 2 termin,wysoka
HEMOSTAZA,Przeciwwskazania,lekarski,testowe,Wskaż prawdziwe stwierdzenie dotyczące małopłytkowości indukowanej heparyną (HIT) typu II:,Występuje typowo między 5. a 10. dniem ekspozycji na heparyny ze znacznym nadmiarem liczby płytek (30 000-50 000/mikrolitr),Stwarza istotne ryzyko powikła zakrzepowo-zatorowych,Jest potwierdzana identyfikacją przeciwciał przeciw kompleksom heparyna-PF4 w surowicy,Jest bezterminowym przeciwwskazaniem do reekspozycji chorego na heparyny,,,,,,,KOLOKWIUM 3 – 2016/17 - 2 termin,srednia
NIEWYDOLNOŚĆ SERCA,Mechanizm działania,lekarski,testowe,Wskaż prawidłowe połączenie lek – mechanizm działania:,Iwabradyna – zahamowanie prądu potasowego w węźle przedsionkowo￾komorowym,Sakubitril – zahamowanie aktywności neprylizyny,Riociguat – aktywacja cyklazy adenylowej,Digoksyna – aktywacja wymiennika sodowo-wapniowego,,,,,,,KOLOKWIUM 3 – 2016/17 - 2 termin,srednia
NADCIŚNIENIE TĘTNICZE,Klasyfikacja,lekarski,testowe,Do leków hamujących układ RAA należy:,Zofenopryl,Eplerenon,,,,Aliskiren,Nebiwolol,,,,KOLOKWIUM 3 – 2016/17 - 2 termin,niska
LEKI MOCZOPĘDNE,Działania niepożądane,lekarski,testowe,Wskaż prawidłowe stwierdzenie dotyczące torasemidu:,Hamuje symporter sodowo-potasowo-chlorkowy części grubościennej ramienia wstępującego pętli Henlego,Zwiększa aktywność reninową osocza,,,,Powoduje słabszy efekt natiuretyczny niż furosemid,Jest nieskuteczny jeśli eGFR (wskaźnik filtracji kłębuszkowej) < 30 ml/min,,,,KOLOKWIUM 3 – 2016/17 - 2 termin,srednia
LEKI PRZECIWBAKTERYJNE,Wskazania,lekarski,testowe,W zakażeniach Mycoplasama pneumoniae można zastosować,Doksycykline,Klarytromycyne,,,,Amoksycyline,"Ceftriakson + linezoild , chloramfenikol, makrolidy wgl, tetracyklina, tygecyklina, chinolony 2 gen : cyproflokascyna ofloksacyna pflokascyna norfloksacyna",,,,KOLOKWIUM 1 – 2015/16 - 2 termin,wysoka
LEKI PRZECIWBAKTERYJNE,Wskazania,lekarski,testowe,W zakazeniu Clostridium diff. skuteczne sa:,Metronidazol,Wankomycyna,,,,Amoksycylina,Klindamycyna Fidaksomycyna tygecyklina (off label) ryfaksymina,,,,KOLOKWIUM 1 – 2015/16 - 2 termin,wysoka
LEKI PRZECIWBAKTERYJNE,Klasyfikacja,lekarski,testowe,Do leków i rzutu w gruźlicy należy,Ryfampicyna,Izoniazyd,Pyryzynamid streptomycyna etambutol,,,Kanamycna,,,,,KOLOKWIUM 1 – 2015/16 - 2 termin,wysoka
NARKOTYCZNE LEKI PRZECIWBÓLOWE,Klasyfikacja,lekarski,testowe,Efekt pułapowy wykazuje,Buprenorfina pentazoccyna,,,,,Morfina,Kodeina,Metadon,,,KOLOKWIUM 1 – 2015/16 - 2 termin,wysoka
HORMONY PŁCIOWE,Klasyfikacja,lekarski,testowe,Hiperprolaktynemia,Karbegolina,Bromokryptyna hinagolid,,,,Gorserelina,Finasteryd,,,,KOLOKWIUM 1 – 2015/16 - 2 termin,niska
LEKI PRZECIWBAKTERYJNE,Interakcje,lekarski,testowe,"Azytromycyna: makrolid, aktywny wobec h.influenzae, bakterie atypowe, leczenie boreliozy",jest stosowana w nierzeżączkowym zapaleniu cewki moczowej,,,,,jest słabo wchłaniana z przewodu pokarmowego,ma bardzo krótki okres półtrwania → długi okres półtrwania (50-60h),istotnie klinicznie hamuje aktywność izoenzymu CYP3A4 → nie daje interakcji,,,EGZAMIN IWL 1 lutego 2016,wysoka
TARCZYCA,Wskazania,lekarski,testowe,"Liotyronina: T3, nie ma preparatu w Polsce zawierającego tylko T3, jest preparat zawierający T3 i T4 1:5",odpowiada ona naturalnemu hormonowi T3,ma krótszy okres półtrwania niż lewotyroksyna,,,,jest lekiem z wyboru w niedoczynności tarczycy → lekiem z wyboru jest lewotyroksyna,jest przeciwwskazana w leczeniu śpiączki hipometabolicznej,,,,EGZAMIN IWL 1 lutego 2016,wysoka
NIEOPIOIDOWE LEKI PRZECIWBÓLOWE,Wskazania,lekarski,testowe,Nefopam:→ działa chronotopowo dodatnio i inotropowo dodatnio,jest inhibitorem wychwytu zwrotnego serotoniny i noradrenaliny,u osób starszych może wywoływać omamy,,,,hamuje wybiórczo cyklooksygenazę typu 2,u dzieci może być stosowany w profilaktyce drgawek gorączkowych → nie stosujemy go do 12 roku życia,,,,EGZAMIN IWL 1 lutego 2016,srednia
GLIKOKORTYKOSTEROIDY,Klasyfikacja,lekarski,testowe,Leczenie triamcynolonem może pogorszyć przebieg: - GKS,jaskry,zaburzeń nastroju,zaćmy,osteoporozy,,,,,,,EGZAMIN IWL 25 stycznia 2017,srednia
UKŁAD POKARMOWY,Działania niepożądane,lekarski,testowe,Aby zmniejszyć efekty gastrotoksyczne naproksenu zalecane jeststosowanie:,omeprazolu,,,,,laktulozy,cytrynianu potasowo-bizmutowego,węglanu wapnia,,,EGZAMIN IWL 25 stycznia 2017,wysoka
UKŁAD POKARMOWY,Klasyfikacja,lekarski,testowe,W zespole abstynencji w zależności od opioidów występują:,wyciek z nosa i łzawienie,bóle mięśniowe,wymioty i biegunka,,,zwężenie źrenic,,,,,EGZAMIN IWL 25 stycznia 2017,srednia
NIEOPIOIDOWE LEKI PRZECIWBÓLOWE,Wskazania,lekarski,testowe,Tryptany w leczeniu migreny:,mogą być stosowane doustnie,różnią się szybkością działania,mogą być łączone z niesteroidowymi lekami przeciwzapalnymi o Można stosować max 9 dni w miesciącu - potem ryzyko bólu głowy o Połązcenie z NLPZ daje dobrą poprawę o Skuteczna jest 2 dawka,,,należy podawać wyłącznie w fazie aury,,,,,EGZAMIN IWL 25 stycznia 2017,wysoka
LEKI PRZECIWHISTAMINOWE,Przeciwwskazania,lekarski,testowe,Feksofenadyna: - II generacja przeciwhistaminowych,jest podawana doustnie,,,,,działa nieselektywnie na rec. H1,przenika w znacznym stopniu przez barierę krew- mózg,działa kardiotoksycznie i jest przeciwwskazana w chorobie niedokrwiennej serca,,,EGZAMIN IWL 25 stycznia 2017,srednia
OTĘPIENIE,Wskazania,lekarski,testowe,Podanie rywastygminy jest uzasadnione u pacjentów z - CHOLINOMIMETYK,otępieniem w przebiegu choroby Parkinsona,chorobą Alzheimera,,,,otępieniem naczyniopochodnym,otępieniem czołowo-skroniowym,,,,EGZAMIN IWL 25 stycznia 2017,wysoka
LEKI PRZECIWBAKTERYJNE,Klasyfikacja,lekarski,testowe,Wyłącznie na drobnoustroje Gram dodatnie działa:,mupirocyna,,,,,metronidazol,fosfomycyna,gentamycyna,,,EGZAMIN IWL 20 czerwca 2018,wysoka
CUKRZYCA,Wskazania,lekarski,testowe,Wskazaniem do insulinoterapii jest:,cukrzyca typu LADA,ostry zespół wieńcowy u osoby z cukrzycą typu II,znaczna hiperglikemia (>300 mg/dl) w przebiegu cukrzycy typu II,"cukrzyca ciężarnych Insilinoterapia : ZAWSZE WCUKRZYCY TYPU 1 , Cukrzyca typu 3 – po pankreatotomii lub jak wcale trzustka nie działa",,,,,,,EGZAMIN IWL 20 czerwca 2018,wysoka
CUKRZYCA,Klasyfikacja,lekarski,testowe,Długodziałające analogi insuliny w porównaniu do insuliny protaminowo-cynkowej (NPH) charakteryzują się:,mniejszym ryzykiem hipoglikemii,,,,,mniejszym ryzykiem onkologicznym,większym ryzykiem zjawiska brzasku,działaniem anorektycznym,,,EGZAMIN IWL 20 czerwca 2018,srednia
ZABURZENIA RYTMU SERCA,Mechanizm działania,lekarski,testowe,Teofilina: - METYLOKSANTYNA,jest antagonistą receptora adenozynowego,hamuje aktywność fosfodiesteraz,zwiększa przepływ nerkowy,"pobudza ośrodek oddechowy w rdzeniu przedłużonymBARDZO NIEBEZPIECZNY LEK – stymulują miokardium PROARYTMIE I TACHYKARDIA Słabo albo wcale nie podowuje poprawe spirometrycznego badania. Wielu pacjentów subiektywnie uważa, że ma poprawę w POCHP po włączeniu do ich leczenia teofiliny. Pewnie dlatego, że to psychostymulat , robi dobrze na głowę poprawia vigor człowiekowi i ma wpływ na mięśnie szkieletowe",,,,,,,EGZAMIN IWL 20 czerwca 2018,srednia
UKŁAD POKARMOWY,Działania niepożądane,lekarski,testowe,Czarne zabarwienie stolca powoduje podawanie preparatów:,bizmutu,żelaza,,,,wapnia,glinu,,,,EGZAMIN IWL 20 czerwca 2018,niska
UKŁAD POKARMOWY,Klasyfikacja,lekarski,testowe,Analogi prostaglandyny E1 mogą powodować: - TO MIZOPROSTOL ( ABORTYWNY),rozszerzenie naczyń krwionośnych tętniczych,hamowanie wydzielania soku żołądkowego reszta odpowiedzi odnosi się do innych prostaglandyn,,,,poprawę odpływu cieczy wodnistej z oka,hamowanie agregacji płytek krwi,,,,EGZAMIN IWL 20 czerwca 2018,niska
NARKOTYCZNE LEKI PRZECIWBÓLOWE,Klasyfikacja,lekarski,testowe,Zaznacz prawidłowe pary dotyczące leczenia uzależnień i wybranego leku:,uzależnienie od alkoholu – nalmefen,"uzależnienie od heroiny – metadon abstynencja od opioidów dożylnych zmiana na po, to jest preferowany rodzaj ekspozycji",,,,"uzależnienie od nikotyny – klonidyna nie, tylko BUPROPION albo syntetyczny agoaganistyczne rec nikotynowe",uzależnienie od amfetaminy – wareniklina,,,,EGZAMIN IWL 20 czerwca 2018,srednia
STANY NAGŁE,Działania niepożądane,lekarski,testowe,Wskaż prawidłowe pary płyn infuzyjny – możliwe działanie niepożądane:,5% roztwór glukozy – hiponatremia,HES (hydroksyetylowana skrobia) – ostre uszkodzenie nerek,5% roztwór albuminy – anafilaksja,"dekstran 70 000 – działanie przeciwkrzepliwe i jeszcze większa podatność na wstrząsy Najlepszy wybór to albuminy 20%, ale trudne do pozyskania i drogie Ewentualnie żelatyna 3,4-4,5%",,,,,,,EGZAMIN IWL 20 czerwca 2018,wysoka
NADCIŚNIENIE TĘTNICZE,Wskazania,lekarski,testowe,Wskaż prawidłowe stwierdzenie dotyczące leczenia hipotensyjnego tiazydowymi lekami moczopędnymi:,tiazydy mogą bezpośrednio oddziaływać na ścianę naczyń i zmniejszać systemowy opór naczyniowy,pełny efekt hipotensyjny występuje po kilkunastu dniach leczenia,blokada kotransportera Na-Cl w kanaliku dystalnym prowadzi do zwiększenia natriurezy,,,ich skuteczność w leczeniu przewlekłym wynika przede wszystkim ze zmniejszenia objętości osocza i rzutu serca,,,,,EGZAMIN IWL 20 czerwca 2018,srednia
LEKI PRZECIWPASOŻYTNICZE,Wskazania,lekarski,testowe,Albendazol stosowany jest w jelitowej infestacji:1:30,glistą ludzką,tasiemcem uzbrojonym,"owsikami PERMETRYNA (1%) WSZAWICA (5%) ŚWIEŻB Pasożyty przewodu pokarmowego są mega częste na całym świecie, w Polsce mniej ale ogólnie dużo",,,lambliami,,,,,EGZAMIN IWL 20 czerwca 2018,wysoka
GLIKOKORTYKOSTEROIDY,Działania niepożądane,lekarski,testowe,Fenoterol może być przyczyną: - niezbyt ulubiona grupa szybko działających bronchodylatacyjnych,Tachykardii – zwiększenie siły skurczu zwiększenie zapotrzebowanie na tlen,drżenia mięśni – wygląda tak jakby miał dreszcze,hiperglikemii,"hamowania skurczów ciężarnej macicy – stosowane jako TOKOLIZA – wygaszanie skurczu u ciężarnej wtedy są iv tylko po to żeby podać betametazon lub deksametazon, żeby dziecko sobie wypracowalo surfaktant. Do bani bo SABA",,,,,,,EGZAMIN IWL 20 czerwca 2018,srednia
NIEOPIOIDOWE LEKI PRZECIWBÓLOWE,Działania niepożądane,lekarski,testowe,Wskaż prawidłowe stwierdzenie dotyczące niesteroidowych leków przeciwzapalnych:,"ketoprofen powoduje większe ryzyko występowania krwawienia z górnego odcinka przewodu pokarmowego niżibuprofen – wszystkie badania wskazują że najmniej gastroszkodliwy jest ibuprofen !, ale jest dość szkodliwy kardio więc średniawka. Doodbytniczo",,,,,"meloksykam jest preferencyjnym inhibitorem COX-1 – oczywiście, że nie bo on i nimesulid i diklofenak to preferencyjne cox-2 . ASA jest preferencyjny w COX-1","zastąpienie drogi doustnej podania diklofenaku drogą doodbytniczą zmniejsza ryzyko wystąpienia działań niepożądanych – zawsze na takie pytania można odpowiadać, ze to nie prawda, bo droga doodbytnicza to fatalna droga podawania leków. PRZECHODZI TEŻEFEKTPIERWSZEGO PRZEJŚCIA – czopki wlewki itp. A na dodatek diklofenak to słaby kwas i jak włożymy do zasadowego środowiska odbytnicy to wgł zły pomysł bo się szybko zjonizuje i może silnie uszkodzić enterocyty",nimesulid należy do najmniej hepatotoksycznych NLPZ – on i diklofenat są najbardziej,,,EGZAMIN IWL 20 czerwca 2018,wysoka
NADCIŚNIENIE TĘTNICZE,Farmakokinetyka,lekarski,testowe,Lekiem prekursorowym jest:,Enalapryl,"Cyklezonid – To ten unikalny gks który się przekształca tylko oskrzalach do leków, połkiety wcale nie działa",Lewodopa – klasyczny prekursor dopaminy w Parkinsonie bo dopamina nie przechodzi przez bariere krew mózg. - Pryl co się kończą to zawsze proleki bo są przekształcane tylko KAPTOPRYL I LIZYNOPRYL są aktywnie działające,,,Furosemid – z diuretyków wszystkie są aktywne POZA SPIRONOLAKTONEM,,,,,EGZAMIN IWL 20 czerwca 2018,wysoka
LEKI IMMUNOSUPRESYJNE,Wskazania,lekarski,testowe,Cyklosporyna: - obszar immunosuperesyjny,"jest stosowana w zapobieganiu odrzucania przeszczepu po alogenicznym przeszczepieniu narządów unaczynionych – to jej główne zalecenie, ale też się stosuje w autoagresji takich jak toczeń rumieniowaty układowy. TAKROLIMUS ją wypiera bo jest bardziej przewidywalny ale też jest inh kalcyneuryny",zwiększa ryzyko chorób rozrostowych układu chłonnego –WSZYSTKIE IMMUNOSUPRESYJNE m.in. prednizon sirolimus – 2 podstawowe DN,,,,jest rekombinowanym w pełni ludzkim przeciwciałem monoklonalnym,neutralizuje biologiczną aktywność TNF – to typowe leki na RZS gro terapii monoklonalne przeciwciałADALIMUMAM ETANERCEPT – to białko fuzyjne,,,,EGZAMIN IWL 20 czerwca 2018,wysoka
UKŁAD WSPÓŁCZULNY,Wskazania,lekarski,testowe,W alergicznym zapaleniu spojówek można zastosować dospojówkowo:,Antazolinę – jest do przerywania napadów w migotaniu. Tylko leki p￾histaminowe 1 generacji są iv !! klemastyna – najlepszy lek 1- generacji to ratunek w ciężkich stanach anafilaksji !! łącznie z adrenaliną im,azelastynę,kromoglikan sodowy – lek stabilizujący mastocyt i nie ma zdolności już uwalniania jakiejkolwiek mediatorów,olopatadynę ANAFILAKSJA ! STAN NAGŁY,,,,,,,EGZAMIN IWL 20 czerwca 2018,srednia
UKŁAD WSPÓŁCZULNY,Działania niepożądane,lekarski,testowe,Dodatek adrenaliny do lidokainy w lekach do znieczulenia miejscowego może powodować:,"zwiększone ryzyko martwicy tkanek po podaniach obwodowych – oj może, dlatego nie można podawać do palców czy innych dystalnie leżących partii ciała",wydłużenie czasu działania lidokainy,,,,zwiększone niebezpieczeństwo zatrzymania oddechu – adrenalina wgl nie zatrzymuje oddechu bo stymuluje układ wspolczulny wiec w drugą strone,zahamowanie metabolizmu lidokainy,,,,EGZAMIN IWL 20 czerwca 2018,srednia
NIEWYDOLNOŚĆ SERCA,Sposób podania,lekarski,testowe,Digoksyna: - nie lubimy,podtrzymuje aktywację baroreceptorów zatoki szyjnej przy obniżeniu ciśnienia krwi u osób z niewydolnością serca – bardzo ważna cecha,podana doustnie może być nieskuteczna z powodu dezaktywacji przez bakterie jelitowe – 10% ma takie bakterie które KOMPLETNIE JA DYZAKTYWUJĄ,,,,powoduje kardiowersję migotania przedsionków do rytmu zatokowego,jest lekiem o korzystnym działaniu rokowniczym w skurczowej niewydolności serca,,,,EGZAMIN IWL 20 czerwca 2018,srednia
UKŁAD PRZYWSPÓŁCZULNY,Mechanizm działania,lekarski,testowe,Skopolamina (hioscyna): - TO CHOLINOLITYK,"dobrze przenika przez barierę krew- mózg – tak , butylobromek skopolaminy używany w kolce nerkowej czy żółciowej szybko rozkurcza mm gładkie",zwalnia czynność serca,,,,selektywnie blokuje receptory H1 – antagonista muskarynowych,zwiększa motorykę przewodu pokarmowego – blokuje układ przywspolczulny wiec działa spazmolitycznie !,,,,EGZAMIN IWL 20 czerwca 2018,wysoka
LEKI PRZECIWHISTAMINOWE,Farmakokinetyka,lekarski,testowe,Rupatadyna: - lek przeciwhistaminowy 2 generacji,ma minimalny potencjał sedatywny,"oprócz antagonizmu wobec receptora H1 wykazuje przeciwzapalną aktywność pozareceptorową – faktycznie niektóre leki 2 generacji mają taką cechę, to jest ich plus bo każda alergia ma podłoże zapalne",w znacznym stopniu ulega efektowi pierwszego przejścia z powstaniem aktywnych metabolitów,w dawkach zalecanych nie wydłuża skorygowanego odstępu cQT – wszystkie które wydłużały zostały wyeliminowaneTYLKO EBASTYNA WYDŁUŻA,,,,,,,EGZAMIN IWL 20 czerwca 2018,wysoka
NADCIŚNIENIE TĘTNICZE,Przeciwwskazania,lekarski,testowe,U pacjentów z eGFR<30 ml/min należy zrezygnować ze stosowania:,metforminy,hydrochlorotiazydu To 4 stadium niewydolności nerek ! następne stadium toDIALIZA METFORMINA ! – poniżej nie możnaTIAZYDY DIURETYKI,,,,metoprololu,amlodypiny – całkowicie wątrobowa,,,,EGZAMIN IWL 20 czerwca 2018,wysoka
LEKI PRZECIWDEPRESYJNE,Wskazania,lekarski,testowe,Wenlafaksyna: i w tej samej grupie z DULOKSETYNĄ,może być podawana w uogólnionych zaburzeniach lękowych,"stosowana razem z tryptanami może powodować wystąpienie zespołu serotoninowego Działają podobnie jak TLPD , ale nie ma złego panelu postsynaptycznego wskazania o depresja o Bóle neuropatyczne – polineutopatia cukrzycowe, neuropatia toczeniowa o Uogólnione zaburzenia lękoweZESPÓŁ SEROTONINOWY ! – może być mylony z neuroinfekcją",,,,ma istotne działanie cholinolityczne,można ją bezpiecznie stosować w terapii skojarzonej z inhibitorami MAO –UWAGA ZESPÓŁ SEROTONINOWY,,,,EGZAMIN IWL 20 czerwca 2018,wysoka
LEKI PRZECIWNOWOTWOROWE,Klasyfikacja,lekarski,testowe,Przez hamowanie działania VEGF (naczyniowego śródbłonkowego czynnika wzrostu) działa:,bewacyzumab,sunitynib,aflibercept VEGF – to bum w okulistyce – zapobieganie zwydonieniu plamki zółtek,,,bortezomib – inh proteosomu onkologiczny lek,,,,,EGZAMIN IWL 20 czerwca 2018,niska
UKŁAD ODDECHOWY,Wskazania,lekarski,testowe,W celu przerwania ataku duszności uzasadnione jest podanie wziewnie:,bromku ipratriopium,salbutamolu,,,,roflumilastu,flutykazonu,,,,EGZAMIN IWL 20 czerwca 2018,wysoka
ZABURZENIA RYTMU SERCA,Wskazania,lekarski,testowe,U osoby z pierwotnym wydłużeniem QTc bezpieczne jestzastosowanie:,propranololu,,,,,digoksyny,sotalolu,amiodaronu,,,EGZAMIN IWL 20 czerwca 2018,srednia
NADCIŚNIENIE TĘTNICZE,Klasyfikacja,lekarski,testowe,"Koangiokardianem, czyli lekiem działającym bezpośrednio na serce i na naczynia jest:",lewosymendan,,,,,midodryna,epoprostenol,riocyguat,,,EGZAMIN IWL 20 czerwca 2018,wysoka
OSTEOPOROZA,Wskazania,lekarski,testowe,Wskaż prawdziwe zdanie dotyczące bisfosfonianów:,są lekami pierwszego rzutu w profilaktyce i leczeniu osteoporozy pomenopauzalnej u kobiet,mogą być stosowane w zapobieganiu i leczeniu osteoporozy posteroidowej,u osób z przerzutami nowotworowymi do układu kostnego łagodzą bóle kostne,przeciwwskazaniem do ich podawania jest ciężka niewydolność nerek (klirens kreatyniny < 35–30 ml/min),,,,,,,EGZAMIN IWL 20 czerwca 2018,srednia
LEKI HIPOLIPEMIZUJĄCE,Monitorowanie,lekarski,testowe,W prawidłowo prowadzonym leczeniu statynami należy:,oznaczyć aktywność ALAT i CK w surowicy przed rozpoczęciem leczenia,odstawić statynę jeśli aktywność ALAT przekroczy w surowicy 3- krotnie górną granicę wartości prawidłowych,,,,ocenić skuteczność leczenia hipolipemizującego po 2 tygodniach odjego rozpoczęcia,monitorować aktywność CK u każdego pacjenta,,,,EGZAMIN IWL 20 czerwca 2018,srednia
LEKI PRZECIWBAKTERYJNE,Dawkowanie,lekarski,testowe,"U osoby z istotnie upośledzoną czynnością nerek (eGFR <30ml/min wg wzoru Cockcrofta- Gaulta) i wskazaniem do leczenia zakażenia o etiologii bakteryjnej, należy zmodyfikować dawkowanie:",amoksycyliny,cefepimu,,,,cefoperazonu,ceftriaksonu,"U kobiety w ciąży z anginą paciorkowcową i nadwrażliwością na antybiotyki beta￾laktamowe, można zastosować:",,,EGZAMIN IWL 21 czerwca 2019,wysoka
LEKI PRZECIWBAKTERYJNE,Wskazania,lekarski,testowe,Zaznacz twierdzenie prawdziwe:,w leczeniu pacjentki z niepowikłanym zakażeniem układu moczowego można zastosować empirycznie fosfomycynę,mupirocyna jest stosowana przed operacjami chirurgicznymi w eradykacji gronkowców opornych na metycylinę kolonizujących jamę nosową,,,,cyprofloksacyna jest skutecznym lekiem w zakażeniach dolnych dróg oddechowych wywołanych przez Streptococcus pneumoniae,kolistymetat sodowy jest nieskuteczny w zakażeniach o etiologii Pseudomonas aeruginosa,,,,EGZAMIN IWL 21 czerwca 2019,wysoka
LEKI PRZECIWBAKTERYJNE,Wskazania,lekarski,testowe,Co można zastosować u pacjenta z boreliozą (rumień skórny wędrujący)?,amoksycylinę,aksetyl cefuroksymu,doksycyklinę,,,kotrymoksazol,,,,,EGZAMIN IWL 21 czerwca 2019,wysoka
LEKI PRZECIWBAKTERYJNE,Klasyfikacja,lekarski,testowe,Aktywność przeciwbakteryjną względem Haemophilus influenzae wykazuje:,klarytromycyna,ceftriakson,moksyfloksacyna,amoksycylina z kwasem klawulanowym,,,,,,,EGZAMIN IWL 21 czerwca 2019,wysoka
LEKI PRZECIWBAKTERYJNE,Interakcje,lekarski,testowe,Chemioprofilaktyka zakażenia zgodna z aktualną wiedzą medyczną to:,podanie ceftriaksonu lub cyprofloksacyny osobie z bliskiego kontaktu z chorym na inwazyjną chorobę meningokokową,,,,,3-dniowe podawanie cefazoliny po planowej operacji w polu czystym￾skażonym,dołączenie flukonazolu do szerokospektralnej antybiotykoterapii przeciwbakteryjnej po tygodniu jej stosowania,codzienne podawanie furazydyny w jednej dawce przez 6 miesięcy kobiecie w wieku pomenopauzalnym z bezobjawową bakteriurią,,,EGZAMIN IWL 21 czerwca 2019,wysoka
LEKI PRZECIWWIRUSOWE,Wskazania,lekarski,testowe,Oseltamiwir:,jest inhibitorem neuraminidazy wirusowej,występuje w postaci doustnej,,,,nie indukuje oporności wirusów grypy A,nie jest skuteczny w profilaktyce grypy po ekspozycji,,,,EGZAMIN IWL 21 czerwca 2019,wysoka
LEKI PRZECIWBAKTERYJNE,Interakcje,lekarski,testowe,"Jakie leki mają uzasadnienie w opisanym przypadku: 18-letnia aktywna seksualnie kobieta z niepowikłanym zakażeniem układu moczowego objawiającym się częstomoczem, parciami naglącymi i dolegliwościami bólowymi cewki moczowej w czasie mikcji, planująca wyjazd na wakacje z opalaniem na Teneryfie za 2 dni?",cefadroksyl,,,,,ko-trymoksazol,amoksycylina,cyprofloksacyna,,,EGZAMIN IWL 21 czerwca 2019,wysoka
LEKI PRZECIWGRZYBICZE,Wskazania,lekarski,testowe,W leczeniu zakażeń grzybiczych:,w przypadku niepowikłanej kandydozy sromu i pochwy może być skuteczne jednorazowe doustne podanie flukonazolu,paznokci można rozważyć zastosowanie cyklopiroksolaminy w lakierze,,,,skóry gładkiej leki stosuje się wyłącznie miejscowo,ośrodkowego układu nerwowego o etiologii Aspergillus spp. można zastosować kaspofunginę,,,,EGZAMIN IWL 21 czerwca 2019,wysoka
LEKI PRZECIWWIRUSOWE,Wskazania,lekarski,testowe,W leczeniu przewlekłego wirusowego zapalenia wątroby typu B zaleca się:,adefowir,lamiwudynę,,,,acyklowir,foskarnet,,,,EGZAMIN IWL 21 czerwca 2019,wysoka
LEKI PRZECIWBAKTERYJNE,Sposób podania,lekarski,testowe,W pierwszym leczeniu nowego przypadku gruźlicy płuc:,streptomycyna nie jest lekiem pierwszego wyboru,,,,,"etambutol jest włączany do terapii w fazie kontynuacji leczenia, która ma na celu wyjałowienie organizmu z Mycobacterium tuberculosis",czas standardowego leczenia nie może być krótszy niż 9 miesięcy,izoniazyd musi być podawany dożylnie,,,EGZAMIN IWL 21 czerwca 2019,wysoka
LEKI PRZECIWBAKTERYJNE,Klasyfikacja,lekarski,testowe,Krytyczna potrzeba opracowania nowych leków przeciwbakteryjnych wynika z selekcji:,Pseudomonas aeruginosa opornych na karbapenemy (CPPA),Klebsiella pneumoniae opornych na karbapenemy (CPE),,,,Staphylococcus aureus opornych na metycylinę (MRSA),Streptococcus pneumoniae opornych na tetracykliny (TRSP),,,,EGZAMIN IWL 21 czerwca 2019,wysoka
CUKRZYCA,Klasyfikacja,lekarski,testowe,"Pacjent z cukrzycą typu II leczony metforminą w monoterapii, nie uzyskuje zadowalającej korekty HbA1C. Do leczenia można dołączyć:",Gliklazyd – pochodna sulfynylomocznika,empagliflozynę,liraglutyd,insulinę,,,,,,,EGZAMIN IWL 21 czerwca 2019,wysoka
TARCZYCA,Wskazania,lekarski,testowe,"W leczeniu przewlekłej niedoczynności tarczycy, głownie Hashimoto","dawkę hormonu tarczycy należy podawać 1x dziennie na czczo suplementujemy tyroksynę a nie trójjodotyronine w POLSCE , bo raz dziennie na czczo !",,,,,preferuje się preparaty złożone LT3 i LT4,tyroksyna powinna być podawana razem z beta-adrenolitykiem,stosowanie inhibitora pompy protonowej poprawia wchłanianie hormonów tarczycy,,,EGZAMIN IWL 21 czerwca 2019,wysoka
CUKRZYCA,Mechanizm działania,lekarski,testowe,Do doustnych leków przeciwcukrzycowych istotnie zwiększających ryzyko hipoglikemii należy:,pochodna sulfonylomocznika już insulina bezpieczniejsaz bo krótkodziałająca meglitynidy też podowują GKUKAGON jak się poda na hipoglikemie,,,,,inhibitor alfa-glukozydazy (AKARBOZA),pochodna biguanidu,glitazon,,,EGZAMIN IWL 21 czerwca 2019,wysoka
LEKI PRZECIWNOWOTWOROWE,Wskazania,lekarski,testowe,W leczeniu choroby na tle autoimmunizacji prednizonem (gks) konieczne są szczególne środki nadzoru i terapia wspomagająca w przypadku współwystępowania:,zaćmy starczej,osteoporozy,,,,hiperkalcemii nowotworowej,małopłytkowości idiopatycznej,,,,EGZAMIN IWL 21 czerwca 2019,niska
OSTEOPOROZA,Wskazania,lekarski,testowe,Bisfosfoniany są stosowane w:,leczeniu osteoporozy posteroidowej DOKAŻDEJJAKO PIERWSZA LINIA,zapobieganiu skutkom ciężkiej hiperkalcemii,,,,przyspieszaniu zrostu kości po złamaniach,przeciwbólowej terapii choroby zwyrodnieniowej stawów,,,,EGZAMIN IWL 21 czerwca 2019,srednia
UKŁAD ODDECHOWY,Wskazania,lekarski,testowe,Wskaż prawidłowe połączenie lek - wskazanie do stosowania:,klobetazol – atopowe zapalenie skóry,betametazon – stymulowanie dojrzewania płuc płodu,cyklezonid – astma nadzwyczajny bo ulega aktywacji tylko w drzewie oskrzelowym i nie ma systemowych oddzialywan PROLEK,hydrokortyzon – ostra niedoczynność kory nadnerczy,,,,,,,EGZAMIN IWL 21 czerwca 2019,wysoka
LEKI PRZECIWPSYCHOTYCZNE,Mechanizm działania,lekarski,testowe,Hiperprolaktynemia może być powikłaniem leczenia:,rysperydonem,chlorpromazyną,arypiprazolemDOPAMINAHAMUJEWYDZIELANIE PROLAKTYNY Leki neuroleptyki zaznaczone one powodują hiperprolaktynemie,,,bromokryptyną- agonista receptora jako lek hamujący wydzielanie prolaktyny w gruczolakach przysadki,,,,,EGZAMIN IWL 21 czerwca 2019,wysoka
NADCIŚNIENIE TĘTNICZE,Sposób podania,lekarski,testowe,W hipokalcemii:,"przewlekłej, której przyczyna nie może być usunięta, stosujemy doustnie węglan wapnia",witamina D powinna być podawana pod postacią aktywnych metabolitów – alfakalcydolu lub kalcytriolu,"objawowej należy zastosować dożylnie chlorek wapnia albo glukonian wapnia, ale on jest niespodziankowy wiec preferujemy chlorek wapnia ( jest w nim 3 razy więcej jonów wapnia)TRZEBAPODAWACBARDZO WOLNO BOZATRZYMANIE AKCJI SERCA",spowodowanej nadmierną utratą wapnia z moczem skuteczne mogą być diuretyki tiazydowe,,,,,,,EGZAMIN IWL 21 czerwca 2019,niska
GLIKOKORTYKOSTEROIDY,Wskazania,lekarski,testowe,Do przerwania napadu dny moczanowej można zastosować:,ibuprofen,hydrokortyzon,"kolchicynę to jedyne wskazanie, jak się ja poda i ustąpi to wiadomo ze dna LEKJEDNEJ CHOROBY nlpz – jeżeli ból do 3 w skali was, ale jeśli dna na podlozu zapalnym to super gks SULFINPIRAZON benzomaron",,,allopurinol,,,,,EGZAMIN IWL 21 czerwca 2019,srednia
LEKI PRZECIWPASOŻYTNICZE,Wskazania,lekarski,testowe,W zarażeniach pasożytniczych:,pyrantel wykazuje skuteczność wobec glisty ludzkiej,Trichomonas vaginalis stosuje się metronidazol = tymidazol,permetrynę stosuje się we wszawicy,albendazol zabija pasożyty uniemożliwiając im wchłanianie glukozy permetryna 1%wszawica,,,,,,,EGZAMIN IWL 21 czerwca 2019,wysoka
NIEOPIOIDOWE LEKI PRZECIWBÓLOWE,Działania niepożądane,lekarski,testowe,Do możliwych działań niepożądanych paracetamolu można zaliczyć:,uszkodzenie wątroby pochodne kwasu propionowego : naproksen / ketoprofen / ibuprofen są jakby najbezpieczniejsze zNLPZ NLPZ działają PROZAKRZEPOWO jedyny jego mankament to nadmierne zbieranie si jego metabolitu np. w kaheksji alkoholikow po ciężkich schorzeniach wątroby,,,,,wzrost ryzyka wystąpienia choroby układu oddechowego nasilanej przez aspirynę (astmy indukowanej),uszkodzenie chrząstek nasadowych u dzieci,działanie antyagregacyjne,,,EGZAMIN IWL 21 czerwca 2019,wysoka
NARKOTYCZNE LEKI PRZECIWBÓLOWE,Wskazania,lekarski,testowe,W farmakoterapii silnego bólu przebijającego można zastosować:,fentanyl na błonę śluzową jamy ustnej,buprenorfinę podjęzykowo,fentanyl donosowo,morfinę doustnie Przebijajacy to taki co wystepuje mimo terapii p-bólowej FENTANYLÓW jest dużo Morfina nie może być o zmodyfikowanym uwalbnianiu,,,,,,,EGZAMIN IWL 21 czerwca 2019,wysoka
ZNIECZULENIA OGÓLNE,Klasyfikacja,lekarski,testowe,Do leków stosowanych miejscowo przeciwbólowo należy/ą:,Ketoprofen jak najbardziej można,kapsaicyna tylko do miejscowego znieczulenia,,,,izofluran,propofol,,,,EGZAMIN IWL 21 czerwca 2019,srednia
NARKOTYCZNE LEKI PRZECIWBÓLOWE,Mechanizm działania,lekarski,testowe,Metadon jest:,agonistą receptorów opioidowych typu μ,antagonistą receptorów NMDA – receptory dla aminokwasów pobudzających czyli glutaminowego w oun są 2 uklady ten układ aktywujący a drugi to układ hamujący gabaregiczny,,,,inhibitorem COX-2,inhibitorem wychwytu dopaminy Całkiem spoko opioidów jest antagonista nmda – destrometorfan i metadon,,,,EGZAMIN IWL 21 czerwca 2019,srednia
NIEOPIOIDOWE LEKI PRZECIWBÓLOWE,Działania niepożądane,lekarski,testowe,Diklofenak:,istotnie klinicznie zwiększa ryzyko sercowo – naczyniowe,,,,,ma nieznaczne działanie hepatotoksyczne,w największym stopniu wśród klasycznych NLPZ zwiększa ryzyko uszkodzeń błony śluzowej górnego odcinka p. pokarmowego – właśnie odwtornieIBUPROFEN JESZCZE LEPIEJ,może być podawany jednoczasowo z antyagregacyjnymi dawkami kwasu acetylosalicylowego,,,EGZAMIN IWL 21 czerwca 2019,wysoka
UKŁAD POKARMOWY,Wskazania,lekarski,testowe,Skuteczny w profilaktyce wymiotów po chemioterapii przeciwnowotworowej jest:,ondansetron,metoklopramid,"skopolamina – KINETOZY chilinolityk działa na muskarynowe CHEMIOTERAPIA : najgorsze to późne wymioty czyli po 24 h od podania leku, im najtrudniej zapobiec. Platyna mega wywołuje wymiotyTYLKOJEDNA GRUPA działa na wymioty typu późnego prwewncyjnie i skutecznie – antagoniści receptora 5ht3 – SETRONY najpotężniejszy jest PALONOSETRON (40x silniej niż inne) i dłużej METOKLOPRAMID – antagonista rec dopaminowych – klasyczny neuroleptyk, ale nie str. stosowany w psychiatri – też PROKINETYK w gastro i PRZECIWWYMIOTNY GKS Sterydy – deksametazon – uzupełnienie jako 2 lub 3 lekPRZEWLEKŁE WYMIOTY Antagoniści NK1 – aprepitant Podaje się 3 dni przed chemioterapią",,,dimenhydrynat – aviomarin KINETOZY przeciwhistaminowy,,,,,EGZAMIN IWL 21 czerwca 2019,wysoka
UKŁAD PRZYWSPÓŁCZULNY,Wskazania,lekarski,testowe,"Pirydostygmina jest: lek na układ przywspółczulny stosowany w neurologii POŚREDNI CHOLINOMIMETYK BO BLOKUJE ACETYLOCHILISTERAZE , te bezpośrednie to gazy bojowe. ! bo to nieodwracalne gazy uśmiercają",wskazana w leczeniu nużliwości mięśni (miasthenia gravis),objawy przedawkowania związane są z oddziaływaniem na receptory muskarynowe i nikotynowe,,,,nieodwracalnym inhibitorem acetylocholinesterazy,stosowana w przypadku zatrucia grzybami strzępiakami i lejkówkami -To grzyb cholinomimetyczny,,,,EGZAMIN IWL 21 czerwca 2019,wysoka
HEMOSTAZA,Działania niepożądane,lekarski,testowe,Do działań niepożądanych warfaryny należy/należą:,"martwica skóry - wyłączają też antykoagulamty białko C i białko wspomagające S, jak włączamy je go zanim padnie krzepnięcie to pada antykoagulacja wiec to powoduje zakrzepice a to może doprowadzić do martwicy skóry",krwioplucie – każdy przeciwzakrzepowy może spowodować !,wady rozwojowe płodu,,,małopłytkowość – toTYLKO HEPARYNY - HIT niefrakcjonowana i frankcjonowane – FONDAPARYNUS NIEPOWODUJE WCALE HIT,,,,,EGZAMIN IWL 21 czerwca 2019,wysoka
HEMOSTAZA,Sposób podania,lekarski,testowe,Wskaż prawidłowe zdanie na temat leków antyagregacyjnych:,klopidogrel jest prolekiem,abcyksymab bywa stosowany w przypadku przezskórnych zabiegów na naczyniach wieńcowych,,,,tikagrelor nieodwracalnie wiąże się z receptorami P2Y12,kangrelor należy odstawić na minimum 3 dni przed planowanym zabiegiem chirurgicznym,,,,EGZAMIN IWL 21 czerwca 2019,wysoka
HEMOSTAZA,Wskazania,lekarski,testowe,U chorego leczonego heparyną niefrakcjonowaną wysunięto mocne podejrzenie małopłytkowości typu 2 wywołanej przez heparynę (HIT-2). W takiej sytuacji racjonalne jest:,oznaczenie poziomu przeciwciał przeciwko kompleksowi heparyny z czynnikiem płytkowym 4 (PF4) w surowicy,natychmiastowe odstawienie heparyny,"kontynuacja leczenia przeciwzakrzepowego biwalirudyną HIT 2 zagraża życiu – przeciwciała z heparyna i z płytkami się zlepiają jest obraz maloplytkowosci a to jest zakrzepica. ROZWIJA SIĘ PO 5-10 DNIACH , może się utrzymywać tyle ile przeciwciała śmigają ok 28 dni ! Nie można zmienić frakcjonowanej na nie frakcjonowana bo i tak rozpozna, ale fondaparynuks się podaje",,,zastosowanie antagonisty witaminy K,,,,,EGZAMIN IWL 21 czerwca 2019,wysoka
HEMOSTAZA,Wskazania,lekarski,testowe,W celu zniesienia efektu przeciwkrzepliwego heparyny niefrakcjonowanej jako antidotum stosuje się:,"siarczan protaminy Dla drobnocząsteczkowych średnio Na fondaparynę wcale nie działa Andeksenat alfa jest antidotum na ksabany, ale też się chce używać dla fonda",,,,,kwas traneksamowy,świeżo mrożone osocze str,fitomenadion,,,EGZAMIN IWL 21 czerwca 2019,wysoka
HEMOSTAZA,Monitorowanie,lekarski,testowe,Wartości APTT rosną w trakcie leczenia:,"heparyną niefrakcjonowaną – tylko ona jest tym monitorowana, frankcjonowana nie wymaga POWINNO BYĆ WYDŁUŻONE DO 2,5 monitorujemy drobnocząsteczkowe - określanie aktywności anty Xa to takie stężenie leku we krwi 4 godziny po podaniu podskórynym. NIE APTT o - skrajności w masie ciala – pediatryczne poniżej 40kg o - gfr poniżej 30 o - kobiety w ciąży Problemem jest fondaparyna bo ona też powinna być w tych 3 grupach monitorowana, ale nie ma dobrego wystandaryzowanego testu i labolatoria nie chcą oznaczac . Niefrakcjonowana trzeba MONITOROWAC ZAWSZE",,,,,heparyną drobnocząsteczkową,agonistą receptora GPIIb/IIIa,bezpośrednim inhibitorem czynnika X – ksabany nie monitorujemy,,,EGZAMIN IWL 21 czerwca 2019,srednia
HEMOSTAZA,Monitorowanie,lekarski,testowe,Doustne leki przeciwzakrzepowe nie będące antagonistami witaminy K (NOAC):,mogą być stosowane w profilaktyce i w leczeniu zakrzepicy żył głębokich,nie są zalecane u pacjentów z mechanicznymi zastawkami serca,mają wspólne antidotum – idarucyzumab – tylko do dabigatanu KSABANY – 3 zarejestrowane rywalo api i edo – ksaban GATRANY – jeden dabigartan ZALECANE ( zapobieganie kardiogennej zatorowości / migotanie trzepotanie przedsionków / profilaktyka i leczenie zakrzepicy żył głębokich ) NIE SĄ ZALECANE Mechaniczne zastawki – tutaj tylko antagoniści witaminy K Patologia w obrębie zastawki MITRALNEJ = zylna zastawka lewego serca stenoza/ niedomylaność Występowanie zastawkowe migotanie na zastawce MITRALNEJ Zespół antyfosfolipidowy,,,wymagają terapii monitorowanej oznaczeniami INR,,,,,EGZAMIN IWL 21 czerwca 2019,wysoka
CUKRZYCA,Klasyfikacja,lekarski,testowe,Do strategii o udokumentowanym działaniu zmniejszającym ryzyko udaru niedokrwiennego mózgu (profilaktyka pierwotna) należy leczenie:,hipotensyjne,normoglikemizujące w cukrzycy typu II,nikotynizmu,przeciwkrzepliwe w migotaniu przedsionków Czynniki ryzyka Migotanie/trzepotanie przedsionków – główny problem kardiogennego ryzyka śmierci MIAŻDZYCA – ryzyko i neuro i kardio,,,,,,,EGZAMIN IWL 21 czerwca 2019,srednia
NADCIŚNIENIE TĘTNICZE,Wskazania,lekarski,testowe,Stężenie kwasu moczowego w surowicy zmniejsza się po zastosowaniu: 2:04,losartanu TYLKO ONJEDYNY ZMNIEJSZA inne sartany nie,allopurynolu,,,,torasemidu,kwasu acetylosalicylowego w małej dawce (< 2g/dobę) byłoby dobrze – W DUŻEJ zmniejsza !,,,,EGZAMIN IWL 21 czerwca 2019,srednia
LEKI HIPOLIPEMIZUJĄCE,Wskazania,lekarski,testowe,W leczeniu zaburzeń lipidowych:,fibraty są lekami pierwszego wyboru w ciężkiej hipertrójglicerydemii – grozi zapaleniem trzustki !! albo plazmafereza i się płucze surowice z tłuszczu,"można rozważyć zastosowanie ezetymibu w monoterapii u pacjentów, którzy nie tolerują statyn, aby uzyskać docelowe stężenia cholesterolu LDL w surowicy – no można ale średnie","po zastosowaniu kolesewelamu może dojść do zwiększenia stężenia trójglicerydów w surowicy to grupa żywic jonowymiennych ich nie ma one odbiżają ldl ale zwiekszaja tg , bez sensu wiec. Maja duży mankament – łączą kwasy zółciowe i dużo leków które pacjent przyjmuje wiec trzeba by było robic przerwę 6 h miedzy lekiem a tą żywicą . W POLCE NIE MAŻADNEJ STATYN NIE MOŻNA GDY Kinaza keratynowa powyżej 5 razy powyżej normy i rabdomioliza Gdy 3 razy wzrasta stężenieASPAT ALAT aminotransferaz – przerwany",,,łączne stosowanie statyn i wielonienasyconych kwasów tłuszczowych (PUFA omega-3) zalecane jest u pacjentów z bardzo wysokim stężeniem cholesterolu LDL w surowicy,,,,,EGZAMIN IWL 21 czerwca 2019,wysoka
NADCIŚNIENIE TĘTNICZE,Działania niepożądane,lekarski,testowe,Polekowe upośledzenie funkcji nerek może wystąpić podczas stosowania w dawkach terapeutycznych:,kolistymetatu,,,,,węglanu litu,ketoprofenu,peryndoprylu,,,EGZAMIN IWL 21 czerwca 2019,niska
FARMAKOKINETYKA,Mechanizm działania,lekarski,testowe,Wskaż prawdziwe twierdzenie dotyczące oddziaływania leku na receptory:,antagonista konkurencyjny przesuwa krzywą dawka-odpowiedź agonisty (dose- response curve) na prawo,agonista wiąże się w miejscu allosterycznej modulacji receptora dla endogennego liganda,"odwrotny agonista wiąże się z receptorem w miejscu wiązania endogennego liganda, ale wywołuje odwrotny efekt biologiczny",antagonista funkcjonalny hamuje efekt biologiczny innego leku - agonisty poprzez działanie agonistyczne na odmienne receptory,,,,,,,EGZAMIN IWL 21 czerwca 2019,niska
UKŁAD ODDECHOWY,Wskazania,lekarski,testowe,W nebulizacji można podać:,budezonid,tobramycynę,salbutamol,ambroksol ABSOLUTNIE NIE MOŻNA ACC !,,,,,,,EGZAMIN IWL 21 czerwca 2019,wysoka
UKŁAD ODDECHOWY,Wskazania,lekarski,testowe,Wskazaniem do podania mukolityków jest:,przewlekła obturacyjna choroba płuc (POChP),mukowiscydoza,,,,"suchy, uporczywy kaszel o nieustalonej przyczynie",profilaktyka złamań żeber u osób z osteoporozą,,,,EGZAMIN IWL 21 czerwca 2019,wysoka
UKŁAD ODDECHOWY,Wskazania,lekarski,testowe,W leczeniu ciężkich zaostrzeń astmy niekorzystna jest ekspozycja pacjenta na:,beta-adrenolityki,leki przeciwkaszlowe,,,,teofilinę,doustne glikokortykosteroidy,,,,EGZAMIN IWL 21 czerwca 2019,wysoka
UKŁAD ODDECHOWY,Wskazania,lekarski,testowe,Bromek tiotropium:,jest stosowany w leczeniu przewlekłej obturacyjnej choroby płuc (POChP),,,,,jest wziewnym agonistą receptorów muskarynowych,może być stosowany do przerywania ostrej duszności w astmie,rozszczepia wiązania disiarczkowe w glikoproteinach śluzu,,,EGZAMIN IWL 21 czerwca 2019,wysoka
UKŁAD POKARMOWY,Wskazania,lekarski,testowe,W leczeniu refluksu żołądkowo-przełykowego można zastosować:,lanzoprazol,,,,,suplementację enzymów trzustkowych,ryfaksyminę,mizoprostol,,,EGZAMIN IWL 21 czerwca 2019,wysoka
UKŁAD POKARMOWY,Klasyfikacja,lekarski,testowe,Wskaż prawdziwe twierdzenie na temat leczenia zaparć:,bisakodyl wykazuje bezpośrednie działanie na sploty nerwowe błony śluzowej w jelicie grubym,dokusan sodowy działa rozmiękczająco na masy kałowe,,,,racekadotryl zwiększa poślizg mas kałowych w obrębie jelita grubego,siarczan magnezu ma działanie adsorpcyjne,,,,EGZAMIN IWL 21 czerwca 2019,wysoka
UKŁAD POKARMOWY,Wskazania,lekarski,testowe,Mesalazyna:,jest pochodną kwasu 5-aminosalicylowego,"może powodować biegunkę, wzdęcia i bóle brzucha",jest stosowana we wrzodziejącym zapaleniu jelita grubego,,,zasięg jej działania w przewodzie pokarmowym po podaniu doustnym nie zależy od zastosowanego preparatu,,,,,EGZAMIN IWL 21 czerwca 2019,wysoka
UKŁAD POKARMOWY,Klasyfikacja,lekarski,testowe,Pantoprazol:,zmniejsza wchłanianie witaminy B12 z przewodu pokarmowego,zwiększa ryzyko zakażeń przewodu pokarmowego,,,,zmniejsza przekształcanie klopidogrelu do aktywnych pochodnych,zwiększa wydzielanie gastryny bez konsekwencji klinicznych,,,,EGZAMIN IWL 21 czerwca 2019,srednia
UKŁAD POKARMOWY,Wskazania,lekarski,testowe,Prokinetyki znalazły zastosowanie w leczeniu:,gastroparezy cukrzycowej (spowolnienia opróżniania żołądka wywołanego neuropatią autonomiczną),atonicznego zaparcia nawykowego,,,,choroby lokomocyjnej,niedrożności mechanicznej jelita cienkiego,,,,EGZAMIN IWL 21 czerwca 2019,srednia
HEMOSTAZA,Wskazania,lekarski,testowe,Wskaż prawidłowe zestawienie roślina lecznicza – wskazanie:,kozłek lekarski (valeriana officinalis) – łagodne stany lękowe,dziurawiec zwyczajny (hypericum perforatum) – łagodna depresja,,,,miłorząb japoński (ginkgo biloba) – zaburzenia krzepnięcia,borówka czernica (vaccinium myrtillus) - zaparcie,,,,EGZAMIN IWL 21 czerwca 2019,niska
PADACZKA,Wskazania,lekarski,testowe,Pregabalina:,wiąże się z kanałem wapniowym w OUN,należy do leków przeciwpadaczkowych,może być stosowana przewlekle w leczeniu bólu neuropatycznego,,,zmniejsza uwalnianie kwasu glutaminowego z części presynapytycznej neuronu,,,,,EGZAMIN IWL 21 czerwca 2019,srednia
UKŁAD POKARMOWY,Klasyfikacja,lekarski,testowe,Laktuloza:,jest syntetycznym dwucukrem nie podlegającym trawieniu w p. pokarmowym,zakwasza treść jelita grubego,,,,działa maksymalnie po 6 godzinach od podania,zwiększa wchłanianie amoniaku z jelit,,,,EGZAMIN IWL 21 czerwca 2019,wysoka
CHOROBA PARKINSONA,Mechanizm działania,lekarski,testowe,Do bezpośrednich agonistów receptorów dopaminowych stosowanych w chorobie Parkinsona należy:,ropinirol,pramipeksol,,,,entakapon,rasagilina,,,,EGZAMIN IWL 21 czerwca 2019,wysoka
CHOROBA NIEDOKRWIENNA SERCA,Wskazania,lekarski,testowe,Wskaż prawdziwe stwierdzenie dotyczące benzodiazepin:,leki długodziałające w przeciwieństwie do leków krótkodziałających wywołują niepamięć następczą,"mogą spowodować nawrót dolegliwości w nasileniu większym, niż przed ich podaniem (efekt z odbicia)",leki krótkodziałające są bezpieczniejsze od leków o długim czasie działania ze względu na mniejsze ryzyko rozwoju tolerancji i uzależnienia,znalazły zastosowanie w leczeniu napadów paniki w krótkotrwałym użyciu,,,,,,,EGZAMIN IWL 21 czerwca 2019,niska
LEKI PRZECIWLĘKOWE,Mechanizm działania,lekarski,testowe,Niebenzodiazepinowe leki nasenne z grupy cyklopironów:,nie zmniejszają latencji snu,,,,,łączą się w obrębie kompleksu receptora GABA-A,mają istotne klinicznie działanie anksjolityczne,mogą być przyczyną niepamięci następczej,,,EGZAMIN IWL 21 czerwca 2019,srednia
OTĘPIENIE,Wskazania,lekarski,testowe,W leczeniu zaawansowanej choroby Alzheimera skuteczne są:,rywastygmina,piracetam,memantyna,,,amitryptylina,,,,,EGZAMIN IWL 21 czerwca 2019,wysoka
LEKI PRZECIWDEPRESYJNE,Klasyfikacja,lekarski,testowe,"Chorobę afektywną jednobiegunową (endogenny zespół depresyjny), współistniejącą z bólem przewlekłym można optymalnie leczyć:",duloksetyną,amitryptyliną,,,,wortioksetyną,tasimelteonem,,,,EGZAMIN IWL 21 czerwca 2019,wysoka
NADCIŚNIENIE TĘTNICZE,Mechanizm działania,lekarski,testowe,Nadciśnienie płucne zmniejszają:,syntetyczne analogi prostacykliny PROSTANOIDY – jedyne miejsce tych leków epoprostenol iloprost,inhibitory fosfodiesterazy 5 – SILDENAFIL ( WIAGRA),aktywatory rozpuszczalnej cyklazy guanylowej (sGC) – nowsze riocyguat,"antagoniści receptora dla endotelinyBOSENTAN, ABRYSENTAN, MACYTENTAN",,,,,,,EGZAMIN IWL 21 czerwca 2019,wysoka
ZNIECZULENIA OGÓLNE,Wskazania,lekarski,testowe,Propofol:,może być stosowany we wprowadzaniu do znieczulenia ogólnego,jest stosowany w celu sedacji osób wentylowanych mechanicznie w intensywnej opiece medycznej,,,,należy do grupy długodziałających anestetyków dożylnych,często powoduje wzrost ciśnienia tętniczego,,,,EGZAMIN IWL 21 czerwca 2019,srednia
PADACZKA,Klasyfikacja,lekarski,testowe,Do leków normotymicznych należy:,węglan litu,karbamazepina,kwas walproinowy,lamotrygina,,,,,,,EGZAMIN IWL 21 czerwca 2019,wysoka
NADCIŚNIENIE TĘTNICZE,Działania niepożądane,lekarski,testowe,Uwalnianie noradrenaliny z zakończeń presynaptycznych powoduje:,amfetamina,,,,,klonidyna,reboksetyna,moksonidyna,,,EGZAMIN IWL 21 czerwca 2019,srednia
FARMAKOKINETYKA,Farmakokinetyka,lekarski,testowe,Kinetykę liniową charakteryzuje:,stały okres półtrwania procesu,stały skład metabolitów,,,,taka sama wielkość AUC niezależne od dawki,takie samo stężenie w stanie stacjonarnym niezależnie od dawki,,,,EGZAMIN IWL 21 czerwca 2019,srednia
LEKI PRZECIWDEPRESYJNE,Wskazania,lekarski,testowe,W leczeniu uzależnienia od nikotyny celowe może być zastosowanie:,warenikliny,cytyzyny,,,,akamprozatu,naltreksonu z bupropionem,,,,EGZAMIN IWL 21 czerwca 2019,srednia
LEKI PRZECIWPSYCHOTYCZNE,Działania niepożądane,lekarski,testowe,Złośliwy zespół neuroleptyczny:,może wystąpić u osób przyjmujących neuroleptyki atypowe,może być przyczyną ilościowych i jakościowych zaburzeń świadomości,,,,cechuje się osłabieniem napięcia mięśniowego i gorączką,o dużym nasileniu może wymagać podania agonistów receptorów dopaminowych,,,,EGZAMIN IWL 21 czerwca 2019,niska
UKŁAD PRZYWSPÓŁCZULNY,Antidotum,lekarski,testowe,Rozszerzenie źrenic (mydriasis) może wystąpić w zatruciu:,Skopolaminą i atropina tez,amfetaminą,doksepiną - tlpd,,,tapentadolem,,,,,EGZAMIN IWL 21 czerwca 2019,wysoka
HORMONY PŁCIOWE,Wskazania,lekarski,testowe,Finasteryd:,jest stosowany w leczeniu łagodnego rozrostu gruczołu krokowego,hamuje łysienie typu męskiego,,,,zwiększa wytwarzanie 5-alfa-dihydrotestosteronu – inhibitor,jest stosowany w leczeniu zaburzeń wzwodu,,,,EGZAMIN IWL 21 czerwca 2019,srednia
UKŁAD PRZYWSPÓŁCZULNY,Antidotum,lekarski,testowe,Zatrucie związkami fosforoorganicznymi może wymagać zastosowania:,pralidoksymu,atropiny,,,,morfiny,diazepamu,,,,EGZAMIN IWL 21 czerwca 2019,srednia
LEKI ROŚLINNE I SUPLEMENTY,Sposób podania,lekarski,testowe,Wskaż prawdziwe stwierdzenia dotyczące suplementacji żelaza:,witamina C poprawia wchłanianie preparatów żelaza z przewodu pokarmowego,w przypadku nietolerancji doustnych preparatów żelaza może dojść do konieczności podawania żelaza dożylnie,suplementacja żelaza jest niezbędna w diecie wegańskiej (wykluczenie spożywania mięsa i innych produktów pochodzenia zwierzęcego),,,żelazo wchłania się lepiej po posiłku,,,,,EGZAMIN IWL 21 czerwca 2019,wysoka
NADCIŚNIENIE TĘTNICZE,Wskazania,lekarski,testowe,Paradoksalny efekt leku został wykorzystany w leczeniu:,nefrogennej moczówki prostej hydrochlorotiazydem,,,,,objawowego bloku przewodzenia przedsionkowo-komorowego izoprenaliną (izoproterenolem),ciężkiej hiperkalcemii furosemidem,hipotonii ortostatycznej midodryną,,,EGZAMIN IWL 21 czerwca 2019,srednia
LEKI PRZECIWHISTAMINOWE,Wskazania,lekarski,testowe,Bilastyna:,ma zastosowanie w leczeniu przewlekłego alergicznego nieżytu nosa,,,,,działa nieselektywnie na rec. H1,przenika w znacznym stopniu przez barierę krew- mózg,"silnie wpływa na aktywność izoenzymów cytochromu P450, dlatego ryzyko jej interakcji z innymi lekami jest duże",,,EGZAMIN IWL 21 czerwca 2019,srednia
CHOROBA NIEDOKRWIENNA SERCA,Mechanizm działania,lekarski,testowe,Kanały potasowe są aktywowane przez:,"Nikorandil jest we wszystkich standardach choroby wieńcowej tylko nie w polsce , agonista kanałów",diazoksyd aktywator kanałów potasowych,,,,glibenklamid,sotalol ANTAGONISTA Sotalol Glibenklamid,,,,EGZAMIN IWL 21 czerwca 2019,niska
NADCIŚNIENIE TĘTNICZE,Mechanizm działania,lekarski,testowe,"Hydralazyna: - NADCIŚNIENIE TETNICZE trochę przeszłość bo teraz się liczą moczopędne z wyboru tiazyd/tiazydopodobne – świetnie przepadane – wazodylatacyjne, a nie dlatego, że woda się wylewa tylko do dopieto po 4 tygodniach . super są antagoniści Ca , krótkodziałające są NIEDOBRE bo wachaja ciśnienie i denerwują baroreceptowy i serce szalaje bo nie wie co ma robić. AMLODYPINA JEST SUPER - mały efekt 1 przejścia, długo działająca dobre T/P LEKI BLOKUJĄCE raa Dziadowo ale trochę beta adrenolityki",stymuluje odruch z baroreceptorów,jest bezpośrednim wazodylatatorem,zmniejsza obciążenie następcze bo jest bezpośrednim wazodylatatorem wiec zmniejsza opór,może prowadzić do polekowego tocznia układowego – tylko 2 leki to powodują PROKAINAMID (arytmie ) i HYDRALAZYNA Rozkurcza naczynia na maxa Stymuluje mega nerkę,,,,,,,EGZAMIN IWL 21 czerwca 2019,wysoka
NIEWYDOLNOŚĆ SERCA,Wskazania,lekarski,testowe,Inhibitory fosfodiesterazy typu 3:,wydłużają dystans marszu bez bólu u pacjentów z chromaniem przestankowym,"mają działanie inotropowe dodatnie leki o działaniu inotropowym dodatnim, ale to ich minus bo milrinon inamrinon cilostazol ich systematyczne stosowanie działa objawowo, aleSKRACA PRZEŻYCIE . 4 LEKI DOKRÓTKIEGO PODAWANIA – tylko cilostazol ma antyagregacyjne i rozszerzające naczynia poszedł do chromania przystankowego ING PDE5 –ANGIOFOSFODIESTERAZA – NACZYNIOWE ODDZIALYWANIA. Zwiększamy cGMP",,,,są skuteczne w leczeniu zaburzeń erekcji,są stosowane długoterminowo w leczeniu niewydolności serca,,,,EGZAMIN IWL 21 czerwca 2019,wysoka
CHOROBA NIEDOKRWIENNA SERCA,Działania niepożądane,lekarski,testowe,Do działań niepożądanych azotanów można zaliczyć:,rozwój tolerancji,bóle głowy – klasyka dla leków rozszerzających,hipotensję ortostatyczną – klasyka dla leków rozszerzających Margines medycyny ale są 3 mega ważne zastosowanie,,,"nasilenie deficytu tlenowego mięśnia sercowego w stabilnej chorobie wieńcowej – właśnie je stosujemy w tej chorobie i to jest totalnie na odwrót – zmniejszają deficyt tlenowy jak wszystkie leki, które są objawowo w bólach wieńcowych",,,,,EGZAMIN IWL 21 czerwca 2019,srednia
ZABURZENIA RYTMU SERCA,Wskazania,lekarski,testowe,"U pacjentów z zespołem preekscytacji (Wolfa-Parkinsona-White’a, w którym występują dodatkowe patologiczne drogi przewodzenia przedsionkowo￾komorowego) w profilaktyce tachyarytmii przeciwwskazane jest stosowanie:",werapamilu,,,,,"Amiodaronu III klasa – ma cechy antagonisty wapniowego , to jest dirty drug ale można",sotalolu – III klasa,flekainidu – Ib,,,EGZAMIN IWL 21 czerwca 2019,wysoka
CHOROBA NIEDOKRWIENNA SERCA,Działania niepożądane,lekarski,testowe,Beta-adrenolityki w chorobie niedokrwiennej serca: - typowa choroba z deficytem,podnoszą próg migotania komór przez zapobieganie proarytmicznemu działaniu katecholamin taaak ! bardzo prawdziwe i dobre -PODNOSZĄPRÓGMIGOTANIA KOMÓR bo zmniejszają wpływ amin katecholowoychBATOMOTROPOWO UJEMNIE = ANTYARTYMICZNIE,"działają chronotropowo ujemnie, przez co zmniejszają zapotrzebowanie mięśnia sercowego na tlen –ŚWIĘTA PRAWDA – zwalnia rozrusznik przez to wolniej bije serce","w prewencji wtórnej po zawale mięśnia sercowego powinny być kardioselektywne, lipofilne i pozbawione wewnętrznej aktywności sympatykomimetycznej",,,"zmniejszają wartości ciśnienia tętniczego, co powoduje spadek przepływu przez tętnice wieńcowe – to by było niedobrze, jakbyśmy indukowali spadek przez tetnice wieńcowe, ale prawda jest, że zmniejszają wartości się ciśnienia. Ok czasem się zdarz, że jest tak małe ciśnienei, że zawał ale zwykle wieńcówka się samoreguluje",,,,,EGZAMIN IWL 21 czerwca 2019,srednia
LEKI MOCZOPĘDNE,Działania niepożądane,lekarski,testowe,Wskaż prawdziwe stwierdzenie dotyczące digoksyny: - NIE FAJNY LEK / ZMARGILIZOWANY,powoduje bloki przewodzenia przedsionkowo-komorowego -chrono i dromotropowo ujemnie zwalnia przewodzenie przedsionkowo komorowe,"jest coraz rzadziej stosowana w celu kontroli częstotliwości rytmu komór u chorych z migotaniem przedsionków - w spoczynku jest ok, ale jak pacjent się zaczyna ruszać to pojawia się niekontrolowana szybkość częstoś komór",,,,hamuje układ przywspółczulny – PROMUJE PRZYWSPÓŁCZULNY,hiperkaliemia zwiększa toksyczność digoksyny – blokuje atpaze sodowo potasową łaczy się z nia tam gdzie łączy się potas. HIPOKALIEMIA usposabnia do toksyczności,,,,EGZAMIN IWL 21 czerwca 2019,srednia
ZABURZENIA RYTMU SERCA,Działania niepożądane,lekarski,testowe,Jaki lek powoduje bradykardię zatokową i wydłużenie odstępu QTc?,Sotalol – wszystkie leki klasy I powodują bradykardie,Amiodaron – III klasa partymicznych – bradykardia Wszystkie antyartymiczne powodują bradykardie Tylko III klasa antyarytmicznych powoduje wydluzenie QT,,,,Lidokaina – bradykardia,Esmolol – wszystkie beta- adrenolityki powodują bradykardie,,,,EGZAMIN IWL 21 czerwca 2019,wysoka
NIEWYDOLNOŚĆ SERCA,Działania niepożądane,lekarski,testowe,Korzystny wpływ na przeżycie ma:,Apiksaban NOAC w napadowym migotaniu przedsionków,atorwastatyna w stabilnej chorobie wieńcowej,"milrynon w przewlekłej niewydolności serca z upośledzoną frakcją wyrzutową – niepożądane jest działanie inotropowe dodatnie wiec one szkodzą. Tutaj blok RAA i beta adrenolityki POŁĄCZONE ZE SOBĄ , oferują komfort funkcjonowania źle bijącemu sercuKORZYSTNY WPŁYW NA PRZEŻYCIE ! 45 min Gks – astma Statyny – miażdżyca | atorwa – chore nerki / rosuwa – chora wątroba Blok RAA z beta adrenolitykami – Niewydolnośc serca Antagoniści dla receptora dla aldosteronu – eplerenon > spironolakton – Niewydolnośc serca Klopidogrel / asa NIE SĄ TAK DOBRE",,,flekainid w arytmiach komorowych po zawale serca,,,,,EGZAMIN IWL 21 czerwca 2019,wysoka
FARMAKOKINETYKA,Farmakokinetyka,lekarski,testowe,"Po dożylnym podaniu 600 mg leku oznaczone stężenie początkowe (C0) leku we krwi wynosi 3 mg/l, zatem prawdą jest, że:",objętość dystrybucji wynosi Vd = 200 l to stężenie podane podzielone przez stężenie leku we krwi,"lek występuje we krwi, płynie zewnątrz- i wewnątrzkomórkowym – wiadomo, bo dużo leku itp. I musi się gdzieś rozchodzić",lek rozmieszcza się w kompartmencie głębokim,,,lek występuje w płynie mózgowo- rdzeniowym,,,,,EGZAMIN IWL 21 czerwca 2019,niska
NADCIŚNIENIE TĘTNICZE,Klasyfikacja,lekarski,testowe,"Wskaż które połączenia lekowe stanowią zagrożenie życia, a zatem są bezwzględne przeciwskazane?",ramipryl i sakubitryl,diazotan izosorbidu i wardenafil AZOTANY IANTAGONIŚCI WAPNIA BO MEGA HIPOTONIA,,,,kwas acetylosalicylowy i tykagrelor ASA + P2Y12 koniecznie łączymy !,"dobutamina i noradrenalina – doskonałe połączenie nawzajem się uzupełniają jak pacjentowi pada kardiogennie i ma ciśnienie niskie skurczowe poniżej 100 to trzeba wspomóc serce dobutaminą która jest mega lepsze niż dopamina, ona dodatkowo rozkurcza naczynia płucne.DOBUTAMINA LEPSZA OD DOPAMINY, ale ciśnienie jest przeszkoda bo ona rozkurcza naczynia bo działa na rec B2, to może zrobić kwas wiec jest potrzebnaNORADRENALINA LEPSZA OD ADRENALINY !",,,,EGZAMIN IWL 21 czerwca 2019,srednia
LEKI PRZECIWBAKTERYJNE,Działania niepożądane,lekarski,testowe,Oktenidyna: - Środek odkażający,działa bakteriobójczo w stosunku do MRSA – nadaje się do warunków szpitalnych,"może być stosowana na błony śluzowe – jasne, że mogła Skóra nie uszkodzona ! – alkohole 70% Skóra uszkodzona – związki nie działające probólowo i nie zaburzają gojenia się rany ( czyli nie dajemy cytotoksycznych ) nie mogą mieć systemowych działań, bo z rany się wchłoną .MAŁY WYBÓR NA RANE Kiedyś do 09.19r był o Jodopowidon – nowoczesny preparat jodowy, ale zabarwiał na żółto wiec, źle oceniało się rane",,,,nie nadaje się do stosowania u dzieci poniżej 3 roku życia – można,powoduje zmianę zabarwienia tkanek,,,,EGZAMIN IWL 21 czerwca 2019,srednia
ZABURZENIA RYTMU SERCA,Wskazania,lekarski,testowe,Bezwzględnym przeciwwskazaniem do podania beta-adrenolityków jest:,"objawowa hipotensja Na maksa przeciwskazania - sytuacja z astmą jest do wyjaśnienia -nebiwolol hybryda z rozkurczającym oskrzela wazodylatacyjny -BRADYKARDIAOBJAWOWA -CHOROBA RAYNO – w żadnej naczynioskurczowej, np. w chorobie wieńcowej zależnej od skurczu! -BLOK PRZEWODZENIA II STOPNIA – typu Mobitz Jeżeli pacjent ma stymulator to może dostawac nawet z blokami przewodzenia i bradykardią",,,,,migotanie przedsionków z szybką czynnością komór – to wskazanie,przewlekła obturacyjna choroba płucna – to absolutnie nie jest przeciwskazanie,nadczynność tarczycy – leczymy nimi,,,EGZAMIN IWL 21 czerwca 2019,srednia
UKŁAD WSPÓŁCZULNY,Antidotum,lekarski,testowe,Wskaż prawdziwe zestawienie lek – efekt działania:,propranolol - upośledzenie konwersji obwodowej lewotyroksyny,celiprolol – możliwość maskowania objawów hipoglikemii,metoprolol – możliwość zmniejszenia terapeutycznego działania adrenaliny Przedawkowanie beta adrenolityków – podajemy glukagon !,,,nebiwolol - zmniejszenie uwalniania endogennego tlenku azotu,,,,,EGZAMIN IWL 21 czerwca 2019,wysoka
BÓLE GŁOWY,Wskazania,lekarski,testowe,W leczeniu migrenowych bólów głowy:,sumatryptan po podaniu podskórnym zaczyna działać po 10 minutach,w profilaktyce migreny można zastosować kwas walproinowy,"naratryptan działa wolniej od sumatryptanu, ale jego zastosowanie związane jest z mniejszym ryzykiem nawrotu bólu",,,zwiększone ryzyko wystąpienia bólów głowy z nadużywania leków jest związane z przyjmowaniem tryptanów częściej niż 3 razy w miesiącu,,,,,EGZAMIN IWL 21 czerwca 2019,wysoka
NADCIŚNIENIE TĘTNICZE,Wskazania,lekarski,testowe,Wskaż prawdziwe zestawienie lek – wskazanie: - alfa adrenolityki,urapidyl – przełom nadciśnieniowy,doksazosyna – rozrost gruczołu krokowego,,,,tamsulozyna – łagodne nadciśnienie tętnicze – kłamsto i oszustro jest uroselektywna i idealna do rozrostu gruczołu krokowego – mieśnie wypieracza pęcherza moczowego zmniejsza problemy z mikcją,alfuzosyna – naglące nietrzymanie moczu,,,,EGZAMIN IWL 21 czerwca 2019,wysoka
LEKI PRZECIWWIRUSOWE,Mechanizm działania,lekarski,testowe,Wskaż prawdziwe stwierdzenia dotyczące inhibitorów konwertazy angiotensyny:,mogą spowodować ostrą niewydolność nerek ze względu na zaburzenie filtracji kłębuszkowej,nie powinny być stosowane jeśli u pacjenta rozpoznano obrzęk naczyniopochodny,wykazują działanie nefroprotekcyjne poprzez zmniejszenie ciśnienia w kłębuszkach nerkowych NIE ODSTAWIAMY ICH W COVID !,,,w razie wywołania kaszlu powinny być łączone z dekstrometorfanem,,,,,EGZAMIN IWL 21 czerwca 2019,niska
GLIKOKORTYKOSTEROIDY,Klasyfikacja,lekarski,testowe,Glikokortykosteroidy o długim czasie działania to:,betametazon,deksametazon,,,,hydrokortyzon,prednizon,,,,EGZAMIN IWL,wysoka
LEKI IMMUNOSUPRESYJNE,Mechanizm działania,lekarski,testowe,Wskaż prawidłowe połączenie lek-mechanizm działania immunosupresyjnego:,leflunomid – hamuje syntezę pirymidyny,mykofenolan mofetylu – hamuje syntezę puryn de novo,,,,cyklosporyna – hamuje kinazę serynowo-treoninową (mTOR),sirolimus – tworzy kompleks z cyklofiliną i hamuje kalcyneurynę,,,,EGZAMIN IWL,wysoka
LEKI PRZECIWBAKTERYJNE,Wskazania,lekarski,testowe,Stosowanie których leków jest związane z ryzykiem wzrostu stężenia kwasu moczowego w surowicy:,doksorubicyny,furosemidu,etambutolu,,,losartanu,W leczeniu zależności nikotynowej wskazane są:,,,,EGZAMIN IWL,niska
CHOROBA PARKINSONA,Wskazania,lekarski,testowe,Złośliwy zespół neuroleptyczny:,w leczeniu stosuje się bromokryptynę,,,,,występuje tylko przy stosowaniu klasycznych leków przeciwpsychotycznych,charakteryzuje się występowaniem hipotermii,nie wymaga odstawiania stosowanych leków przeciwpsychotycznych,,,EGZAMIN IWL,niska
LEKI PRZECIWPSYCHOTYCZNE,Działania niepożądane,lekarski,testowe,Olanzapina:,powoduje przyrost masy ciała,może być stosowana jako lek stabilizujący nastrój,"ma silne działanie hipotensyjne a – prawidłowe 1, 3 i 4 b – prawidłowe 1 i 3 c – prawidłowe 2 i 4 d – prawidłowa 4 e – wszystkie prawidłowe",,,równie często jak klasyczne neuroleptyki powoduje zaburzenia układu pozapiramidowego,,,,,EGZAMIN IWL,wysoka
UKŁAD POKARMOWY,Wskazania,lekarski,testowe,Preparaty zawierające pankreatynę stosuje się w:,przewlekłym zapaleniu trzustki,leczeniu mukowiscydozy z zajęciem trzustki,po resekcji trzustki,,,leczeniu otyłości skojarzonej z insulinoopornością,,,,,EGZAMIN IWL,srednia
UKŁAD POKARMOWY,Wskazania,lekarski,testowe,Leczenie objawowe w ostrej biegunce może obejmować:,dietę kleikową,nawodnienie doustne z zastosowaniem doustnych preparatów nawadniających,"nawodnienie dożylne 0,9% NaCl",,,stosowanie leków hamujących perystaltykę jelit,,,,,EGZAMIN IWL,niska
UKŁAD POKARMOWY,Działania niepożądane,lekarski,testowe,Papaweryna:,podana dożylnie może powodować spadek ciśnienia krwi,podana dożylnie może powodować zaburzenia rytmu serca,powoduje rozkurcz mięśniówki gładkiej przewodu pokarmowego,powoduje rozkurcz mięśniówki gładkiej dróg żółciowych,,,,,,,EGZAMIN IWL,niska
UKŁAD PRZYWSPÓŁCZULNY,Klasyfikacja,lekarski,testowe,Spazmolitykiem bezpośrednim jest:,drotaweryna,alweryna,,,,solifenacyna,metoklopramid,,,,EGZAMIN IWL,niska
LEKI PRZECIWBAKTERYJNE,Wskazania,lekarski,testowe,W leczeniu rzekomobłoniastego zapalenia jelita grubego celowe jest zastosowanie:,metronidazolu,wankomycyny,,,,erytromycyny,Sacharomyces boulardi,,,,EGZAMIN IWL,wysoka
LEKI PRZECIWBAKTERYJNE,Wskazania,lekarski,testowe,W leczeniu eradykacyjnym Helicobacter pylori obowiązują schematy:,"omeprazol, amoksycylina, metronidazol","pantoprazol, metronidazol, amoksycylina, tetracyklina",,,,"lanzoprazol, ampicylina, wankomycyna","omeprazol, amoksycylina, klindamycyna a – prawidłowe 1, 3 i 4 b – prawidłowe 1 i 3 c – prawidłowe 2 i 4 d – prawidłowa 4 e – wszystkie prawidłowe",,,,EGZAMIN IWL,wysoka
UKŁAD POKARMOWY,Działania niepożądane,lekarski,testowe,Mizoprostol:,przyspiesza regenerację błony śluzowej żołądka po zastosowaniu niesteroidowych leków przeciwzapalnych,jest przeciwwskazany u kobiet w ciąży z powodu ryzyka poronienia,powoduje biegunkę,,,powoduje ginekomastię,,,,,EGZAMIN IWL,srednia
LEKI PRZECIWBAKTERYJNE,Mechanizm działania,lekarski,testowe,Erytromycyna:,jest metabolizowana z udziałem enzymów cytochromu P-450,bezpośrednio stymuluje motorykę przewodu pokarmowego,,,,jest oporna na działanie soku żołądkowego,osiąga wysokie stężenie wewnątrzkomórkowe,,,,EGZAMIN IWL,niska
LEKI PRZECIWBAKTERYJNE,Klasyfikacja,lekarski,testowe,Azytromycyna wykazuje aktywność w stosunku do:,Mycoplasma pneumoniae,Haemophilusinfluenzae,Chlamydia pneumophila,Borrelia burgdorferi,,,,,,,EGZAMIN IWL,wysoka
LEKI PRZECIWBAKTERYJNE,Wskazania,lekarski,testowe,W leczeniu zakażeń wywołanych szczepami Staphylococcus aureus opornymi na metycylinę (MRSA ) celowe jest zastosowanie:,wankomycyny,linezolidu,,,,cyprofloksacyny,"imipenemu a – prawidłowe 1, 3 i 4 b – prawidłowe 1 i 3 c – prawidłowe 2 i 4 d – prawidłowa 4 e – wszystkie prawidłowe",,,,EGZAMIN IWL,wysoka
LEKI PRZECIWBAKTERYJNE,Wskazania,lekarski,testowe,Lewofloksacyna jest skuteczna w zakażeniach o etiologii:,Streptococcus pneumoniae,Legionella pneumophila,,,,Bacteroides fragilis,Clostridium difficile,,,,EGZAMIN IWL,wysoka
LEKI PRZECIWBAKTERYJNE,Wskazania,lekarski,testowe,W leczeniu zapalenia opon mózgowo-rdzeniowych celowe jest zastosowanie:,ceftriaksonu,cefotaksymu,,,,cefoperazonu,cefazoliny,,,,EGZAMIN IWL,wysoka
LEKI PRZECIWBAKTERYJNE,Wskazania,lekarski,testowe,Mupirocyna:,jest stosowana w postaci maści,hamuje syntetazę izoleucynową t-RNA,nie wykazuje oporności krzyżowej z innymi dostępnymi antybiotykami,jest stosowana w liszaju wywołanym gronkowcem złocistym,,,,,,,EGZAMIN IWL,wysoka
LEKI PRZECIWBAKTERYJNE,Wskazania,lekarski,testowe,Fenoksymetylpenicylina jest wskazana w leczeniu:,anginy paciorkowcowej,,,,,przewlekłego zapalenia zatok,zapalenia płuc o etiologii Mycoplasma pneumoniae,zapalenia ucha środkowego,,,EGZAMIN IWL,wysoka
LEKI PRZECIWWIRUSOWE,Przeciwwskazania,lekarski,testowe,Filgrastim:,"może zwiększać ryzyko pęknięcia śledziony a – prawidłowe 1, 3 i 4 b – prawidłowe 1 i 3 c – prawidłowe 2 i 4 d – prawidłowa 4 e – wszystkie prawidłowe",,,,,stymuluje wzrost płytek krwi,jest stosowany doustnie,jest przeciwwskazany u pacjentów z HIV,,,EGZAMIN IWL,niska
LEKI PRZECIWGRZYBICZE,Działania niepożądane,lekarski,testowe,Posakonazol:,jest aktywny wobec Candida,hamuje biosyntezę ergosterolu,może być przyczyną uszkodzenia wątroby,,,ma wysoką biodostępność po podaniu doustnym,,,,,EGZAMIN IWL,niska
LEKI PRZECIWWIRUSOWE,Wskazania,lekarski,testowe,Acyklowir:,jest używany w leczeniu półpaśca,może powodować upośledzenie czynności nerek,,,,nie może być podawany dożylnie,stosuje się go w terapii grypy,,,,EGZAMIN IWL,srednia
LEKI PRZECIWWIRUSOWE,Wskazania,lekarski,testowe,W leczeniu przewlekłego wirusowego zapalenia wątroby typu C można zastosować:,interferon alfa,rybawirynę,telaprewir,,,boceprewir,,,,,EGZAMIN IWL,wysoka
CUKRZYCA,Wskazania,lekarski,testowe,Glibenklamid:,hamuje kanały potasowe zależne od ATP w komórkach beta trzustki,może powodować hipoglikemię,może być stosowany w skojarzeniu z insuliną,,,jest lekiem pierwszego rzutu w leczeniu cukrzycy typu 2 chroniącym przed powikłaniami makroangiopatycznymi,,,,,EGZAMIN IWL,wysoka
CUKRZYCA,Klasyfikacja,lekarski,testowe,Który z wymienionych poniżej leków przeciwcukrzycowych stymuluje wydzielanie insuliny:,repaglinid,gliklazyd,,,,metformina,kanagliflozyna,,,,EGZAMIN IWL,wysoka
TARCZYCA,Monitorowanie,lekarski,testowe,Lewotyroksyna:,jest lekiem z wyboru w niedoczynności tarczycy,w trakcie jej podawania obowiązkowe jest monitorowanie stężenia TSH,,,,odpowiada ona naturalnemu hormonowi T3,nasila działanie acenokumarolu,,,,EGZAMIN IWL,srednia
UKŁAD POKARMOWY,Działania niepożądane,lekarski,testowe,Działaniem niepożądanym tiamazolu jest/są:,wysypka plamisto-grudkowa,bóle stawów,zaburzenia czynności wątroby,"agranulocytoza a – prawidłowe 1, 3 i 4 b – prawidłowe 1 i 3 c – prawidłowe 2 i 4 d – prawidłowa 4 e – wszystkie prawidłowe",,,,,,,EGZAMIN IWL,niska
NADCIŚNIENIE TĘTNICZE,Działania niepożądane,lekarski,testowe,Działaniem niepożądanym progestagenów jest:,wzrost ciśnienia tętniczego,depresja,hirsutyzm,zaburzenia libido,,,,,,,EGZAMIN IWL,niska
LEKI PRZECIWNOWOTWOROWE,Działania niepożądane,lekarski,testowe,Tamoksyfen:,to selektywny modulator receptora estrogenowego,jest wskazany w leczeniu raka sutka,,,,zwiększa ryzyko zakrzepicy żylnej,powoduje uderzenia gorąca,,,,EGZAMIN IWL,niska
HORMONY PŁCIOWE,Działania niepożądane,lekarski,testowe,Działaniem niepożądanym steroidów anabolicznych jest:,żółtaczka cholestatyczna,pęknięcie ścięgna,bezpłodność,maskulinizacja u kobiet,,,,,,,EGZAMIN IWL,srednia
HORMONY PŁCIOWE,Wskazania,lekarski,testowe,Finasteryd:,zmniejsza wytwarzanie dihydrotestosteronu,jest stosowany w leczeniu łagodnego rozrostu gruczołu krokowego,może powodować ginekomastię,,,jest stosowany w leczeniu zaburzeń wzwodu,,,,,EGZAMIN IWL,srednia
HORMONY PŁCIOWE,Wskazania,lekarski,testowe,W leczeniu łysienia androgenowego u mężczyzn celowe jest zastosowanie:,minoksydylu,,,,,etynyloestradiolu,klobetazolu,tamsulozyny,,,EGZAMIN IWL,niska
NADCIŚNIENIE TĘTNICZE,Wskazania,lekarski,testowe,Niesteroidowe leki przeciwzapalne:,zmniejszają skuteczność hipotensyjną beta-adrenolityków,mogą być przyczyną zaostrzenia niewydolności serca,mogą powodować zaostrzenie objawów astmy,"u noworodków ułatwiają zamknięcie przetrwałego przewodu tętniczego (Botalla) a – prawidłowe 1, 3 i 4 b – prawidłowe 1 i 3 c – prawidłowe 2 i 4 d – prawidłowa 4 e – wszystkie prawidłowe",,,,,,,EGZAMIN IWL,niska
NIEOPIOIDOWE LEKI PRZECIWBÓLOWE,Wskazania,lekarski,testowe,Wskaż prawidłowe połączenie leku i jego zastosowania:,kwas acetylosalicylowy - profilaktyka wtórna zawału serca,ibuprofen - bolesne miesiączkowanie,,,,kwas acetylosalicylowy - gorączka w grypie u 4-letniego dziecka,paracetamol - ból głowy po nadużyciu etanolu,,,,EGZAMIN IWL,wysoka
ZNIECZULENIA MIEJSCOWE,Klasyfikacja,lekarski,testowe,Do leków działających miejscowo przeciwbólowo należy/ą:,kapsaicyna,lidokaina,,,,propofol,izofluran,,,,EGZAMIN IWL,srednia
UKŁAD PRZYWSPÓŁCZULNY,Wskazania,lekarski,testowe,W kolce nerkowej uzasadnione jest podanie:,butylobromku skopolaminy doodbytniczo,,,,,metamizolu dożylnie,papaweryny doustnie,oksyfenonium doustnie,,,EGZAMIN IWL,niska
NARKOTYCZNE LEKI PRZECIWBÓLOWE,Wskazania,lekarski,testowe,Ból przebijający można skutecznie opanować stosując lek opioidowy w postaci:,podskórnej,systemu transdermalnego (TTS),podjęzykowej,doustnej o natychmiastowym uwalnianiu,,,,,,,EGZAMIN IWL,srednia
UKŁAD POKARMOWY,Klasyfikacja,lekarski,testowe,Objawy zespołu abstynencyjnego w przebiegu uzależnienia od opioidów to:,ziewanie,biegunka,"piloerekcja („gęsia skóra”) a – prawidłowe 1, 3 i 4 b – prawidłowe 1 i 3 c – prawidłowe 2 i 4 d – prawidłowa 4 e – wszystkie prawidłowe",,,senność,,,,,EGZAMIN IWL,niska
NADCIŚNIENIE TĘTNICZE,Wskazania,lekarski,testowe,Klonidyna:,jest agonistą receptora alfa-2 adrenergicznego,działa hipotensyjnie,,,,jest przeciwwskazana w leczeniu spastyczności,jest stosowana w terapii choroby afektywnej jednobiegunowej,,,,EGZAMIN IWL,srednia
UKŁAD WSPÓŁCZULNY,Mechanizm działania,lekarski,testowe,Receptory beta-adrenergiczne aktywuje:,dopamina,efedryna,indakaterol,,,moksonidyna,,,,,EGZAMIN IWL,wysoka
UKŁAD WSPÓŁCZULNY,Mechanizm działania,lekarski,testowe,Receptory alfa-1 adrenergiczne blokuje:,labetalol,haloperydol,doksazosyna,,,nafazolina,,,,,EGZAMIN IWL,wysoka
UKŁAD WSPÓŁCZULNY,Klasyfikacja,lekarski,testowe,Długotrwałe stosowanie którego leku/ów wymaga wolnego odstawiania:,atenololu,fluoksetyny,prednizonu,,,paracetamolu,,,,,EGZAMIN IWL,niska
UKŁAD WSPÓŁCZULNY,Działania niepożądane,lekarski,testowe,Działaniem niepożądanym antagonistów receptora beta-adrenergicznego jest:,bradykardia,bloki przewodzenia przedsionkowo-komorowego,,,,wzrost ciśnienia śródgałkowego,zakrzepowe zapalenie żył,,,,EGZAMIN IWL,srednia
STANY NAGŁE,Wskazania,lekarski,testowe,Adrenalina znalazła zastosowanie:,w terapii wstrząsu anafilaktycznego,w resuscytacji krążeniowo-oddechowej bez względu na mechanizm zatrzymania krążenia,jako dodatek do leków miejscowo znieczulających,,,w terapii arytmii nadkomorowych,,,,,EGZAMIN IWL,wysoka
CHOROBA PARKINSONA,Wskazania,lekarski,testowe,Bromokryptyna może być stosowana w leczeniu:,akromegalii,mlekotoku,zaburzeń cyklu miesiączkowego,"hipogonadyzmu a – prawidłowe 1, 3 i 4 b – prawidłowe 1 i 3 c – prawidłowe 2 i 4 d – prawidłowa 4 e – wszystkie prawidłowe",,,,,,,EGZAMIN IWL,niska
NADCIŚNIENIE TĘTNICZE,Klasyfikacja,lekarski,testowe,Długodziałającą pochodną dihydropirydyny jest:,lerkanidypina,amlodypina,,,,nifedypina,nimodypina,,,,EGZAMIN IWL,wysoka
ZABURZENIA RYTMU SERCA,Wskazania,lekarski,testowe,W resuscytacji krążeniowo-oddechowej u osoby z zaburzeniami rytmu serca do defibrylacji zastosujesz dodatkowo:,amiodaron 300 mg w krótkim 10-minutowym wlewie i.v,,,,,"lidokainę 100 mg w bolusie i.v., a następnie wlewie ciągłym i.v",propafenon 70 mg w krótkim wstrzyknięciu i.v,adenozynę co 2 min w trzech kolejnych szybkich wstrzyknięciach i.v. 3 mg-6 mg-12mg,,,EGZAMIN IWL,wysoka
ZABURZENIA RYTMU SERCA,Klasyfikacja,lekarski,testowe,"Amiodaron jest lekiem, który:",działa słabo adrenolitycznie,jest słabym antagonistą kanałów wapniowych,wydłuża odstęp QT przez blokowanie kanałów potasowych Ikr,,,w istotny sposób blokuje kanały sodowe,,,,,EGZAMIN IWL,srednia
NIEOPIOIDOWE LEKI PRZECIWBÓLOWE,Klasyfikacja,lekarski,testowe,Ryzyko sercowo-naczyniowe zwiększają:,diklofenak,celekoksyb,,,,naproksen,paracetamol,,,,EGZAMIN IWL,wysoka
NADCIŚNIENIE TĘTNICZE,Wskazania,lekarski,testowe,"Enzymem, którego blokowanie może być przydatne w leczeniu nadciśnienia tętniczego jest:",endotelina,"konwertaza angiotensyny a – prawidłowe 1, 3 i 4 b – prawidłowe 1 i 3 c – prawidłowe 2 i 4 d – prawidłowa 4 e – wszystkie prawidłowe",,,,syntaza aldosteronu,neprylizyna,,,,EGZAMIN IWL,niska
UKŁAD WSPÓŁCZULNY,Klasyfikacja,lekarski,testowe,Charakterystycznym działaniem związanym ze stosowaniem beta-adrenolityków w chorobie wieńcowej jest:,zwiększenie oporu obwodowego,,,,,zwiększenie objętości późnorozkurczowej,zwiększenie kurczliwości mięśnia serca,zmniejszenie zapotrzebowania serca na tlen,,,EGZAMIN IWL,niska
UKŁAD WSPÓŁCZULNY,Działania niepożądane,lekarski,testowe,Nebiwolol:,aktywuje receptory beta-3 adrenergiczne,jest szczególnie przydatny u pacjentów z cukrzycą,,,,równie często jak inne beta-adrenolityki powoduje zaburzenia erekcji,wykazuje działanie antyoksydacyjne,,,,EGZAMIN IWL,wysoka
NADCIŚNIENIE TĘTNICZE,Mechanizm działania,lekarski,testowe,Nefroprotekcyjne działanie inhibitorów ACE wynika z:,rozkurczu naczyń odprowadzających kłębuszka nerkowego,zmniejszenia hiperfiltracji kłębuszkowej,,,,rozkurczu naczyń doprowadzających kłębuszka nerkowego,zahamowania aktywności współczulnej,,,,EGZAMIN IWL,niska
HEMOSTAZA,Klasyfikacja,lekarski,testowe,Do leków działających za pośrednictwem czynnika Xa należy:,enoksaparyna,fondaparynuks,rywaroksaban,,,dabigatran,,,,,EGZAMIN IWL,wysoka
HEMOSTAZA,Wskazania,lekarski,testowe,Jako profilaktykę przeciwzakrzepową udaru niedokrwiennego mózgu u pacjenta zmigotaniem przedsionków dopuszczalne jest zastosowanie:,fondaparynuksu,,,,,warfaryny,biwalirudyny,dabigatranu,,,EGZAMIN IWL,wysoka
HEMOSTAZA,Mechanizm działania,lekarski,testowe,Tikagrelor:,odwracalnie blokuje receptor purynergiczny P2Y12,działa 3-4 dni,,,,jest lekiem prekursorowym,"wymaga redukcji dawki w niewydolności nerek a – prawidłowe 1, 3 i 4 b – prawidłowe 1 i 3 c – prawidłowe 2 i 4 d – prawidłowa 4 e – wszystkie prawidłowe",,,,EGZAMIN IWL,srednia
LEKI HIPOLIPEMIZUJĄCE,Wskazania,lekarski,testowe,Po zastosowaniu statyn obserwuje się:,zwiększenie liczby receptorów LDL,zwiększenie katabolizmu LDL,nasilenie wątrobowego wychwytu prekursorów LDL,zwiększenie stężenia HDL,,,,,,,EGZAMIN IWL,niska
LEKI HIPOLIPEMIZUJĄCE,Mechanizm działania,lekarski,testowe,Ezetymib:,zmniejsza stężenie cholesterolu LDL,hamuje wchłanianie cholesterolu z przewodu pokarmowego,,,,zmniejsza stężenie glukozy,zmniejsza stężenia triglicerydów,,,,EGZAMIN IWL,srednia
NIEWYDOLNOŚĆ SERCA,Wskazania,lekarski,testowe,Eplerenon jest:,diuretykiem oszczędzającym potas,bardziej selektywnym antagonistą aldosteronu niż spironolakton,,,,wskazany w leczeniu migotania przedsionków,przekształcany do aktywnego metabolitu – kanrenonu,,,,EGZAMIN IWL,srednia
NADCIŚNIENIE TĘTNICZE,Farmakokinetyka,lekarski,testowe,Hydrochlorotiazyd:,zmniejsza wydalanie wapnia z moczem,może być stosowany w nerkopochodnej moczówce prostej,,,,jest lekiem podawanym dożylnie,zmniejsza wydalanie magnezu z moczem,,,,EGZAMIN IWL,niska
LEKI MOCZOPĘDNE,Mechanizm działania,lekarski,testowe,Zasadowicę metaboliczną mogą powodować:,diuretyki pętlowe,tiazydy,,,,inhibitory anhydrazy węglanowej,diuretyki oszczędzające potas,,,,EGZAMIN IWL,srednia
UKŁAD POKARMOWY,Farmakokinetyka,lekarski,testowe,W schyłkowej niewydolności wątroby dochodzi do zaburzeń:,wiązania leków z białkami,"klirensu leków a – prawidłowe 1, 3 i 4 b – prawidłowe 1 i 3 c – prawidłowe 2 i 4 d – prawidłowa 4 e – wszystkie prawidłowe",,,,wchłaniania leków z przewodu pokarmowego,dystrybucji leków,,,,EGZAMIN IWL,srednia
STANY NAGŁE,Antidotum,lekarski,testowe,Jeśli eGFR ≥ 60 ml/min to nastąpi kumulacja (przedawkowanie):,żadnego z wyżej wymienionych typów leków,,,,,leków wydalanych w > 90% przez nerki,leków wymagających podawania dawki wysycającej,leków o bardzo wąskim wskaźniku terapeutycznym,,,EGZAMIN IWL,niska
UKŁAD WSPÓŁCZULNY,Mechanizm działania,lekarski,testowe,Bromek ipratropium:,jest antagonistą receptora muskarynowego (M3),rozkurcza mięśniówkę oskrzeli,,,,jest agonistą receptora beta 2 adrenergicznego,działa silnie przeciwzapalnie,,,,EGZAMIN IWL,srednia
UKŁAD ODDECHOWY,Mechanizm działania,lekarski,testowe,Dekstrometorfan:,ma mały potencjał uzależniający,hamuje odruch kaszlowy,,,,jest lekiem wykrztuśnym,działa przeciwwymiotnie,,,,EGZAMIN IWL,wysoka
UKŁAD ODDECHOWY,Wskazania,lekarski,testowe,N-acetylocysteina:,jest stosowana w zatruciu paracetamolem,może być stosowana dożylnie,działa mukolitycznie,,,jest przeciwwskazana w mukowiscydozie,,,,,EGZAMIN IWL,srednia
LEKI MOCZOPĘDNE,Wskazania,lekarski,testowe,W leczeniu jaskry ma zastosowanie:,tymolol,latanoprost,brymonidyna,dorzolamid,,,,,,,EGZAMIN IWL,niska
LEKI PRZECIWBAKTERYJNE,Klasyfikacja,lekarski,testowe,"Pozagałkowe zapalenie nerwu wzrokowego, grożące zanikiem nerwu wzrokowego i utratą wzroku, może być następstwem terapii:","etambutolem a – prawidłowe 1, 3 i 4 b – prawidłowe 1 i 3 c – prawidłowe 2 i 4 d – prawidłowa 4 e – wszystkie prawidłowe",,,,,ryfamipicyną,pirazynamidem,ofloksacyną,,,EGZAMIN IWL,wysoka
LEKI PRZECIWPASOŻYTNICZE,Klasyfikacja,lekarski,testowe,"Dla korzystających z ofert last– minute, udających się w rejony endemiczne malarii w ramach tzw. szybkiej profilaktyki zalecana jest:",meflochina,chlorochina,,,,doksycyklina,atowakwon + proguanil,,,,EGZAMIN IWL,wysoka
LEKI PRZECIWNOWOTWOROWE,Klasyfikacja,lekarski,testowe,"Zamiana automatyczna = substytucja, którą może przeprowadzić farmaceuta przy realizacji recepty, obejmuje preparaty zawierające:",ondansetron,,,,,epoetynę alfa,L-tyroksynę,filgrastym,,,EGZAMIN IWL,niska
LEKI PRZECIWNOWOTWOROWE,Wskazania,lekarski,testowe,Inhibitorem kinazy białkowej BCR-ABL o przełomowym znaczeniu w leczeniu przewlekłej białaczki szpikowej jest/są:,imatinib,,,,,bortezomib,talidomid,azacytydyna,,,EGZAMIN IWL,niska
UKŁAD POKARMOWY,Klasyfikacja,lekarski,testowe,Gentamicyna:,słabo wchłania się z przewodu pokarmowego,jest transportowana do wnętrza komórek w procesie zależnym od tlenu,wykazuje zależną od stężenia aktywność bakteriobójczą,może spowodować ostrą niewydolność nerek,,,,,,,EGZAMIN IWL,niska
FARMAKOKINETYKA,Farmakokinetyka,lekarski,testowe,Kinetykę liniową charakteryzuje:,stały okres półtrwania procesu,stały skład metabolitów,,,,stałe AUC niezależne od dawki,"stałe stężenie w stanie stacjonarnym niezależnie od dawki a – prawidłowe 1, 3 i 4 b – prawidłowe 1 i 3 c – prawidłowe 2 i 4 d – prawidłowa 4 e – wszystkie prawidłowe",,,,EGZAMIN IWL,srednia
LEKI MOCZOPĘDNE,Wskazania,lekarski,testowe,Wskazaniem do zastosowania wapnia jest:,ciężka hiperkaliemia,osteopenia,tężyczka,przewlekła niewydolność nerek ze skłonnością do hiperfosfatemii,,,,,,,EGZAMIN IWL,niska
OSTEOPOROZA,Działania niepożądane,lekarski,testowe,Witamina D:,ma działanie endokrynne,powszechne są jej pierwotne niedobory związane z małą ekspozycjąna promieniowanie UV,jej niedobór powoduje zwiększenie stężenia PTH,w monoterapii w dużych dawkach jest skuteczna w zapobieganiu osteoporotycznym złamaniom kości,,,,,,,EGZAMIN IWL,niska
UKŁAD PRZYWSPÓŁCZULNY,Klasyfikacja,lekarski,testowe,Przez barierę krew-mózg przenika:,atropina,skopolamina,,,,butylobromek hioscyny,ipratropium,,,,EGZAMIN IWL,wysoka
UKŁAD WSPÓŁCZULNY,Wskazania,lekarski,testowe,W celu zahamowania czynności skurczowej macicy stosuje się:,fenoterol,,,,,ergometrynę,siarczan magnezu,atomoksetynę,,,EGZAMIN IWL,niska
LEKI PRZECIWHISTAMINOWE,Wskazania,lekarski,testowe,Cetyryzyna:,selektywnie blokuje receptory H1,ma zastosowanie w leczeniu przewlekłego alergicznego nieżytu nosa,,,,dobrze przenika przez barierę krew- mózg,może być stosowana od 2 r. ż,,,,EGZAMIN IWL,srednia
LEKI PRZECIWHISTAMINOWE,Wskazania,lekarski,testowe,Leki drugiej generacji blokujące receptor H1 w porównaniu z lekami pierwszej generacji:,"są w znaczącym stopniu pozbawione działania sedatywnego a – prawidłowe 1, 3 i 4 b – prawidłowe 1 i 3 c – prawidłowe 2 i 4 d – prawidłowa 4 e – wszystkie prawidłowe",,,,,działają dłużej,mogą być stosowane w postaci wstrzyknięć,są skuteczne w leczeniu pokrzywki idiopatycznej,,,EGZAMIN IWL,srednia
LEKI PRZECIWBAKTERYJNE,Klasyfikacja,lekarski,testowe,Uwalnianie histaminy zwiększa/ją:,wankomycyna,tubokuraryna,,,,środki cieniujące zawierające jod,morfina,,,,EGZAMIN IWL,niska
UKŁAD PRZYWSPÓŁCZULNY,Klasyfikacja,lekarski,testowe,Działanie cholinolityczne występuje po podaniu:,hydroksyzyny,,,,,haloperydolu,bilastyny,imipraminy,,,EGZAMIN IWL,niska
LEKI PRZECIWNOWOTWOROWE,Farmakokinetyka,lekarski,testowe,Metotreksat:,jest antymetabolitem,wykazuje działanie immunosupresyjne,jest wskazany do stosowania w łuszczycy,jest wskazany do stosowania w skojarzonym leczeniu wielolekowym ostrych białaczek,,,,,,,EGZAMIN IWL,niska
LEKI IMMUNOSUPRESYJNE,Klasyfikacja,lekarski,testowe,"Humanizowanym przeciwciałem monoklonalnym, czyli przeciwciałem mającym w 90% sekwencję ludzką, jest:",daklizumab LEKI PRZECIWGRZYBICZE,,,,,rytuksymab,etanercept,adalimumab,,,EGZAMIN IWL,wysoka
LEKI PRZECIWGRZYBICZE,Wskazania,lekarski,testowe,Flucytozyna,Ma ograniczone zastosowanie w monoterapi,Jest stosowana w s kojarzeniu z lekami wypływającymi na intergralność błony komótkowej,"Przekształcona jest do 5- fluorouracylu, który jest wbudowywany w miejsce uracylu w rna co zaburza syntezę białek",Dobrze penetruje do oun,,Ma bardzo szeroki zakres działania,,,,,EGZAMIN IWL,niska
LEKI PRZECIWGRZYBICZE,Wskazania,lekarski,testowe,Lekiem który zastosujesz w leczeniu doustnej grzybicy paznikciowej jest,Flukonazol,Terbinafina,Itrakonazol,,,Amorolfina,,,,,EGZAMIN IWL,wysoka
LEKI PRZECIWGRZYBICZE,Wskazania,lekarski,testowe,W leczeniu zakażenia OUN zastosujesz,Amfoterycyne B w kompleksach lipidowych,Liposomalną amfoterycynę B,,,,Klasyczną amfoterycynę B,Kaspofunginę,,,,EGZAMIN IWL,srednia
LEKI PRZECIWGRZYBICZE,Wskazania,lekarski,testowe,Wskazaniem do doustnej terapii p-grzybiczej jest,Rozległe zmiany skórne,Nieskuteczność leczenia miejscowego,Grzybica inwazyjna,,,Grzybica paznokci pojedynczych płytek paznokciowych zlokalizowanych na powierzchni płytki paznokciowej i ograniczonej do dystalnej płytki paznokcia,,,,,EGZAMIN IWL,niska
LEKI PRZECIWGRZYBICZE,Wskazania,lekarski,testowe,Liposomalna postać amfoterycyny b w porównaniu do konwencjonalnej,Może być stosowana w grzybiczych zakażeniach oun,W mniejszym stopniu zaburza czynność nerek,Może być stosowana w większych dawakach,,,W miniejszym stopniu zaburza czynność wątroby,Ma szeresze spektrum,,,,EGZAMIN IWL,srednia
LEKI PRZECIWGRZYBICZE,Klasyfikacja,lekarski,testowe,Który z azoli nie wymaga korekcji w niewydolności nerek gfr,Izawukonazol,Worykonazol,Pozakonazol,,,Flukonazol,,,,,EGZAMIN IWL,wysoka
LEKI PRZECIWGRZYBICZE,Wskazania,lekarski,testowe,W leczeniu zakażenia układu moczowego Candida Crusei,Klasyczyna amfoterycyna b,,,,,Kaspofungine,Amfoterycyne b w kompleksach lipidowych,Liposomalna amfoterycyne b,,,EGZAMIN IWL,wysoka
LEKI PRZECIWGRZYBICZE,Wskazania,lekarski,testowe,Które z leków ma zastosowanie w leczeniu grzybicy głębokiej aspergillus,Worykonazol,kaspofungina PRZEWÓD POKARMOWY,,,,Flukonazol,Ketokonazol,Nystatyna,,,EGZAMIN IWL,wysoka
UKŁAD POKARMOWY,Mechanizm działania,lekarski,testowe,Schemat eradykacji helocobacter pylori,Przynajmniej 2 leków przeciwbakteryjnych,IPP w podwójnej dawce,Soli bizmutu,,,Leku neutralizaującego,Antagonisty recptora histaminowego H2,Neomycyny,Sukralfatu,,EGZAMIN IWL,srednia
UKŁAD POKARMOWY,Wskazania,lekarski,testowe,Właściwe dla pankreatyny,Nie powinna być stosowana w ostrym zap trzustku,Zawiera lipazę amylazę i proteazę,,,,Jest stosowana w niewydolności trzustki w przebiegu mukowiscydozy,Jest podawana doustnie i parenteralnie,Dawkowanie należy ustalić indywidualnie zależnie od masy ciała pacjenta,,,EGZAMIN IWL,srednia
UKŁAD POKARMOWY,Mechanizm działania,lekarski,testowe,Wskaż prawidłowe połączenie lek – mechanizm,Itopryd – antagonista D2,Cyzapryd – agonista 5-HT4,,,,Loperamid – antagonista opioidowych,Famotydyna – agonista H2,,,,EGZAMIN IWL,wysoka
UKŁAD POKARMOWY,Wskazania,lekarski,testowe,Wskaż prawidłowe,Leczenie zaparć większości przypadków polega na zastosowaniu własciewej diety i stylu życia,Środki przeczyszczające różnią się między sobą miejscem działania,,,,Przwelekłe stosowanie opiodów to przeciwskazanie do leków przeczyszczających,Zaparcia nawykowe są wskazaniem do leków przeczyszczających,Leki przeczyszczające działają przyczynowo,,,EGZAMIN IWL,srednia
UKŁAD POKARMOWY,Klasyfikacja,lekarski,testowe,Wskaż prawdziwe,Odwar z kory dębu stosowany do płukania jamy ustnej działa ściągająco,,,,,Odwar z kory kruszyny działa zapierająco,Wyciąg z czarnej rzodkwi łagodzi dolegliwości w zaostrzeniu kamnicy żółciowej,Wyciag z karczocha działa regenerująco na hepatocyty,,,EGZAMIN IWL,niska
LEKI PRZECIWBAKTERYJNE,Wskazania,lekarski,testowe,Leki osłaniające nie nadają się do ambulatoryjnego leczenia owrzodzenia żołądka,"Wymagają ścisłego reżimu dawkowania powyżej 4 razy na dobę, na czczo",,,,,Są silnie toksyczne nawet u pacjentów z prawidłową czynnościa nerek,Są nieskuteczne,Za drogie,Powodują kolonializację przez helicobacter,,EGZAMIN IWL,niska
LEKI PRZECIWBAKTERYJNE,Wskazania,lekarski,testowe,Wskaż wskazania do wyższych niż standarowe dawki ipp,Gastinoma,Krawaienie z przewodu pokarmowego,Eradykacja helicobacter,,,Zapalenie przełyku,Dyspepsja,,,,EGZAMIN IWL,srednia
LEKI HIPOLIPEMIZUJĄCE,Działania niepożądane,lekarski,testowe,Ryzyko miopatii i rabdomiolizy w stosowaniu symwastatyny wzzrasta w przypadku,Jednoczesnego stosowania klarytomycyny,Stosowaniu max dawki terepeutycznej,Jednoczesne stosowanie posakonazolu,Nadużywanie alkoholu,,Nadczynoości tarczycy,Palenia tytoniu,Młodych mężczyzn,,,EGZAMIN IWL,niska
LEKI HIPOLIPEMIZUJĄCE,Monitorowanie,lekarski,testowe,Prawidłowe stwierdzenie,Maksymalny wpływ statyny w określonej dawce na stężenie ldl-c w surowicy zostaje osiągnięty po 7-10 dniach jej stosowania,Ryzyko uszkodzenia mięśni szkieletowych przez statyny zwiększa się wraz ze stosowaną dawką,"Przed włączeniem statyny należy oznaczyć aktywność aminotranswerazy alaninowej alat w surowicy, ale potem monitorowanie wątrobowych testów nie jest zalecane",,,Statyny działają równie skurczenie u wszystkich chorych w tym także u pacjentów z homozygotyczną postacią rodzinnej hipercholesterolemii,Dołączenie fibratów lub pochodnych niacyny do statyn zmniejsza ryzyko powikłań sercowo naczyniowych w porównaniu z monoterapią statyną,,,,EGZAMIN IWL,wysoka
LEKI HIPOLIPEMIZUJĄCE,Wskazania,lekarski,testowe,Wskaż prawdziwe na temat inhibitorów pcsk9,"Stanowią istotną opcję terapeutyczną u pacjentów z hipercholesterolemią, którzy nie mogą statyn",Powodują zwiększanie gęstości rec dla ldl na hepatocytach,Sa przeciwciałami monoklonalnymi,,,Wchodzą w wiele interakcji,Najskuteczniej wśród leków hipolipomiczujących zmniejszają stężenie TG w surowicy,,,,EGZAMIN IWL,wysoka
LEKI HIPOLIPEMIZUJĄCE,Wskazania,lekarski,testowe,Spadek ldl o 50% tg o 25% i hdl wzsot o 10 % można się spodziewać po zastosowaniu odpowiedniej dawki,Rozuwastatyny,,,,,DHA + EPA,Ezetymib,Fenofibratu,Kolesewelamu,,EGZAMIN IWL,wysoka
LEKI HIPOLIPEMIZUJĄCE,Wskazania,lekarski,testowe,Łączne zastosowanie symwastatyny i flukonazolu,Wpływa istitnie na ryzyko wystąpienie działań niepożądach statyny,,,,,Może spowodować niebezpieczne dla życia zaburzenia rytmu serca,Wiąże się ze zmniejszeniem skutecznego leczenia przeciwgrzybiczego w wyniku zmniejszania działania flukonazolu,Wiąże się ze zwiększonym ryzykiem rabdomiolizy w wyniku indukcji metabolizmu statyny do aktywnych metabolitów,,,EGZAMIN IWL,wysoka
LEKI PRZECIWDEPRESYJNE,Klasyfikacja,lekarski,testowe,Zmniejszenia masy ciała można się spodziewać w trakcie stosowania,Bupropionu,Marihuany leczniczej,Metforminy,,,Prednizonu,L- karnityny,Rysperydonu,Sertraliny,,EGZAMIN IWL,srednia
LEKI HIPOLIPEMIZUJĄCE,Wskazania,lekarski,testowe,Ezetymib zastosujesz w hipercholesterolemii,W skojarzeniu ze statynami,W monoterapii jak nie można statyn,Jeśli stosowanie statyny w maxymalnej dawce nie daje pożądanego efektu,,,Jako lek pierwszego rzutu,W skojarzeniu z fibratami,Jeśli stosowanie 2 statyn nie daje pożądanego efektu,,,EGZAMIN IWL,wysoka
FARMAKOKINETYKA,Interakcje,lekarski,testowe,Statyny istonie różnią się farmakologicznie i klinicznie,T1/2 co ma wpływ na chronofarmakoterapię – wieczorem lub bez względu na porę dnia,Eliminacją przez nerki w postaci niezmienionej co ma wpływ na wybór w przewlekłej chorobie nerek,Metabolizmem przez cyp3a4 co ma wpływ na interakcje lekowe prowadzącej do miopatii,,,Lipofilnościa co ma wpływ na ich biodostępność,Wiązaniem z białkami krwi co ma wpływ na rozwój cukrzycy polekowej,,,,EGZAMIN IWL,wysoka
TARCZYCA,Klasyfikacja,lekarski,testowe,Farmakologiczne leczenie otyłości,Miraglutyd,Orlistat,,,,Deksfenfluraminę,Sibutraminę,Lewotyroksynę,,,EGZAMIN IWL,niska
LEKI HIPOLIPEMIZUJĄCE,Klasyfikacja,lekarski,testowe,Działanie plejotropowe statyn wynika z,Zwiększenie stntezty NO,Korzystny wpływ na hemostazę,Hamowanie syntezty IL – 6 I TNFalfa ODDECHOWE,,,Zwiększenie stęż białka c reaktywnego,Zwiększenie aktywności NK,,,,EGZAMIN IWL,niska
UKŁAD ODDECHOWY,Klasyfikacja,lekarski,testowe,Wskaż prawdziwe omalizumab,To rekombinowane humanizowane przeciwciało monoklonalne przeciwko ige,Zmniejsza liczbę zaostrzeń i hospitalizacji w ciężkiej astmie alergicznej,,,,To rekombinowane ludzkie przeciwciało przeciwko IL-5,Jest podawany w nebulizacji,Jest stosowany u osob z astmą niealergiczna,,,EGZAMIN IWL,wysoka
ZABURZENIA RYTMU SERCA,Działania niepożądane,lekarski,testowe,Do działań niepożądanych indakaterolu należy,Zwiększone ryzyko wydłużenia QT przy przedawkowaniu,Hiperglikemia,,,,Bradykardia,Hiperkaliemia,Nasilenie działania gks,,,EGZAMIN IWL,niska
UKŁAD ODDECHOWY,Klasyfikacja,lekarski,testowe,Działanie p- kaszlowe wykazuje,Butamirat,Dekstrometorfan,Dihydrokodeina,,,Loperamid,Ambroksol,Lewopromazyna,,,EGZAMIN IWL,wysoka
UKŁAD ODDECHOWY,Wskazania,lekarski,testowe,Gks w leczeniu astmy oskrzelowej,działają przeciwzapalnie +/,zapobiegają rozwojowi tolerancji na B2-adrenomimetyki +/,są stosowane w stanie astmatyczny,,,zmniejszają niebezpieczeństwo wystąpienia zapalenia płuc,zwiększają efektywność cholinolityków,,,,EGZAMIN IWL,srednia
